t(s),Total solute volume 1,Total retention volume 1,Total 1 volume 1,Total 2 volume 1,Total 3 volume 1,Total 4 volume 1,Total 5 volume 1,Total 6 volume 1
0,1.0410857772626118e+17,2.3120733467683822e+20,1.4548167332142294e+16,1.8548032395571572e+16,1.4007404395115542e+17,6.560249107068411e+17,1.4025022262132656e+19,2.1624900868259145e+20
