t(s),Total solute volume 1,Total retention volume 1,Total 1 volume 1,Total 2 volume 1,Total 3 volume 1,Total 4 volume 1,Total 5 volume 1,Total 6 volume 1
0,1.1999214403838304e+20,1.1172886578234248e+23,6.152497233576406e+22,4.870349495676086e+22,6.667565226186007e+20,1.7868257669395884e+20,1.3405371844006738e+20,4.009135280273354e+20
