t(s),Total solute volume 1,Total retention volume 1,Total 1 volume 1,Total 2 volume 1,Total 3 volume 1,Total 4 volume 1,Total 5 volume 1,Total 6 volume 1
0,5.331000576703257e+17,8.897306547140007e+22,5.560848088934841e+17,1.2219752934206108e+18,2.266029835025891e+19,3.4954191822193374e+20,1.944680750090696e+22,6.915174459376117e+22
