t(s),Total solute volume 1,Total retention volume 1,Total 1 volume 1,Total 2 volume 1,Total 3 volume 1,Total 4 volume 1,Total 5 volume 1,Total 6 volume 1
0,5.331000576703257e+17,2.49382668953221e+20,5.560848088934841e+17,1.2219752934206108e+18,9.5236615890136e+16,5.2183293564441165e+17,2.5354091953310798e+19,2.211003472883912e+20
