t(s),Total solute volume 1,Total retention volume 1,Total 1 volume 1,Total 2 volume 1,Total 3 volume 1,Total 4 volume 1,Total 5 volume 1,Total 6 volume 1
0,1.122294944848212e+17,4.215361581307674e+20,1.720192593325329e+16,2.2487444393871428e+16,2.1078642431509696e+17,1.282439722712032e+18,3.0152230251939287e+19,3.897387828669886e+20
