t(s),Total solute volume 1,Total retention volume 1,Total 1 volume 1,Total 2 volume 1,Total 3 volume 1,Total 4 volume 1,Total 5 volume 1,Total 6 volume 1
0,2.5417881604872016e+17,1.6353863171092265e+18,1.0655456735803997e+17,1.8292710984074672e+17,214973262262656.38,806916329989693.0,3.1372032721962132e+16,1.0593319015475036e+18
