t(s),Total solute volume 1,Total retention volume 1,Total 1 volume 1,Total 2 volume 1,Total 3 volume 1,Total 4 volume 1,Total 5 volume 1,Total 6 volume 1
0,5.74157916659942e+18,7.035714615497827e+21,1.1155733650881687e+20,5.3600706402624864e+20,1.0223053226702951e+21,1.301454794850652e+21,1.0327267091065814e+21,3.025921809168565e+21
