t(s),Total solute volume 1,Total retention volume 1,Total 1 volume 1,Total 2 volume 1,Total 3 volume 1,Total 4 volume 1,Total 5 volume 1,Total 6 volume 1
0,1.4509118010472559e+19,2.888439352847076e+23,8.782046250079989e+20,5.232424008980733e+21,7.659306368227403e+22,7.041461736273615e+22,6.032002196099782e+22,7.539109452669759e+22
