t(s),Total solute volume 1,Total retention volume 1,Total 1 volume 1,Total 2 volume 1,Total 3 volume 1,Total 4 volume 1,Total 5 volume 1,Total 6 volume 1
0,2.838052749429945e+17,1.5810575081650684e+20,1.3626480534992328e+17,2.426887464870655e+17,2.9087914858054384e+16,1.1612691765851453e+17,4.86172790917569e+18,1.5243604924803498e+20
