t(s),Total solute volume 1,Total retention volume 1,Total 1 volume 1,Total 2 volume 1,Total 3 volume 1,Total 4 volume 1,Total 5 volume 1,Total 6 volume 1
0,1.314985697153493e+17,4.737292070836494e+18,2.4495440733375292e+16,3.375873907587926e+16,2304715521702560.5,6196774482316118.0,1.4776728289462387e+17,4.391270548413418e+18
