t(s),Total solute volume 1,Total retention volume 1,Total 1 volume 1,Total 2 volume 1,Total 3 volume 1,Total 4 volume 1,Total 5 volume 1,Total 6 volume 1
0,4.756651887055506e+16,9.16201964125088e+17,2534742031225772.5,2489019978208219.0,2518438101644889.5,4395854535633477.0,4.831650255165838e+16,8.08380888056157e+17
