t(s),Total solute volume 1,Total retention volume 1,Total 1 volume 1,Total 2 volume 1,Total 3 volume 1,Total 4 volume 1,Total 5 volume 1,Total 6 volume 1
0,6.160605045081409e+17,8.383434398395165e+22,7.67830629749285e+17,1.7706017440084913e+18,3.1018622192519963e+19,4.3037788231258636e+20,2.053061540841838e+22,6.283917757815025e+22
