t(s),Total solute volume 1,Total retention volume 1,Total 1 volume 1,Total 2 volume 1,Total 3 volume 1,Total 4 volume 1,Total 5 volume 1,Total 6 volume 1
0,6.160605045081409e+17,3.293551139012299e+22,7.67830629749285e+17,1.7706017440084913e+18,1.5296466384127015e+19,1.2545899963035989e+20,5.570706324405988e+21,2.7220895106824418e+22
