t(s),Total solute volume 1,Total retention volume 1,Total 1 volume 1,Total 2 volume 1,Total 3 volume 1,Total 4 volume 1,Total 5 volume 1,Total 6 volume 1
0,1.4297083041559683e+17,9.642891912761247e+17,2.9520321540870584e+16,4.183413466422628e+16,329932396098668.4,922620342814614.0,2.3445157992178016e+16,7.252661939243308e+17
