t(s),Total solute volume 1,Total retention volume 1,Total 1 volume 1,Total 2 volume 1,Total 3 volume 1,Total 4 volume 1,Total 5 volume 1,Total 6 volume 1
0,5.263409243820472e+16,1.28836261580018e+19,3176956375550943.5,3226718800086626.5,2.3471934854953988e+16,1.0262285316638237e+17,1.3639199567954388e+18,1.133457364557127e+19
