t(s),Total solute volume 1,Total retention volume 1,Total 1 volume 1,Total 2 volume 1,Total 3 volume 1,Total 4 volume 1,Total 5 volume 1,Total 6 volume 1
0,1.433399386980134e+18,8.60937335093317e+22,5.050972524890161e+18,1.5430230570377777e+19,3.092248737614652e+20,4.734118590552617e+21,2.854200813488765e+22,5.248646730764632e+22
