t(s),Total solute volume 1,Total retention volume 1,Total 1 volume 1,Total 2 volume 1,Total 3 volume 1,Total 4 volume 1,Total 5 volume 1,Total 6 volume 1
0,1.7065136209902323e+17,7.492973068245429e+20,4.381099764971746e+16,6.585874551544885e+16,2.2786652785987994e+17,8.574738542492197e+17,2.53248396828919e+19,7.226068056542772e+20
