t(s),Total solute volume 1,Total retention volume 1,Total 1 volume 1,Total 2 volume 1,Total 3 volume 1,Total 4 volume 1,Total 5 volume 1,Total 6 volume 1
0,2.073332087427378e+19,1.933838081374647e+23,1.9346913512456716e+21,1.1315073985465211e+22,6.491155109722647e+22,3.548850375879594e+22,2.8383657536426617e+22,5.132959708742915e+22
