t(s),Total solute volume 1,Total retention volume 1,Total 1 volume 1,Total 2 volume 1,Total 3 volume 1,Total 4 volume 1,Total 5 volume 1,Total 6 volume 1
0,9.026506572834251e+16,2.522224251794372e+18,1.0582167792312242e+16,1.2864965809597988e+16,2347765689444169.0,5249818116834165.0,9.387048948644168e+16,2.3070439791714284e+18
