t(s),Total solute volume 1,Total retention volume 1,Total 1 volume 1,Total 2 volume 1,Total 3 volume 1,Total 4 volume 1,Total 5 volume 1,Total 6 volume 1
0,4.071819960099205e+17,7.15142437754217e+21,3.048573828454969e+17,6.123728968341585e+17,1.5794432787824223e+18,8.371760402086885e+18,4.208353258401878e+20,6.719313435745433e+21
