t(s),Total solute volume 1,Total retention volume 1,Total 1 volume 1,Total 2 volume 1,Total 3 volume 1,Total 4 volume 1,Total 5 volume 1,Total 6 volume 1
0,7.301727964015883e+19,4.0321819937834395e+23,2.7111952799558177e+22,4.446286275392808e+22,1.0023264473972176e+23,8.073369079083e+22,7.042129209724331e+22,8.018273891742373e+22
