t(s),Total solute volume 1,Total retention volume 1,Total 1 volume 1,Total 2 volume 1,Total 3 volume 1,Total 4 volume 1,Total 5 volume 1,Total 6 volume 1
0,2.838052749429945e+17,6.034234564301616e+18,1.3626480534992328e+17,2.426887464870655e+17,994401676609103.4,3949529654921756.0,1.6529016205944035e+17,5.201241644130679e+18
