t(s),Total solute volume 1,Total retention volume 1,Total 1 volume 1,Total 2 volume 1,Total 3 volume 1,Total 4 volume 1,Total 5 volume 1,Total 6 volume 1
0,3.184149623986931e+17,3.864446961268261e+22,1.761415583916261e+17,3.2597540298476077e+17,5.087393323819308e+18,6.347968688645461e+19,3.300038256409118e+21,3.527504374413939e+22
