t(s),Total solute volume 1,Total retention volume 1,Total 1 volume 1,Total 2 volume 1,Total 3 volume 1,Total 4 volume 1,Total 5 volume 1,Total 6 volume 1
0,7.412634750021373e+16,2.72932149655077e+19,6819284532587502.0,7763492501330356.0,3.2827809706337508e+16,9.55663433585756e+16,1.5158077056626465e+18,2.5560303982245663e+19
