t(s),Total solute volume 1,Total retention volume 1,Total 1 volume 1,Total 2 volume 1,Total 3 volume 1,Total 4 volume 1,Total 5 volume 1,Total 6 volume 1
0,1.5593745071291005e+17,1.193886684241547e+21,3.5828426689998184e+16,5.226428756416006e+16,3.796843167060218e+17,1.8673349412872274e+18,5.321903496139325e+19,1.13817659985717e+21
