t(s),Total solute volume 1,Total retention volume 1,Total 1 volume 1,Total 2 volume 1,Total 3 volume 1,Total 4 volume 1,Total 5 volume 1,Total 6 volume 1
0,4.999990884535286e+16,1.853451758115297e+17,2833151015773908.0,2828700406760327.0,358083818161605.44,590470217243587.5,6703160378533474.0,1.2203170112970254e+17
