t(s),Total solute volume 1,Total retention volume 1,Total 1 volume 1,Total 2 volume 1,Total 3 volume 1,Total 4 volume 1,Total 5 volume 1,Total 6 volume 1
0,1.433399386980134e+18,8.258224443343452e+21,5.050972524890161e+18,1.5430230570377775e+19,4.1031152493529375e+19,3.4958853005955354e+20,1.982259786600357e+21,5.863430371707674e+21
