t(s),Total solute volume 1,Total retention volume 1,Total 1 volume 1,Total 2 volume 1,Total 3 volume 1,Total 4 volume 1,Total 5 volume 1,Total 6 volume 1
0,7.898873006952949e+16,9.915705462397878e+16,7857626411464600.0,9137075296732168.0,3933640993764.393,8111125174366.107,130781238062379.36,3030796842023153.0
