t(s),Total solute volume 1,Total retention volume 1,Total 1 volume 1,Total 2 volume 1,Total 3 volume 1,Total 4 volume 1,Total 5 volume 1,Total 6 volume 1
0,7.654339330001997e+18,2.8821214784047754e+23,2.1174029546635192e+20,1.1075853577564208e+21,3.888294877002388e+22,8.649475106893476e+22,7.818402400553532e+22,8.332344400342781e+22
