t(s),Total solute volume 1,Total retention volume 1,Total 1 volume 1,Total 2 volume 1,Total 3 volume 1,Total 4 volume 1,Total 5 volume 1,Total 6 volume 1
0,7.654339330001997e+18,7.998036604025666e+22,2.1174029546635166e+20,1.1075853577564208e+21,1.7162472917813378e+22,1.7119198333510902e+22,1.3512740927841879e+22,3.085897386853689e+22
