t(s),Total solute volume 1,Total retention volume 1,Total 1 volume 1,Total 2 volume 1,Total 3 volume 1,Total 4 volume 1,Total 5 volume 1,Total 6 volume 1
0,9.682243045823266e+16,1.3948516440984146e+19,1.2374155389646972e+16,1.5399323190154844e+16,1.1726289280462786e+16,2.828434948431526e+16,5.3526475483934854e+17,1.324864513834238e+19
