t(s),Total solute volume 1,Total retention volume 1,Total 1 volume 1,Total 2 volume 1,Total 3 volume 1,Total 4 volume 1,Total 5 volume 1,Total 6 volume 1
0,2.1550923634800276e+18,1.9139669093848268e+23,1.2543579337050872e+19,4.387601538914759e+19,1.450588852476705e+21,3.2358623923717334e+22,7.519726663715477e+22,8.23316368380432e+22
