t(s),Total solute volume 1,Total retention volume 1,Total 1 volume 1,Total 2 volume 1,Total 3 volume 1,Total 4 volume 1,Total 5 volume 1,Total 6 volume 1
0,9.026506572834251e+16,9.00490325227577e+17,1.0582167792312242e+16,1.2864965809597988e+16,769541399570535.1,1706153242238602.2,3.048897324287638e+16,7.538134580126446e+17
