t(s),Total solute volume 1,Total retention volume 1,Total 1 volume 1,Total 2 volume 1,Total 3 volume 1,Total 4 volume 1,Total 5 volume 1,Total 6 volume 1
0,5.331000576703257e+17,1.434808448273743e+22,5.560848088934841e+17,1.2219752934206108e+18,5.167736165942333e+18,3.3115635446912967e+19,1.6282406130411346e+21,1.2679249337923563e+22
