t(s),Total solute volume 1,Total retention volume 1,Total 1 volume 1,Total 2 volume 1,Total 3 volume 1,Total 4 volume 1,Total 5 volume 1,Total 6 volume 1
0,1.433399386980134e+18,2.8723964949317978e+22,5.050972524890161e+18,1.5430230570377777e+19,1.3083270414676602e+20,1.3090992461304127e+21,7.520872296105505e+21,1.9741246100453642e+22
