t(s),Total solute volume 1,Total retention volume 1,Total 1 volume 1,Total 2 volume 1,Total 3 volume 1,Total 4 volume 1,Total 5 volume 1,Total 6 volume 1
0,6.5666411056726936e+16,3.835428951990608e+19,5203971956357368.0,5689972671683596.0,4.6871691483053896e+16,2.4538855681799885e+17,3.921614921014294e+18,3.406385399490664e+19
