t(s),Total solute volume 1,Total retention volume 1,Total 1 volume 1,Total 2 volume 1,Total 3 volume 1,Total 4 volume 1,Total 5 volume 1,Total 6 volume 1
0,5.263409243820472e+16,2.480737222141533e+18,3176956375550943.5,3226718800086626.5,5754043491092859.0,1.1351793025792304e+16,1.3563808949987837e+17,2.26895552851092e+18
