t(s),Total solute volume 1,Total retention volume 1,Total 1 volume 1,Total 2 volume 1,Total 3 volume 1,Total 4 volume 1,Total 5 volume 1,Total 6 volume 1
0,7.301727964015883e+19,2.386629660633995e+23,2.7111952799558177e+22,4.446286275392808e+22,6.514524857521014e+22,3.0774765721790787e+22,2.4384080811784835e+22,4.671103812148903e+22
