t(s),Total solute volume 1,Total retention volume 1,Total 1 volume 1,Total 2 volume 1,Total 3 volume 1,Total 4 volume 1,Total 5 volume 1,Total 6 volume 1
0,7.301727964015883e+19,2.8478209298903577e+23,2.7111952799558177e+22,4.446286275392808e+22,7.759533770934647e+22,4.295935572923795e+22,3.481649941139748e+22,5.776306730593112e+22
