t(s),Total solute volume 1,Total retention volume 1,Total 1 volume 1,Total 2 volume 1,Total 3 volume 1,Total 4 volume 1,Total 5 volume 1,Total 6 volume 1
0,3.184149623986931e+17,1.421075225928721e+22,1.761415583916261e+17,3.259754029847607e+17,2.303889879661682e+18,1.3861104818959567e+19,6.412735986036429e+20,1.355249313406116e+22
