t(s),Total solute volume 1,Total retention volume 1,Total 1 volume 1,Total 2 volume 1,Total 3 volume 1,Total 4 volume 1,Total 5 volume 1,Total 6 volume 1
0,1.0410857772626118e+17,1.0877040971151003e+20,1.4548167332142294e+16,1.8548032395571572e+16,7.409110670312608e+16,2.3805723465999555e+17,4.864636027920942e+18,1.0345642056477139e+20
