t(s),Total solute volume 1,Total retention volume 1,Total 1 volume 1,Total 2 volume 1,Total 3 volume 1,Total 4 volume 1,Total 5 volume 1,Total 6 volume 1
0,5.859579698822926e+16,9.725368162498755e+18,4036115571689510.5,4248607036429529.5,1.7433556546712526e+16,4.63091335867976e+16,6.149372232357743e+17,8.979807729533172e+18
