t(s),Total solute volume 1,Total retention volume 1,Total 1 volume 1,Total 2 volume 1,Total 3 volume 1,Total 4 volume 1,Total 5 volume 1,Total 6 volume 1
0,1.0417779541760956e+19,3.0745925767615614e+23,4.2060845695740917e+20,2.3786086414986547e+21,6.141847482182781e+22,8.52353640308455e+22,7.565197673884494e+22,8.234380720663665e+22
