t(s),Total solute volume 1,Total retention volume 1,Total 1 volume 1,Total 2 volume 1,Total 3 volume 1,Total 4 volume 1,Total 5 volume 1,Total 6 volume 1
0,2.5417881604872016e+17,6.468782087238409e+18,1.0655456735803997e+17,1.8292710984074672e+17,1166613820881626.5,4380016834813584.5,1.7029316438358554e+17,5.749281798951583e+18
