t(s),Total solute volume 1,Total retention volume 1,Total 1 volume 1,Total 2 volume 1,Total 3 volume 1,Total 4 volume 1,Total 5 volume 1,Total 6 volume 1
0,5.331000576703257e+17,1.708335425196467e+19,5.560848088934841e+17,1.2219752934206108e+18,5700581255089650.0,3.115566140630746e+16,1.513478318657082e+18,1.3221859530661724e+19
