t(s),Total solute volume 1,Total retention volume 1,Total 1 volume 1,Total 2 volume 1,Total 3 volume 1,Total 4 volume 1,Total 5 volume 1,Total 6 volume 1
0,2.5417881604872016e+17,3.915427244739793e+18,1.0655456735803997e+17,1.8292710984074672e+17,663909739666527.5,2492312190337567.0,9.68991641489225e+16,3.2717113654133565e+18
