t(s),Total solute volume 1,Total retention volume 1,Total 1 volume 1,Total 2 volume 1,Total 3 volume 1,Total 4 volume 1,Total 5 volume 1,Total 6 volume 1
0,1.0417779541760956e+19,2.2392346785249012e+23,4.2060845695740917e+20,2.3786086414986547e+21,5.2428084520142345e+22,5.539503076146754e+22,4.632649573874213e+22,6.696422195414243e+22
