t(s),Total solute volume 1,Total retention volume 1,Total 1 volume 1,Total 2 volume 1,Total 3 volume 1,Total 4 volume 1,Total 5 volume 1,Total 6 volume 1
0,2.5417881604872016e+17,1.920880223337734e+22,1.0655456735803997e+17,1.8292710984074672e+17,2.688645144148043e+18,3.1573447137829646e+19,1.4410161347092705e+21,1.7732980345892854e+22
