t(s),Total solute volume 1,Total retention volume 1,Total 1 volume 1,Total 2 volume 1,Total 3 volume 1,Total 4 volume 1,Total 5 volume 1,Total 6 volume 1
0,1.7065136209902323e+17,9.0258571791445e+17,4.381099764971746e+16,6.585874551544885e+16,204399272124521.34,625679232810716.5,1.818399001975166e+16,6.032505441255585e+17
