t(s),Total solute volume 1,Total retention volume 1,Total 1 volume 1,Total 2 volume 1,Total 3 volume 1,Total 4 volume 1,Total 5 volume 1,Total 6 volume 1
0,4.756651887055506e+16,5.306217340796926e+16,2534742031225772.5,2489019978208219.0,1428722225673.0527,2271375153670.9663,24795405209243.945,443397025392134.2
