t(s),Total solute volume 1,Total retention volume 1,Total 1 volume 1,Total 2 volume 1,Total 3 volume 1,Total 4 volume 1,Total 5 volume 1,Total 6 volume 1
0,4.6444135142887546e+17,1.1689392444749308e+22,4.088535341100352e+17,8.580895293571514e+17,3.1818630704261535e+18,1.878613748355272e+19,9.597727555562289e+20,1.0705920304224225e+22
