t(s),Total solute volume 1,Total retention volume 1,Total 1 volume 1,Total 2 volume 1,Total 3 volume 1,Total 4 volume 1,Total 5 volume 1,Total 6 volume 1
0,6.160605045081409e+17,6.999310567506049e+22,7.67830629749285e+17,1.7706017440084913e+18,2.7556358945593475e+19,3.318005827207337e+20,1.545661627550366e+22,5.4173977965013655e+22
