t(s),Total solute volume 1,Total retention volume 1,Total 1 volume 1,Total 2 volume 1,Total 3 volume 1,Total 4 volume 1,Total 5 volume 1,Total 6 volume 1
0,2.5417881604872016e+17,7.37907132539782e+21,1.0655456735803997e+17,1.8292710984074672e+17,1.2671347879823532e+18,7.000912624267704e+18,2.8143156112805256e+20,7.088828056364211e+21
