t(s),Total solute volume 1,Total retention volume 1,Total 1 volume 1,Total 2 volume 1,Total 3 volume 1,Total 4 volume 1,Total 5 volume 1,Total 6 volume 1
0,3.049370426842634e+19,2.780644434400034e+22,4.502339012740615e+21,2.2082334505202914e+22,5.674171199436324e+20,1.5615148418908108e+20,1.171654839311291e+20,3.5054303372465884e+20
