t(s),Total solute volume 1,Total retention volume 1,Total 1 volume 1,Total 2 volume 1,Total 3 volume 1,Total 4 volume 1,Total 5 volume 1,Total 6 volume 1
0,4.999990884535286e+16,5.114914767653473e+18,2833151015773908.0,2828700406760327.0,1.1871718276776196e+16,3.039962698662299e+16,3.59084344935889e+17,4.6578973171863e+18
