t(s),Total solute volume 1,Total retention volume 1,Total 1 volume 1,Total 2 volume 1,Total 3 volume 1,Total 4 volume 1,Total 5 volume 1,Total 6 volume 1
0,4.6444135142887546e+17,1.7501736195419283e+19,4.088535341100352e+17,8.580895293571511e+17,4559867190585163.0,2.3261243474513664e+16,1.1753846651122598e+18,1.4567146004745814e+19
