t(s),Total solute volume 1,Total retention volume 1,Total 1 volume 1,Total 2 volume 1,Total 3 volume 1,Total 4 volume 1,Total 5 volume 1,Total 6 volume 1
0,9.682243045823266e+16,1.3729414500371643e+17,1.2374155389646972e+16,1.5399323190154844e+16,10995745818921.076,25168343507429.418,474512973350788.3,1.2187558903006882e+16
