t(s),Total solute volume 1,Total retention volume 1,Total 1 volume 1,Total 2 volume 1,Total 3 volume 1,Total 4 volume 1,Total 5 volume 1,Total 6 volume 1
0,7.171273444608589e+17,1.2518681545585258e+22,1.0775438795249249e+18,2.613815739480852e+18,9.30087506820774e+18,6.598551353241746e+19,2.305899655634385e+21,1.013308701438677e+22
