t(s),Total solute volume 1,Total retention volume 1,Total 1 volume 1,Total 2 volume 1,Total 3 volume 1,Total 4 volume 1,Total 5 volume 1,Total 6 volume 1
0,1.7473117771507889e+18,1.0864377660411917e+23,7.856350728538215e+18,2.56333736483743e+19,6.183355230853014e+20,1.0478389277067349e+22,3.7190234868348497e+22,6.032157989946354e+22
