t(s),Total solute volume 1,Total retention volume 1,Total 1 volume 1,Total 2 volume 1,Total 3 volume 1,Total 4 volume 1,Total 5 volume 1,Total 6 volume 1
0,1.7065136209902323e+17,8.134936110356446e+18,4.381099764971746e+16,6.585874551544885e+16,2578086065696173.0,7907065536379818.0,2.298326356482563e+17,7.614297217841877e+18
