t(s),Total solute volume 1,Total retention volume 1,Total 1 volume 1,Total 2 volume 1,Total 3 volume 1,Total 4 volume 1,Total 5 volume 1,Total 6 volume 1
0,3.184149623986931e+17,1.6708719458633232e+21,1.761415583916261e+17,3.259754029847607e+17,3.032544352410677e+17,1.32962296056115e+18,5.98504032448479e+19,1.6085681332989007e+21
