t(s),Total solute volume 1,Total retention volume 1,Total 1 volume 1,Total 2 volume 1,Total 3 volume 1,Total 4 volume 1,Total 5 volume 1,Total 6 volume 1
0,6.197674773403082e+16,3.626515273222895e+18,4574148913662800.0,4905847431427061.0,6467951447458011.0,1.315858979582864e+16,1.7751830974621142e+17,3.3579136781542676e+18
