t(s),Total solute volume 1,Total retention volume 1,Total 1 volume 1,Total 2 volume 1,Total 3 volume 1,Total 4 volume 1,Total 5 volume 1,Total 6 volume 1
0,4.6444135142887546e+17,2.7715583847162318e+22,4.088535341100352e+17,8.58089529357151e+17,6.965197443091238e+18,5.0606992101493875e+19,2.634978107281954e+21,2.502130216592055e+22
