t(s),Total solute volume 1,Total retention volume 1,Total 1 volume 1,Total 2 volume 1,Total 3 volume 1,Total 4 volume 1,Total 5 volume 1,Total 6 volume 1
0,5.331000576703257e+17,5.3313529100494986e+22,5.560848088934841e+17,1.2219752934206106e+18,1.6037490431255687e+19,1.613979846779589e+20,8.328116772692449e+21,4.4805665692532865e+22
