t(s),Total solute volume 1,Total retention volume 1,Total 1 volume 1,Total 2 volume 1,Total 3 volume 1,Total 4 volume 1,Total 5 volume 1,Total 6 volume 1
0,5.263409243820472e+16,6.936471960668278e+16,3176956375550944.0,3226718800086626.5,26164114450231.176,43839975881449.82,517354418590988.7,9739593483917254.0
