t(s),Total solute volume 1,Total retention volume 1,Total 1 volume 1,Total 2 volume 1,Total 3 volume 1,Total 4 volume 1,Total 5 volume 1,Total 6 volume 1
0,1.4297083041559683e+17,3.1857542677785645e+17,2.9520321540870584e+16,4.183413466422628e+16,45869961730115.64,128220090035586.31,3258174613894419.5,1.0081787549150146e+17
