t(s),Total solute volume 1,Total retention volume 1,Total 1 volume 1,Total 2 volume 1,Total 3 volume 1,Total 4 volume 1,Total 5 volume 1,Total 6 volume 1
0,9.026506572834251e+16,2.0766450278272385e+19,1.0582167792312242e+16,1.2864965809597988e+16,1.938892187100757e+16,4.77730270204563e+16,8.604001520168685e+17,1.9725175978034053e+19
