t(s),Total solute volume 1,Total retention volume 1,Total 1 volume 1,Total 2 volume 1,Total 3 volume 1,Total 4 volume 1,Total 5 volume 1,Total 6 volume 1
0,2.838052749429945e+17,1.9746913478514752e+18,1.3626480534992328e+17,2.426887464870655e+17,242886407380452.16,964555152576335.5,4.036682000448946e+16,1.2703582595070438e+18
