t(s),Total solute volume 1,Total retention volume 1,Total 1 volume 1,Total 2 volume 1,Total 3 volume 1,Total 4 volume 1,Total 5 volume 1,Total 6 volume 1
0,9.026506572834251e+16,4.304748938123543e+18,1.0582167792312242e+16,1.2864965809597988e+16,4070163302303051.5,9187122044575872.0,1.6438169104585117e+17,4.0133977624005606e+18
