t(s),Total solute volume 1,Total retention volume 1,Total 1 volume 1,Total 2 volume 1,Total 3 volume 1,Total 4 volume 1,Total 5 volume 1,Total 6 volume 1
0,2.1550923634800276e+18,8.219992074532334e+20,1.2543579337050872e+19,4.387601538914759e+19,1.1793524264707019e+19,8.421466270974385e+19,1.6660428380481844e+20,5.008120495842846e+20
