t(s),Total solute volume 1,Total retention volume 1,Total 1 volume 1,Total 2 volume 1,Total 3 volume 1,Total 4 volume 1,Total 5 volume 1,Total 6 volume 1
0,8.413405339804337e+17,2.2772887094297501e+21,1.538843815742955e+18,3.9368564749678444e+18,2.681783884170767e+18,1.8564652676740264e+19,4.62344786084853e+20,1.7873804459592458e+21
