t(s),Total solute volume 1,Total retention volume 1,Total 1 volume 1,Total 2 volume 1,Total 3 volume 1,Total 4 volume 1,Total 5 volume 1,Total 6 volume 1
0,8.434622358698939e+16,4.426528247601271e+19,9096397638945638.0,1.0811486824468592e+16,4.3135152998572376e+16,1.2816488062937317e+17,2.2345525377786417e+18,4.1755175796555915e+19
