t(s),Total solute volume 1,Total retention volume 1,Total 1 volume 1,Total 2 volume 1,Total 3 volume 1,Total 4 volume 1,Total 5 volume 1,Total 6 volume 1
0,3.5908603530687936e+17,2.193800833664259e+19,2.3031334757874176e+17,4.4365248646884774e+17,4137747876143222.0,1.8533255946703332e+16,8.845319989549457e+17,1.9997753464510317e+19
