t(s),Total solute volume 1,Total retention volume 1,Total 1 volume 1,Total 2 volume 1,Total 3 volume 1,Total 4 volume 1,Total 5 volume 1,Total 6 volume 1
0,3.5908603530687936e+17,4.411441564499177e+22,2.3031334757874176e+17,4.4365248646884774e+17,6.49184080037153e+18,7.143306656617039e+19,3.794036380504612e+21,4.024142130525115e+22
