t(s),Total solute volume 1,Total retention volume 1,Total 1 volume 1,Total 2 volume 1,Total 3 volume 1,Total 4 volume 1,Total 5 volume 1,Total 6 volume 1
0,5.859579698822926e+16,1.0989519009658189e+17,4036115571689510.5,4248607036429529.5,90191896241217.69,159838300638795.53,2048660208236573.2,4.071598009511675e+16
