t(s),Total solute volume 1,Total retention volume 1,Total 1 volume 1,Total 2 volume 1,Total 3 volume 1,Total 4 volume 1,Total 5 volume 1,Total 6 volume 1
0,6.160605045081409e+17,1.054531061372565e+22,7.67830629749285e+17,1.7706017440084913e+18,5.420745983604306e+18,3.537480698497859e+19,1.5392645534675365e+21,8.962096014411429e+21
