t(s),Total solute volume 1,Total retention volume 1,Total 1 volume 1,Total 2 volume 1,Total 3 volume 1,Total 4 volume 1,Total 5 volume 1,Total 6 volume 1
0,1.4297083041559683e+17,8.581641691970403e+19,2.9520321540870584e+16,4.183413466422628e+16,3.690782924815452e+16,1.0870061673601402e+17,2.772516674156367e+18,8.268396651294386e+19
