t(s),Total solute volume 1,Total retention volume 1,Total 1 volume 1,Total 2 volume 1,Total 3 volume 1,Total 4 volume 1,Total 5 volume 1,Total 6 volume 1
0,8.434622358698939e+16,3.926583081289629e+18,9096397638945638.0,1.0811486824468592e+16,4173872407469745.0,9150709140803052.0,1.5547929478133862e+17,3.653525096909571e+18
