t(s),Total solute volume 1,Total retention volume 1,Total 1 volume 1,Total 2 volume 1,Total 3 volume 1,Total 4 volume 1,Total 5 volume 1,Total 6 volume 1
0,6.160605045081409e+17,1.739789415225355e+20,7.67830629749285e+17,1.7706017440084913e+18,9.21876088720751e+16,5.4185612707844474e+17,2.339654620515844e+19,1.4679385870316052e+20
