t(s),Total solute volume 1,Total retention volume 1,Total 1 volume 1,Total 2 volume 1,Total 3 volume 1,Total 4 volume 1,Total 5 volume 1,Total 6 volume 1
0,1.0417779541760956e+19,3.176033080634872e+23,4.2060845695740917e+20,2.3786086414986547e+21,6.226258844753872e+22,8.902688281811655e+22,7.96375690491236e+22,8.386663287071227e+22
