t(s),Total solute volume 1,Total retention volume 1,Total 1 volume 1,Total 2 volume 1,Total 3 volume 1,Total 4 volume 1,Total 5 volume 1,Total 6 volume 1
0,9.026506572834251e+16,1.26070389432158e+20,1.0582167792312242e+16,1.2864965809597988e+16,9.653917356544075e+16,4.415567962797724e+17,8.523994615219514e+18,1.1689458664776537e+20
