t(s),Total solute volume 1,Total retention volume 1,Total 1 volume 1,Total 2 volume 1,Total 3 volume 1,Total 4 volume 1,Total 5 volume 1,Total 6 volume 1
0,4.388031255538536e+18,1.0295454391249569e+23,6.12580002685351e+19,2.7044583928840333e+20,6.731204183116721e+21,2.6278106927332952e+22,2.37155040794854e+22,4.5893636851748435e+22
