t(s),Total solute volume 1,Total retention volume 1,Total 1 volume 1,Total 2 volume 1,Total 3 volume 1,Total 4 volume 1,Total 5 volume 1,Total 6 volume 1
0,7.654339330001997e+18,4.278929083252034e+21,2.117402954663517e+20,1.1075853577564208e+21,7.673205121026418e+20,5.403909592622378e+20,4.140066952443637e+20,1.2302309240899395e+21
