t(s),Total solute volume 1,Total retention volume 1,Total 1 volume 1,Total 2 volume 1,Total 3 volume 1,Total 4 volume 1,Total 5 volume 1,Total 6 volume 1
0,2.5417881604872016e+17,2.4783200762494525e+19,1.0655456735803997e+17,1.8292710984074672e+17,4770883926090697.0,1.792849874887005e+16,6.970966101828978e+17,2.351974427638924e+19
