t(s),Total solute volume 1,Total retention volume 1,Total 1 volume 1,Total 2 volume 1,Total 3 volume 1,Total 4 volume 1,Total 5 volume 1,Total 6 volume 1
0,1.213101554250879e+17,5.776857300836356e+20,2.046233060134811e+16,2.7452473202875316e+16,2.5597126704750614e+17,1.5425940973655813e+18,3.81456768912941e+19,5.375722628686845e+20
