t(s),Total solute volume 1,Total retention volume 1,Total 1 volume 1,Total 2 volume 1,Total 3 volume 1,Total 4 volume 1,Total 5 volume 1,Total 6 volume 1
0,1.5593745071291005e+17,2.2859042593440206e+20,3.5828426689998184e+16,5.226428756416006e+16,8.37922763891777e+16,2.6895474748927917e+17,7.351214709742536e+18,2.2064243403581794e+20
