t(s),Total solute volume 1,Total retention volume 1,Total 1 volume 1,Total 2 volume 1,Total 3 volume 1,Total 4 volume 1,Total 5 volume 1,Total 6 volume 1
0,5.859579698822926e+16,1.6400157751528755e+18,4036115571689510.5,4248607036429529.5,3217803604674724.5,6066736425854412.0,7.810557443245589e+16,1.4857451410935404e+18
