t(s),Total solute volume 1,Total retention volume 1,Total 1 volume 1,Total 2 volume 1,Total 3 volume 1,Total 4 volume 1,Total 5 volume 1,Total 6 volume 1
0,1.0417779541760956e+19,3.173083076231407e+23,4.2060845695740917e+20,2.3786086414986547e+21,6.223867054153655e+22,8.891628777072216e+22,7.952042715002016e+22,8.382328728285744e+22
