t(s),Total solute volume 1,Total retention volume 1,Total 1 volume 1,Total 2 volume 1,Total 3 volume 1,Total 4 volume 1,Total 5 volume 1,Total 6 volume 1
0,7.412634750021373e+16,4.264890034545858e+19,6819284532587502.0,7763492501330356.0,4.767324418291386e+16,1.75097708425354e+17,2.8556287194161316e+18,3.948179154889872e+19
