t(s),Total solute volume 1,Total retention volume 1,Total 1 volume 1,Total 2 volume 1,Total 3 volume 1,Total 4 volume 1,Total 5 volume 1,Total 6 volume 1
0,3.41080351854199e+18,2.356394681416329e+20,3.4926673833597546e+19,1.42115214248461e+20,2.7628731924739804e+18,1.0463255770838966e+19,1.0485394999207526e+19,3.1475252578506244e+19
