t(s),Total solute volume 1,Total retention volume 1,Total 1 volume 1,Total 2 volume 1,Total 3 volume 1,Total 4 volume 1,Total 5 volume 1,Total 6 volume 1
0,1.7473117771507889e+18,3.3532543763226674e+21,7.856350728538216e+18,2.56333736483743e+19,2.9024404575560466e+19,2.34196868495104e+20,7.658184772834132e+20,2.2889775898144717e+21
