t(s),Total solute volume 1,Total retention volume 1,Total 1 volume 1,Total 2 volume 1,Total 3 volume 1,Total 4 volume 1,Total 5 volume 1,Total 6 volume 1
0,5.331000576703257e+17,8.575711754606178e+22,5.560848088934841e+17,1.2219752934206108e+18,2.2178897165962797e+19,3.293616646497164e+20,1.817165319448718e+22,6.723161262959769e+22
