t(s),Total solute volume 1,Total retention volume 1,Total 1 volume 1,Total 2 volume 1,Total 3 volume 1,Total 4 volume 1,Total 5 volume 1,Total 6 volume 1
0,7.898873006952949e+16,2.7765237430637307e+18,7857626411464600.0,9137075296732168.0,3287634017862628.0,6960585592000943.0,1.1243983314982053e+17,2.557852258526318e+18
