t(s),Total solute volume 1,Total retention volume 1,Total 1 volume 1,Total 2 volume 1,Total 3 volume 1,Total 4 volume 1,Total 5 volume 1,Total 6 volume 1
0,1.4297083041559683e+17,5.3629288761155866e+17,2.9520321540870584e+16,4.183413466422628e+16,141658052306934.72,396028469190660.94,1.0063491477829958e+16,3.1136642299152826e+17
