t(s),Total solute volume 1,Total retention volume 1,Total 1 volume 1,Total 2 volume 1,Total 3 volume 1,Total 4 volume 1,Total 5 volume 1,Total 6 volume 1
0,1.874180731908145e+17,4.746369603617431e+21,5.399819431922016e+16,8.374842692958085e+16,9.995047957748177e+17,8.471740554607071e+18,2.981830996852624e+20,4.4383900938872973e+21
