t(s),Total solute volume 1,Total retention volume 1,Total 1 volume 1,Total 2 volume 1,Total 3 volume 1,Total 4 volume 1,Total 5 volume 1,Total 6 volume 1
0,2.073332087427378e+19,1.5314501905951918e+22,1.9346913512456716e+21,1.1315073985465211e+22,9.439273570281924e+20,2.7552666643411976e+20,2.0687883949233786e+20,6.176703854122133e+20
