t(s),Total solute volume 1,Total retention volume 1,Total 1 volume 1,Total 2 volume 1,Total 3 volume 1,Total 4 volume 1,Total 5 volume 1,Total 6 volume 1
0,6.9702016393038264e+16,8.388628794738418e+16,5944515532356725.0,6630186019767457.0,2487341271513.04,4810222554734.12,70448027533671.25,1531824410861088.0
