t(s),Total solute volume 1,Total retention volume 1,Total 1 volume 1,Total 2 volume 1,Total 3 volume 1,Total 4 volume 1,Total 5 volume 1,Total 6 volume 1
0,7.301727964015883e+19,4.1389855654967555e+23,2.7111952799558177e+22,4.446286275392808e+22,1.0173034182711935e+23,8.448247141457474e+22,7.425327273433437e+22,8.178463774052731e+22
