t(s),Total solute volume 1,Total retention volume 1,Total 1 volume 1,Total 2 volume 1,Total 3 volume 1,Total 4 volume 1,Total 5 volume 1,Total 6 volume 1
0,1.433399386980134e+18,4.828037280227019e+21,5.050972524890161e+18,1.5430230570377775e+19,2.4308376570227073e+19,2.015362063915175e+20,1.1404723716785496e+21,3.439805723104543e+21
