t(s),Total solute volume 1,Total retention volume 1,Total 1 volume 1,Total 2 volume 1,Total 3 volume 1,Total 4 volume 1,Total 5 volume 1,Total 6 volume 1
0,4.071819960099205e+17,6.828397096966674e+22,3.048573828454969e+17,6.123728968341585e+17,1.074298476524323e+19,1.589910265769083e+20,9.288886266500971e+21,5.882402627954828e+22
