t(s),Total solute volume 1,Total retention volume 1,Total 1 volume 1,Total 2 volume 1,Total 3 volume 1,Total 4 volume 1,Total 5 volume 1,Total 6 volume 1
0,3.41080351854199e+18,2.352098028369115e+23,3.4926673833597542e+19,1.42115214248461e+20,5.46369069497508e+21,6.6731876712126515e+22,7.913117210878389e+22,8.370261062942923e+22
