t(s),Total solute volume 1,Total retention volume 1,Total 1 volume 1,Total 2 volume 1,Total 3 volume 1,Total 4 volume 1,Total 5 volume 1,Total 6 volume 1
0,7.898873006952949e+16,6.121191453756638e+18,7857626411464600.0,9137075296732168.0,7293953535248047.0,1.5964312226202048e+16,2.5850917090059494e+17,5.743440585316806e+18
