t(s),Total solute volume 1,Total retention volume 1,Total 1 volume 1,Total 2 volume 1,Total 3 volume 1,Total 4 volume 1,Total 5 volume 1,Total 6 volume 1
0,3.184149623986931e+17,7.019830436099549e+18,1.761415583916261e+17,3.2597540298476077e+17,1143560039690831.5,4816667352621569.0,2.1619483747707862e+17,5.97714344745511e+18
