t(s),Total solute volume 1,Total retention volume 1,Total 1 volume 1,Total 2 volume 1,Total 3 volume 1,Total 4 volume 1,Total 5 volume 1,Total 6 volume 1
0,1.314985697153493e+17,3.2071734455403287e+19,2.4495440733375292e+16,3.3758739075879252e+16,1.6003041232000196e+16,4.409964278394985e+16,1.0534268590081869e+18,3.076845216285426e+19
