t(s),Total solute volume 1,Total retention volume 1,Total 1 volume 1,Total 2 volume 1,Total 3 volume 1,Total 4 volume 1,Total 5 volume 1,Total 6 volume 1
0,2.286764682938004e+17,9.573609737600352e+17,8.41666310503365e+16,1.3948910952252272e+17,110072147057381.33,391392913730788.75,1.4124421790224276e+16,4.904028780423671e+17
