t(s),Total solute volume 1,Total retention volume 1,Total 1 volume 1,Total 2 volume 1,Total 3 volume 1,Total 4 volume 1,Total 5 volume 1,Total 6 volume 1
0,3.184149623986931e+17,5.496916705775775e+18,1.761415583916261e+17,3.2597540298476077e+17,862646687175881.1,3633329231331115.5,1.630806042601277e+17,4.5088082018220867e+18
