t(s),Total solute volume 1,Total retention volume 1,Total 1 volume 1,Total 2 volume 1,Total 3 volume 1,Total 4 volume 1,Total 5 volume 1,Total 6 volume 1
0,6.197674773403082e+16,2.5087740932326774e+17,4574148913662800.0,4905847431427061.0,340287216291617.06,623027864750218.8,8339654661236504.0,1.7011769550187248e+17
