t(s),Total solute volume 1,Total retention volume 1,Total 1 volume 1,Total 2 volume 1,Total 3 volume 1,Total 4 volume 1,Total 5 volume 1,Total 6 volume 1
0,2.1550923634800276e+18,1.0690867755817292e+21,1.2543579337050872e+19,4.387601538914759e+19,1.5594122613091772e+19,1.1155414751006905e+20,2.207185720784556e+20,6.626452462904177e+20
