t(s),Total solute volume 1,Total retention volume 1,Total 1 volume 1,Total 2 volume 1,Total 3 volume 1,Total 4 volume 1,Total 5 volume 1,Total 6 volume 1
0,5.859579698822926e+16,6.88188309330234e+16,4036115571689510.5,4248607036429529.5,4066921831129.782,7195515982822.606,92214891350829.1,1834834007510847.5
