t(s),Total solute volume 1,Total retention volume 1,Total 1 volume 1,Total 2 volume 1,Total 3 volume 1,Total 4 volume 1,Total 5 volume 1,Total 6 volume 1
0,1.4509118010472559e+19,2.4201003337219618e+23,8.782046250079989e+20,5.232424008980733e+21,6.937814707330952e+22,5.470877751717175e+22,4.545025065957314e+22,6.634772037013819e+22
