t(s),Total solute volume 1,Total retention volume 1,Total 1 volume 1,Total 2 volume 1,Total 3 volume 1,Total 4 volume 1,Total 5 volume 1,Total 6 volume 1
0,2.838052749429945e+17,2.4019762209141596e+18,1.3626480534992328e+17,2.426887464870655e+17,321990539470032.94,1278713490720928.5,5.3514461186124664e+16,1.684102228917855e+18
