t(s),Total solute volume 1,Total retention volume 1,Total 1 volume 1,Total 2 volume 1,Total 3 volume 1,Total 4 volume 1,Total 5 volume 1,Total 6 volume 1
0,7.654339330001997e+18,2.6034581282552456e+21,2.1174029546635195e+20,1.1075853577564208e+21,3.3305811393734836e+20,2.3274633584251978e+20,1.7821541013788017e+20,5.324582757847529e+20
