t(s),Total solute volume 1,Total retention volume 1,Total 1 volume 1,Total 2 volume 1,Total 3 volume 1,Total 4 volume 1,Total 5 volume 1,Total 6 volume 1
0,7.301727964015883e+19,4.225450073710379e+23,2.7111952799558177e+22,4.446286275392808e+22,1.028888074924655e+23,8.754563327362312e+22,7.742808517458468e+22,8.303464859724496e+22
