t(s),Total solute volume 1,Total retention volume 1,Total 1 volume 1,Total 2 volume 1,Total 3 volume 1,Total 4 volume 1,Total 5 volume 1,Total 6 volume 1
0,1.433399386980134e+18,1.6234322198557558e+23,5.050972524890161e+18,1.5430230570377777e+19,4.352349463992715e+20,1.0651306809872899e+22,7.021151047321028e+22,8.1023255153608e+22
