t(s),Total solute volume 1,Total retention volume 1,Total 1 volume 1,Total 2 volume 1,Total 3 volume 1,Total 4 volume 1,Total 5 volume 1,Total 6 volume 1
0,1.213101554250879e+17,3.1133730474269957e+18,2.046233060134811e+16,2.7452473202875316e+16,1715584355142894.0,4424906401595780.5,9.920081255634702e+16,2.8388067848846167e+18
