t(s),Total solute volume 1,Total retention volume 1,Total 1 volume 1,Total 2 volume 1,Total 3 volume 1,Total 4 volume 1,Total 5 volume 1,Total 6 volume 1
0,5.331000576703257e+17,3.6722217945983484e+19,5.560848088934841e+17,1.2219752934206108e+18,1.3277933235943498e+16,7.258420398595206e+16,3.526045213118412e+18,3.0799150435658727e+19
