t(s),Total solute volume 1,Total retention volume 1,Total 1 volume 1,Total 2 volume 1,Total 3 volume 1,Total 4 volume 1,Total 5 volume 1,Total 6 volume 1
0,2.0660865705208714e+17,1.4935033408892273e+20,6.711558540817307e+16,1.0753082620506754e+17,3.6578993245830504e+16,1.2561746372019794e+17,4.2157222840214917e+18,1.4459116027926521e+20
