t(s),Total solute volume 1,Total retention volume 1,Total 1 volume 1,Total 2 volume 1,Total 3 volume 1,Total 4 volume 1,Total 5 volume 1,Total 6 volume 1
0,1.213101554250879e+17,6.425124909680645e+20,2.046233060134811e+16,2.7452473202875316e+16,2.7631742725202038e+17,1.8646335733104305e+18,4.71255763750911e+19,5.930767386331816e+20
