t(s),Total solute volume 1,Total retention volume 1,Total 1 volume 1,Total 2 volume 1,Total 3 volume 1,Total 4 volume 1,Total 5 volume 1,Total 6 volume 1
0,2.5417881604872016e+17,1.005954826281772e+22,1.0655456735803997e+17,1.8292710984074672e+17,1.648301897310591e+18,1.0613882590300447e+19,4.3428245798352336e+20,9.612459959853085e+21
