t(s),Total solute volume 1,Total retention volume 1,Total 1 volume 1,Total 2 volume 1,Total 3 volume 1,Total 4 volume 1,Total 5 volume 1,Total 6 volume 1
0,1.0417779541760956e+19,4.769988592171522e+22,4.2060845695740917e+20,2.3786086414986547e+21,1.4952513178384718e+22,7.920026165436105e+21,6.065967203678499e+21,1.595174449621764e+22
