t(s),Total solute volume 1,Total retention volume 1,Total 1 volume 1,Total 2 volume 1,Total 3 volume 1,Total 4 volume 1,Total 5 volume 1,Total 6 volume 1
0,2.1550923634800276e+18,7.058986644934682e+21,1.2543579337050872e+19,4.387601538914759e+19,1.053160819385371e+20,7.868079341350886e+20,1.5616195851203995e+21,4.5466683566510315e+21
