t(s),Total solute volume 1,Total retention volume 1,Total 1 volume 1,Total 2 volume 1,Total 3 volume 1,Total 4 volume 1,Total 5 volume 1,Total 6 volume 1
0,7.654339330001997e+18,1.8869239204508028e+23,2.117402954663518e+20,1.1075853577564208e+21,3.165751143888809e+22,4.997276881144207e+22,4.1964265575882005e+22,6.377086622631735e+22
