t(s),Total solute volume 1,Total retention volume 1,Total 1 volume 1,Total 2 volume 1,Total 3 volume 1,Total 4 volume 1,Total 5 volume 1,Total 6 volume 1
0,1.213101554250879e+17,2.392238275989405e+18,2.046233060134811e+16,2.7452473202875316e+16,1295855174489806.0,3339170338707372.5,7.485504657109413e+16,2.143523244675833e+18
