t(s),Total solute volume 1,Total retention volume 1,Total 1 volume 1,Total 2 volume 1,Total 3 volume 1,Total 4 volume 1,Total 5 volume 1,Total 6 volume 1
0,7.301727964015883e+19,2.157837280677819e+23,2.7111952799558177e+22,4.446286275392808e+22,5.8100596219572075e+22,2.534287333079878e+22,1.9882094424975223e+22,4.081033125930975e+22
