t(s),Total solute volume 1,Total retention volume 1,Total 1 volume 1,Total 2 volume 1,Total 3 volume 1,Total 4 volume 1,Total 5 volume 1,Total 6 volume 1
0,2.286764682938004e+17,2.6557009557028282e+19,8.41666310503365e+16,1.3948910952252272e+17,5685279013932665.0,2.0254662782553668e+16,7.31039929018225e+17,2.5347697477346963e+19
