t(s),Total solute volume 1,Total retention volume 1,Total 1 volume 1,Total 2 volume 1,Total 3 volume 1,Total 4 volume 1,Total 5 volume 1,Total 6 volume 1
0,7.898873006952949e+16,3.150944105421074e+19,7857626411464600.0,9137075296732168.0,3.456189618091999e+16,9.822373791118096e+16,1.62654841464692e+18,2.9654123573693563e+19
