t(s),Total solute volume 1,Total retention volume 1,Total 1 volume 1,Total 2 volume 1,Total 3 volume 1,Total 4 volume 1,Total 5 volume 1,Total 6 volume 1
0,8.413405339804337e+17,5.295306482953373e+22,1.5388438157429553e+18,3.9368564749678444e+18,4.9992393182314815e+19,5.394481843713723e+20,1.3990618396903415e+22,3.8366688814250525e+22
