t(s),Total solute volume 1,Total retention volume 1,Total 1 volume 1,Total 2 volume 1,Total 3 volume 1,Total 4 volume 1,Total 5 volume 1,Total 6 volume 1
0,4.6444135142887546e+17,6.5326847788187925e+22,4.088535341100352e+17,8.58089529357151e+17,1.3660872020674537e+19,1.6769921245009343e+20,9.39339037857194e+21,5.575036594073207e+22
