t(s),Total solute volume 1,Total retention volume 1,Total 1 volume 1,Total 2 volume 1,Total 3 volume 1,Total 4 volume 1,Total 5 volume 1,Total 6 volume 1
0,9.682243045823266e+16,1.3417445890454133e+17,1.2374155389646972e+16,1.5399323190154844e+16,8294364207505.898,18984883224706.69,357932416376210.1,9193338202699532.0
