t(s),Total solute volume 1,Total retention volume 1,Total 1 volume 1,Total 2 volume 1,Total 3 volume 1,Total 4 volume 1,Total 5 volume 1,Total 6 volume 1
0,7.898873006952949e+16,1.02124599967934e+19,7857626411464600.0,9137075296732168.0,1.2054669832579938e+16,2.7487225457299576e+16,4.464839505740952e+17,9.630450719151456e+18
