t(s),Total solute volume 1,Total retention volume 1,Total 1 volume 1,Total 2 volume 1,Total 3 volume 1,Total 4 volume 1,Total 5 volume 1,Total 6 volume 1
0,6.197674773403082e+16,2.0698762381718096e+17,4574148913662800.0,4905847431427061.0,257187364230777.53,470243297935944.56,6293931577735668.0,1.2850951749815285e+17
