t(s),Total solute volume 1,Total retention volume 1,Total 1 volume 1,Total 2 volume 1,Total 3 volume 1,Total 4 volume 1,Total 5 volume 1,Total 6 volume 1
0,7.898873006952949e+16,1.1320951255315411e+17,7857626411464600.0,9137075296732168.0,21350190933006.926,44029952843250.195,709931983532490.8,1.6450768648120238e+16
