t(s),Total solute volume 1,Total retention volume 1,Total 1 volume 1,Total 2 volume 1,Total 3 volume 1,Total 4 volume 1,Total 5 volume 1,Total 6 volume 1
0,4.756651887055506e+16,6.306877800390099e+16,2534742031225772.5,2489019978208219.0,31711184977487.3,50468430606549.48,550978443604665.06,9845339064723140.0
