t(s),Total solute volume 1,Total retention volume 1,Total 1 volume 1,Total 2 volume 1,Total 3 volume 1,Total 4 volume 1,Total 5 volume 1,Total 6 volume 1
0,2.69227699570376e+18,2.158904767764449e+23,2.0606897695457464e+19,7.758321800726443e+19,2.792393826913173e+21,5.048387954188592e+22,7.886792494710381e+22,8.364539606784683e+22
