t(s),Total solute volume 1,Total retention volume 1,Total 1 volume 1,Total 2 volume 1,Total 3 volume 1,Total 4 volume 1,Total 5 volume 1,Total 6 volume 1
0,4.756651887055506e+16,8.814674155729559e+18,2534742031225772.5,2489019978208219.0,1.849135880582636e+16,8.525199762401163e+16,1.072466090313983e+18,7.585874428105706e+18
