t(s),Total solute volume 1,Total retention volume 1,Total 1 volume 1,Total 2 volume 1,Total 3 volume 1,Total 4 volume 1,Total 5 volume 1,Total 6 volume 1
0,1.7473117771507889e+18,1.2204443411212496e+20,7.856350728538216e+18,2.56333736483743e+19,7.701754962841446e+17,6.062261219608726e+18,1.9788783880483504e+19,6.018617736168354e+19
