t(s),Total solute volume 1,Total retention volume 1,Total 1 volume 1,Total 2 volume 1,Total 3 volume 1,Total 4 volume 1,Total 5 volume 1,Total 6 volume 1
0,1.314985697153493e+17,3.066371113904391e+17,2.4495440733375292e+16,3.3758739075879256e+16,59330556193531.59,158891355794709.28,3787847138679500.5,1.1287829281516413e+17
