t(s),Total solute volume 1,Total retention volume 1,Total 1 volume 1,Total 2 volume 1,Total 3 volume 1,Total 4 volume 1,Total 5 volume 1,Total 6 volume 1
0,1.4509118010472559e+19,1.968448908348985e+22,8.782046250079989e+20,5.232424008980733e+21,5.702401421965711e+21,1.9937102670319444e+21,1.503855403994159e+21,4.35938423849917e+21
