t(s),Total solute volume 1,Total retention volume 1,Total 1 volume 1,Total 2 volume 1,Total 3 volume 1,Total 4 volume 1,Total 5 volume 1,Total 6 volume 1
0,2.69227699570376e+18,1.4890832648497294e+22,2.0606897695457464e+19,7.758321800726443e+19,3.838431495648067e+20,2.378826800798058e+21,3.164497896261615e+21,8.862782409174478e+21
