t(s),Total solute volume 1,Total retention volume 1,Total 1 volume 1,Total 2 volume 1,Total 3 volume 1,Total 4 volume 1,Total 5 volume 1,Total 6 volume 1
0,3.41080351854199e+18,2.40711098534476e+22,3.4926673833597542e+19,1.42115214248461e+20,1.0933745443526819e+21,4.80242330381869e+21,4.86673005147684e+21,1.3128129262199037e+22
