t(s),Total solute volume 1,Total retention volume 1,Total 1 volume 1,Total 2 volume 1,Total 3 volume 1,Total 4 volume 1,Total 5 volume 1,Total 6 volume 1
0,4.999990884535286e+16,5.581279626363488e+16,2833151015773908.0,2828700406760326.5,418919849097.9769,683230464953.938,7750226953640.331,142183618479849.2
