t(s),Total solute volume 1,Total retention volume 1,Total 1 volume 1,Total 2 volume 1,Total 3 volume 1,Total 4 volume 1,Total 5 volume 1,Total 6 volume 1
0,1.1886142573461043e+18,3.1216708406023635e+22,3.3262845753212687e+18,9.547595689902217e+18,8.358280636221522e+19,8.306206553676571e+20,8.259143885542255e+21,2.202929856422933e+22
