t(s),Total solute volume 1,Total retention volume 1,Total 1 volume 1,Total 2 volume 1,Total 3 volume 1,Total 4 volume 1,Total 5 volume 1,Total 6 volume 1
0,3.049370426842634e+19,1.4309788318486465e+23,4.502339012740615e+21,2.2082334505202914e+22,4.798428069396711e+22,1.958007505312884e+22,1.5204515619277642e+22,3.3713844596278706e+22
