t(s),Total solute volume 1,Total retention volume 1,Total 1 volume 1,Total 2 volume 1,Total 3 volume 1,Total 4 volume 1,Total 5 volume 1,Total 6 volume 1
0,3.184149623986931e+17,7.352208374802084e+20,1.761415583916261e+17,3.2597540298476077e+17,1.345382429094661e+17,5.76693409570907e+17,2.591662523860127e+19,7.077724486653489e+20
