t(s),Total solute volume 1,Total retention volume 1,Total 1 volume 1,Total 2 volume 1,Total 3 volume 1,Total 4 volume 1,Total 5 volume 1,Total 6 volume 1
0,6.197674773403082e+16,1.3182712230515858e+18,4574148913662800.0,4905847431427061.0,2333514139155425.0,4416121958968853.5,5.92523528670381e+16,1.1808124900072922e+18
