t(s),Total solute volume 1,Total retention volume 1,Total 1 volume 1,Total 2 volume 1,Total 3 volume 1,Total 4 volume 1,Total 5 volume 1,Total 6 volume 1
0,4.388031255538536e+18,1.5292689109970103e+23,6.12580002685351e+19,2.7044583928840326e+20,8.605035404215894e+21,4.2427956308869774e+22,3.962781708520745e+22,6.1929990430596104e+22
