t(s),Total solute volume 1,Total retention volume 1,Total 1 volume 1,Total 2 volume 1,Total 3 volume 1,Total 4 volume 1,Total 5 volume 1,Total 6 volume 1
0,4.756651887055506e+16,5.70905719585828e+16,2534742031225772.5,2489019978208219.0,13622860666210.457,21666914900045.06,236533404428839.97,4228467898599187.5
