t(s),Total solute volume 1,Total retention volume 1,Total 1 volume 1,Total 2 volume 1,Total 3 volume 1,Total 4 volume 1,Total 5 volume 1,Total 6 volume 1
0,6.9702016393038264e+16,9.76296501847308e+16,5944515532356725.0,6630186019767457.0,23723245328700.65,45889129418249.11,672079825399537.8,1.461124003942048e+16
