t(s),Total solute volume 1,Total retention volume 1,Total 1 volume 1,Total 2 volume 1,Total 3 volume 1,Total 4 volume 1,Total 5 volume 1,Total 6 volume 1
0,2.69227699570376e+18,1.757297008963408e+23,2.0606897695457464e+19,7.758321800726444e+19,2.565769174253085e+21,3.92976840882997e+22,5.900007516117966e+22,7.476529007991284e+22
