t(s),Total solute volume 1,Total retention volume 1,Total 1 volume 1,Total 2 volume 1,Total 3 volume 1,Total 4 volume 1,Total 5 volume 1,Total 6 volume 1
0,4.071819960099205e+17,5.667258030983538e+22,3.048573828454969e+17,6.123728968341585e+17,9.521211281468183e+18,1.1373346253771576e+20,6.335890472192665e+21,5.021211075154753e+22
