t(s),Total solute volume 1,Total retention volume 1,Total 1 volume 1,Total 2 volume 1,Total 3 volume 1,Total 4 volume 1,Total 5 volume 1,Total 6 volume 1
0,1.0410857772626118e+17,8.709343640949788e+17,1.4548167332142294e+16,1.8548032395571572e+16,558893894466961.0,1330304340742629.2,2.6521107817883932e+16,7.0531928058792e+17
