t(s),Total solute volume 1,Total retention volume 1,Total 1 volume 1,Total 2 volume 1,Total 3 volume 1,Total 4 volume 1,Total 5 volume 1,Total 6 volume 1
0,3.049370426842634e+19,2.870209986213759e+22,4.502339012740615e+21,2.2082334505202914e+22,9.930219573443634e+20,2.7407761228517746e+20,2.0569138343907607e+20,6.141416868572706e+20
