t(s),Total solute volume 1,Total retention volume 1,Total 1 volume 1,Total 2 volume 1,Total 3 volume 1,Total 4 volume 1,Total 5 volume 1,Total 6 volume 1
0,3.41080351854199e+18,7.056717952175605e+20,3.4926673833597546e+19,1.42115214248461e+20,2.624738324865291e+19,9.969706605194774e+19,9.992871815941944e+19,2.993459361569327e+20
