t(s),Total solute volume 1,Total retention volume 1,Total 1 volume 1,Total 2 volume 1,Total 3 volume 1,Total 4 volume 1,Total 5 volume 1,Total 6 volume 1
0,7.898873006952949e+16,9.446194864787066e+19,7857626411464600.0,9137075296732168.0,8.284410588287322e+16,4.99329158092477e+17,9.295046269762333e+18,8.448874568235627e+19
