t(s),Total solute volume 1,Total retention volume 1,Total 1 volume 1,Total 2 volume 1,Total 3 volume 1,Total 4 volume 1,Total 5 volume 1,Total 6 volume 1
0,7.654339330001997e+18,1.1367875947997301e+23,2.117402954663519e+20,1.1075853577564208e+21,2.2639089733793562e+22,2.6230053148984485e+22,2.105474321385851e+22,4.242789339078356e+22
