t(s),Total solute volume 1,Total retention volume 1,Total 1 volume 1,Total 2 volume 1,Total 3 volume 1,Total 4 volume 1,Total 5 volume 1,Total 6 volume 1
0,1.874180731908145e+17,2.072198065789319e+20,5.399819431922016e+16,8.374842692958085e+16,5.795005698339163e+16,1.9303710797219853e+17,6.034840390859295e+18,2.0060881432867953e+20
