t(s),Total solute volume 1,Total retention volume 1,Total 1 volume 1,Total 2 volume 1,Total 3 volume 1,Total 4 volume 1,Total 5 volume 1,Total 6 volume 1
0,1.4297083041559683e+17,6.639005281818225e+20,2.9520321540870584e+16,4.183413466422628e+16,2.512649126356144e+17,1.0753536030045036e+18,2.837432144032036e+19,6.339852629392496e+20
