t(s),Total solute volume 1,Total retention volume 1,Total 1 volume 1,Total 2 volume 1,Total 3 volume 1,Total 4 volume 1,Total 5 volume 1,Total 6 volume 1
0,2.838052749429945e+17,4.714717851930011e+18,1.3626480534992328e+17,2.426887464870655e+17,750137553185715.8,2979236918569454.5,1.2468244706973267e+17,3.9235472036085586e+18
