t(s),Total solute volume 1,Total retention volume 1,Total 1 volume 1,Total 2 volume 1,Total 3 volume 1,Total 4 volume 1,Total 5 volume 1,Total 6 volume 1
0,2.5417881604872016e+17,1.2700215208945914e+22,1.0655456735803997e+17,1.8292710984074672e+17,1.988678050308705e+18,1.50261159019756e+19,6.285091004719931e+20,1.205414765402848e+22
