t(s),Total solute volume 1,Total retention volume 1,Total 1 volume 1,Total 2 volume 1,Total 3 volume 1,Total 4 volume 1,Total 5 volume 1,Total 6 volume 1
0,3.184149623986931e+17,1.6896397627086734e+22,1.761415583916261e+17,3.259754029847608e+17,2.676286155993871e+18,1.730012920128787e+19,8.065297570466592e+20,1.6069070922759298e+22
