t(s),Total solute volume 1,Total retention volume 1,Total 1 volume 1,Total 2 volume 1,Total 3 volume 1,Total 4 volume 1,Total 5 volume 1,Total 6 volume 1
0,1.4509118010472559e+19,1.0672211439375064e+22,8.782046250079989e+20,5.232424008980733e+21,1.9359783218812386e+21,6.552939881419053e+20,4.931357316989824e+20,1.4626656456536299e+21
