t(s),Total solute volume 1,Total retention volume 1,Total 1 volume 1,Total 2 volume 1,Total 3 volume 1,Total 4 volume 1,Total 5 volume 1,Total 6 volume 1
0,5.74157916659942e+18,2.064870517106132e+23,1.1155733650881687e+20,5.3600706402624864e+20,1.8985598919667486e+22,6.075953170262062e+22,5.412564411875012e+22,7.196297098987456e+22
