t(s),Total solute volume 1,Total retention volume 1,Total 1 volume 1,Total 2 volume 1,Total 3 volume 1,Total 4 volume 1,Total 5 volume 1,Total 6 volume 1
0,8.434622358698939e+16,1.3663264551995228e+18,9096397638945638.0,1.0811486824468592e+16,1388340987195346.8,2987774820721151.5,5.0698289380967816e+16,1.2069979419602532e+18
