t(s),Total solute volume 1,Total retention volume 1,Total 1 volume 1,Total 2 volume 1,Total 3 volume 1,Total 4 volume 1,Total 5 volume 1,Total 6 volume 1
0,7.898873006952949e+16,9.802554030316579e+17,7857626411464600.0,9137075296732168.0,1092231354315859.0,2271804348459071.0,3.665209955244915e+16,8.442558359987141e+17
