t(s),Total solute volume 1,Total retention volume 1,Total 1 volume 1,Total 2 volume 1,Total 3 volume 1,Total 4 volume 1,Total 5 volume 1,Total 6 volume 1
0,8.413405339804337e+17,2.9988311965553184e+21,1.5388438157429548e+18,3.9368564749678444e+18,3.522248033036487e+18,2.4539035064872665e+19,6.114128781047679e+20,2.3530399945279008e+21
