t(s),Total solute volume 1,Total retention volume 1,Total 1 volume 1,Total 2 volume 1,Total 3 volume 1,Total 4 volume 1,Total 5 volume 1,Total 6 volume 1
0,3.41080351854199e+18,2.3018498623286266e+23,3.4926673833597546e+19,1.42115214248461e+20,5.419738345630496e+21,6.503044924123251e+22,7.675482844629886e+22,8.27995175080986e+22
