t(s),Total solute volume 1,Total retention volume 1,Total 1 volume 1,Total 2 volume 1,Total 3 volume 1,Total 4 volume 1,Total 5 volume 1,Total 6 volume 1
0,2.1550923634800276e+18,1.1043560421306447e+23,1.2543579337050872e+19,4.387601538914759e+19,1.105125880532229e+21,1.6326370348843303e+22,3.491133489198616e+22,5.8034198404614725e+22
