t(s),Total solute volume 1,Total retention volume 1,Total 1 volume 1,Total 2 volume 1,Total 3 volume 1,Total 4 volume 1,Total 5 volume 1,Total 6 volume 1
0,3.5908603530687936e+17,5.219249234459377e+22,2.3031334757874176e+17,4.4365248646884774e+17,7.276895916162505e+18,9.720528492324212e+19,5.382087508841251e+21,4.670488960304417e+22
