t(s),Total solute volume 1,Total retention volume 1,Total 1 volume 1,Total 2 volume 1,Total 3 volume 1,Total 4 volume 1,Total 5 volume 1,Total 6 volume 1
0,1.7473117771507889e+18,2.674278559354588e+22,7.856350728538216e+18,2.56333736483743e+19,2.1131007263115395e+20,2.03475725126439e+21,6.746914493286309e+21,1.7714566740209467e+22
