t(s),Total solute volume 1,Total retention volume 1,Total 1 volume 1,Total 2 volume 1,Total 3 volume 1,Total 4 volume 1,Total 5 volume 1,Total 6 volume 1
0,6.197674773403082e+16,8.955229063478837e+18,4574148913662800.0,4905847431427061.0,1.516878457801067e+16,3.664426964448328e+16,5.0172922004198317e+17,8.330230045135478e+18
