t(s),Total solute volume 1,Total retention volume 1,Total 1 volume 1,Total 2 volume 1,Total 3 volume 1,Total 4 volume 1,Total 5 volume 1,Total 6 volume 1
0,3.41080351854199e+18,2.9969726387058697e+21,3.4926673833597546e+19,1.42115214248461e+20,1.3952782014996998e+20,5.376954713059921e+20,5.394935693449067e+20,1.5998030863044127e+21
