t(s),Total solute volume 1,Total retention volume 1,Total 1 volume 1,Total 2 volume 1,Total 3 volume 1,Total 4 volume 1,Total 5 volume 1,Total 6 volume 1
0,6.5666411056726936e+16,9.12843152656098e+16,5203971956357368.0,5689972671683596.0,25272942427126.945,47417722629634.44,663341091148022.0,1.3987927824638306e+16
