t(s),Total solute volume 1,Total retention volume 1,Total 1 volume 1,Total 2 volume 1,Total 3 volume 1,Total 4 volume 1,Total 5 volume 1,Total 6 volume 1
0,6.197674773403082e+16,1.7031471661346184e+18,4574148913662800.0,4905847431427061.0,3039351236441967.5,5821245624209550.0,7.817365053044406e+16,1.544656174664385e+18
