t(s),Total solute volume 1,Total retention volume 1,Total 1 volume 1,Total 2 volume 1,Total 3 volume 1,Total 4 volume 1,Total 5 volume 1,Total 6 volume 1
0,1.0410857772626118e+17,2.6720059457969484e+19,1.4548167332142294e+16,1.8548032395571572e+16,1.970391882072614e+16,5.029418252260508e+16,1.0077569092449126e+18,2.5505099669927555e+19
