t(s),Total solute volume 1,Total retention volume 1,Total 1 volume 1,Total 2 volume 1,Total 3 volume 1,Total 4 volume 1,Total 5 volume 1,Total 6 volume 1
0,1.7065136209902323e+17,1.8604865707868537e+21,4.381099764971746e+16,6.585874551544885e+16,5.0846815484696474e+17,2.667327506912648e+18,8.157244228189025e+19,1.7754580117378955e+21
