t(s),Total solute volume 1,Total retention volume 1,Total 1 volume 1,Total 2 volume 1,Total 3 volume 1,Total 4 volume 1,Total 5 volume 1,Total 6 volume 1
0,3.5908603530687936e+17,1.9981637621372276e+20,2.3031334757874176e+17,4.4365248646884774e+17,3.929468688525121e+16,1.7657094275238048e+17,8.429048227256771e+18,1.9013841048747406e+20
