t(s),Total solute volume 1,Total retention volume 1,Total 1 volume 1,Total 2 volume 1,Total 3 volume 1,Total 4 volume 1,Total 5 volume 1,Total 6 volume 1
0,4.632802213684205e+19,4.019131275045833e+23,1.098131415173949e+22,3.5085054935044953e+22,1.0298252405291546e+23,8.95135675867828e+22,7.94918556114333e+22,8.381248314453842e+22
