t(s),Total solute volume 1,Total retention volume 1,Total 1 volume 1,Total 2 volume 1,Total 3 volume 1,Total 4 volume 1,Total 5 volume 1,Total 6 volume 1
0,9.954516368711946e+17,8.82923132056401e+20,2.2394775286774456e+18,6.059472535941418e+18,1.637124661887099e+18,1.1989406175848262e+19,1.9375392040817843e+20,6.662482791090025e+20
