t(s),Total solute volume 1,Total retention volume 1,Total 1 volume 1,Total 2 volume 1,Total 3 volume 1,Total 4 volume 1,Total 5 volume 1,Total 6 volume 1
0,7.412634750021373e+16,9.095705391727853e+16,6819284532587502.0,7763492501330356.0,3116589794061.3047,6220365456964.381,95514405112277.75,2143078022783371.0
