t(s),Total solute volume 1,Total retention volume 1,Total 1 volume 1,Total 2 volume 1,Total 3 volume 1,Total 4 volume 1,Total 5 volume 1,Total 6 volume 1
0,1.1886142573461043e+18,1.0365547265600282e+21,3.3262845753212687e+18,9.547595689902217e+18,3.127993111797449e+18,2.4313305342954734e+19,2.3702702672261956e+20,7.58023906860106e+20
