t(s),Total solute volume 1,Total retention volume 1,Total 1 volume 1,Total 2 volume 1,Total 3 volume 1,Total 4 volume 1,Total 5 volume 1,Total 6 volume 1
0,1.0417779541760956e+19,1.0567450874736001e+23,4.2060845695740917e+20,2.378608641498654e+21,3.0769130966514422e+22,2.0642427638174706e+22,1.6174926966151585e+22,3.527838829852137e+22
