t(s),Total solute volume 1,Total retention volume 1,Total 1 volume 1,Total 2 volume 1,Total 3 volume 1,Total 4 volume 1,Total 5 volume 1,Total 6 volume 1
0,2.1550923634800276e+18,3.2074716023845745e+22,1.2543579337050872e+19,4.387601538914759e+19,4.341797274113866e+20,3.873502865341088e+21,7.799218755990119e+21,1.9909239988012838e+22
