t(s),Total solute volume 1,Total retention volume 1,Total 1 volume 1,Total 2 volume 1,Total 3 volume 1,Total 4 volume 1,Total 5 volume 1,Total 6 volume 1
0,2.838052749429945e+17,2.487916132773658e+22,1.3626480534992328e+17,2.426887464870655e+17,3.402713010372858e+18,3.5756419294847574e+19,1.69002605052733e+21,2.314931338607708e+22
