t(s),Total solute volume 1,Total retention volume 1,Total 1 volume 1,Total 2 volume 1,Total 3 volume 1,Total 4 volume 1,Total 5 volume 1,Total 6 volume 1
0,1.5593745071291005e+17,1.5236843300794681e+19,3.5828426689998184e+16,5.226428756416006e+16,5689630032351190.0,1.6728655849920328e+16,4.542999153457073e+17,1.4516094934599518e+19
