t(s),Total solute volume 1,Total retention volume 1,Total 1 volume 1,Total 2 volume 1,Total 3 volume 1,Total 4 volume 1,Total 5 volume 1,Total 6 volume 1
0,1.0417779541760956e+19,3.818591977192542e+22,4.2060845695740917e+20,2.3786086414986547e+21,1.1985182483251198e+22,6.107144586522516e+21,4.662490997060396e+21,1.2621466827092807e+22
