t(s),Total solute volume 1,Total retention volume 1,Total 1 volume 1,Total 2 volume 1,Total 3 volume 1,Total 4 volume 1,Total 5 volume 1,Total 6 volume 1
0,9.682243045823266e+16,3.0159496446374797e+19,1.2374155389646972e+16,1.5399323190154844e+16,2.487822669364449e+16,6.386422363249017e+16,1.2143386352695214e+18,2.873181945174074e+19
