t(s),Total solute volume 1,Total retention volume 1,Total 1 volume 1,Total 2 volume 1,Total 3 volume 1,Total 4 volume 1,Total 5 volume 1,Total 6 volume 1
0,4.756651887055506e+16,6.647648100020122e+16,2534742031225772.5,2489019978208219.0,42017652374435.125,66895655780401.69,730337819558396.5,1.304694899249885e+16
