t(s),Total solute volume 1,Total retention volume 1,Total 1 volume 1,Total 2 volume 1,Total 3 volume 1,Total 4 volume 1,Total 5 volume 1,Total 6 volume 1
0,1.1886142573461043e+18,1.1908037968512779e+22,3.3262845753212687e+18,9.547595689902217e+18,3.466311402341823e+19,2.9458348397772417e+20,2.8908054881699784e+21,8.673923387818845e+21
