t(s),Total solute volume 1,Total retention volume 1,Total 1 volume 1,Total 2 volume 1,Total 3 volume 1,Total 4 volume 1,Total 5 volume 1,Total 6 volume 1
0,1.433399386980134e+18,7.65478333860575e+19,5.050972524890161e+18,1.5430230570377775e+19,2.8222402001926794e+17,2.252773563411608e+18,1.2713895578710512e+19,3.93843377416678e+19
