t(s),Total solute volume 1,Total retention volume 1,Total 1 volume 1,Total 2 volume 1,Total 3 volume 1,Total 4 volume 1,Total 5 volume 1,Total 6 volume 1
0,2.073332087427378e+19,1.4151523367041643e+22,1.9346913512456716e+21,1.1315073985465211e+22,4.074235823418191e+20,1.1846137694055739e+20,8.89222959266789e+19,2.6621745424756274e+20
