t(s),Total solute volume 1,Total retention volume 1,Total 1 volume 1,Total 2 volume 1,Total 3 volume 1,Total 4 volume 1,Total 5 volume 1,Total 6 volume 1
0,9.954516368711946e+17,1.1649260484403933e+21,2.2394775286774456e+18,6.059472535941418e+18,2.1628120406153974e+18,1.5877302059554865e+19,2.5662722159512597e+20,8.809643110436184e+20
