t(s),Total solute volume 1,Total retention volume 1,Total 1 volume 1,Total 2 volume 1,Total 3 volume 1,Total 4 volume 1,Total 5 volume 1,Total 6 volume 1
0,5.549106202873219e+16,1.7238647091984646e+19,3574543289432606.5,3695067633789086.0,2.8267623065528924e+16,1.3354982254694282e+17,1.8683688822410324e+18,1.514570009117937e+19
