t(s),Total solute volume 1,Total retention volume 1,Total 1 volume 1,Total 2 volume 1,Total 3 volume 1,Total 4 volume 1,Total 5 volume 1,Total 6 volume 1
0,5.859579698822926e+16,2.108855987509638e+18,4036115571689510.5,4248607036429529.5,4145566797185766.0,7966813320592092.0,1.0271567605326882e+17,1.9271474117422351e+18
