t(s),Total solute volume 1,Total retention volume 1,Total 1 volume 1,Total 2 volume 1,Total 3 volume 1,Total 4 volume 1,Total 5 volume 1,Total 6 volume 1
0,7.898873006952949e+16,8.5981457539394e+19,7857626411464600.0,9137075296732168.0,7.776909286233363e+16,4.193372483190042e+17,7.617430951609768e+18,7.777093681482503e+19
