t(s),Total solute volume 1,Total retention volume 1,Total 1 volume 1,Total 2 volume 1,Total 3 volume 1,Total 4 volume 1,Total 5 volume 1,Total 6 volume 1
0,6.5666411056726936e+16,4.918356935666256e+18,5203971956357368.0,5689972671683596.0,7943723220624856.0,1.6717253715324294e+16,2.358602725546775e+17,4.581275330490859e+18
