t(s),Total solute volume 1,Total retention volume 1,Total 1 volume 1,Total 2 volume 1,Total 3 volume 1,Total 4 volume 1,Total 5 volume 1,Total 6 volume 1
0,9.026506572834251e+16,1.1743776690721043e+17,1.0582167792312242e+16,1.2864965809597988e+16,3649935024143.6045,8059076137483.567,143974459854008.28,3569884105943634.0
