t(s),Total solute volume 1,Total retention volume 1,Total 1 volume 1,Total 2 volume 1,Total 3 volume 1,Total 4 volume 1,Total 5 volume 1,Total 6 volume 1
0,9.026506572834251e+16,1.608240116761664e+17,1.0582167792312242e+16,1.2864965809597988e+16,46151197308525.45,101925302975137.23,1820912573924393.8,4.514282327170454e+16
