t(s),Total solute volume 1,Total retention volume 1,Total 1 volume 1,Total 2 volume 1,Total 3 volume 1,Total 4 volume 1,Total 5 volume 1,Total 6 volume 1
0,2.073332087427378e+19,1.4437260495103728e+22,1.9346913512456716e+21,1.1315073985465211e+22,5.3937738480540294e+20,1.5697825116086328e+20,1.1784263488999912e+20,3.5256356666221835e+20
