t(s),Total solute volume 1,Total retention volume 1,Total 1 volume 1,Total 2 volume 1,Total 3 volume 1,Total 4 volume 1,Total 5 volume 1,Total 6 volume 1
0,1.7065136209902323e+17,2.201691546401e+18,4.381099764971746e+16,6.585874551544885e+16,631038335957415.5,1932324191526899.5,5.616011736547377e+16,1.8626469612438136e+18
