t(s),Total solute volume 1,Total retention volume 1,Total 1 volume 1,Total 2 volume 1,Total 3 volume 1,Total 4 volume 1,Total 5 volume 1,Total 6 volume 1
0,3.049370426842634e+19,3.813063113132848e+23,4.502339012740615e+21,2.2082334505202914e+22,1.0109620581800233e+23,8.982493696197783e+22,7.983187090835801e+22,8.3938130402735e+22
