t(s),Total solute volume 1,Total retention volume 1,Total 1 volume 1,Total 2 volume 1,Total 3 volume 1,Total 4 volume 1,Total 5 volume 1,Total 6 volume 1
0,2.0660865705208714e+17,7.028765089008596e+21,6.711558540817307e+16,1.0753082620506754e+17,1.3009429747957437e+18,1.1159893952183847e+19,4.1901907625320874e+20,6.596903920759743e+21
