t(s),Total solute volume 1,Total retention volume 1,Total 1 volume 1,Total 2 volume 1,Total 3 volume 1,Total 4 volume 1,Total 5 volume 1,Total 6 volume 1
0,2.0660865705208714e+17,7.491770860459329e+20,6.711558540817307e+16,1.0753082620506754e+17,1.790323004873967e+17,6.593720341547553e+17,2.2242773509333434e+19,7.257146531332855e+20
