t(s),Total solute volume 1,Total retention volume 1,Total 1 volume 1,Total 2 volume 1,Total 3 volume 1,Total 4 volume 1,Total 5 volume 1,Total 6 volume 1
0,2.5417881604872016e+17,1.883355349365917e+19,1.0655456735803997e+17,1.8292710984074672e+17,3600278590813541.0,1.3525470923398166e+16,5.258870396059052e+17,1.7746880211291574e+19
