t(s),Total solute volume 1,Total retention volume 1,Total 1 volume 1,Total 2 volume 1,Total 3 volume 1,Total 4 volume 1,Total 5 volume 1,Total 6 volume 1
0,2.286764682938004e+17,2.5201255321354025e+18,8.41666310503365e+16,1.3948910952252272e+17,450659396299033.4,1602636687488578.5,5.7835748271202856e+16,2.007904278913758e+18
