t(s),Total solute volume 1,Total retention volume 1,Total 1 volume 1,Total 2 volume 1,Total 3 volume 1,Total 4 volume 1,Total 5 volume 1,Total 6 volume 1
0,3.5908603530687936e+17,3.7762755863787905e+19,2.3031334757874176e+17,4.4365248646884774e+17,7269127154670314.0,3.25682388211512e+16,1.5544070420703316e+18,3.513545958638695e+19
