t(s),Total solute volume 1,Total retention volume 1,Total 1 volume 1,Total 2 volume 1,Total 3 volume 1,Total 4 volume 1,Total 5 volume 1,Total 6 volume 1
0,1.5593745071291005e+17,2.2320759087818505e+21,3.5828426689998184e+16,5.226428756416006e+16,6.131479891328544e+17,5.198659764004074e+18,1.626404083325211e+20,2.0633796625312506e+21
