t(s),Total solute volume 1,Total retention volume 1,Total 1 volume 1,Total 2 volume 1,Total 3 volume 1,Total 4 volume 1,Total 5 volume 1,Total 6 volume 1
0,8.413405339804337e+17,1.103278219694759e+20,1.5388438157429558e+18,3.936856474967845e+18,1.2404836275714718e+17,8.423994268313905e+17,2.0951276630538998e+19,8.209305672465698e+19
