t(s),Total solute volume 1,Total retention volume 1,Total 1 volume 1,Total 2 volume 1,Total 3 volume 1,Total 4 volume 1,Total 5 volume 1,Total 6 volume 1
0,9.682243045823266e+16,1.3182119135793746e+17,1.2374155389646972e+16,1.5399323190154844e+16,6256618803107.397,14320581991284.967,269993620078589.66,6934711499031378.0
