t(s),Total solute volume 1,Total retention volume 1,Total 1 volume 1,Total 2 volume 1,Total 3 volume 1,Total 4 volume 1,Total 5 volume 1,Total 6 volume 1
0,2.838052749429945e+17,2.8428913751671133e+22,1.3626480534992328e+17,2.426887464870655e+17,3.7261796363290977e+18,4.64197417231671e+19,2.2820848797395785e+21,2.6096020191745694e+22
