t(s),Total solute volume 1,Total retention volume 1,Total 1 volume 1,Total 2 volume 1,Total 3 volume 1,Total 4 volume 1,Total 5 volume 1,Total 6 volume 1
0,4.071819960099205e+17,3.9063088416068305e+19,3.048573828454969e+17,6.123728968341585e+17,8692475149007779.0,4.150733393891339e+16,2.070523649480246e+18,3.5617952681810428e+19
