t(s),Total solute volume 1,Total retention volume 1,Total 1 volume 1,Total 2 volume 1,Total 3 volume 1,Total 4 volume 1,Total 5 volume 1,Total 6 volume 1
0,4.388031255538536e+18,2.437327233144308e+23,6.12580002685351e+19,2.704458392884035e+20,1.0713879328003648e+22,7.50332532243493e+22,7.53979372967532e+22,8.225156159450823e+22
