t(s),Total solute volume 1,Total retention volume 1,Total 1 volume 1,Total 2 volume 1,Total 3 volume 1,Total 4 volume 1,Total 5 volume 1,Total 6 volume 1
0,6.9702016393038264e+16,8.724811890026624e+16,5944515532356725.0,6630186019767457.0,7682345642068.669,14857630292768.998,217598059576785.25,4731262919591838.0
