t(s),Total solute volume 1,Total retention volume 1,Total 1 volume 1,Total 2 volume 1,Total 3 volume 1,Total 4 volume 1,Total 5 volume 1,Total 6 volume 1
0,1.4297083041559683e+17,1.4890027463673507e+21,2.9520321540870584e+16,4.183413466422628e+16,4.730672878184595e+17,3.811927024715379e+18,1.1146993621918212e+20,1.3730334905489964e+21
