t(s),Total solute volume 1,Total retention volume 1,Total 1 volume 1,Total 2 volume 1,Total 3 volume 1,Total 4 volume 1,Total 5 volume 1,Total 6 volume 1
0,1.4297083041559683e+17,5.0094678891312595e+19,2.9520321540870584e+16,4.183413466422628e+16,2.168854957127561e+16,6.249332403472843e+16,1.5914167872083448e+18,4.820475494387771e+19
