t(s),Total solute volume 1,Total retention volume 1,Total 1 volume 1,Total 2 volume 1,Total 3 volume 1,Total 4 volume 1,Total 5 volume 1,Total 6 volume 1
0,4.632802213684205e+19,4.894724126515392e+22,1.098131415173949e+22,3.5085054935044953e+22,1.361495871376593e+21,3.69402752782449e+20,2.7724105526030945e+20,8.264044768140748e+20
