t(s),Total solute volume 1,Total retention volume 1,Total 1 volume 1,Total 2 volume 1,Total 3 volume 1,Total 4 volume 1,Total 5 volume 1,Total 6 volume 1
0,5.74157916659942e+18,2.455463250458402e+23,1.1155733650881687e+20,5.3600706402624864e+20,2.051921845893091e+22,7.54146346557242e+22,6.927433117744968e+22,7.968483477403581e+22
