t(s),Total solute volume 1,Total retention volume 1,Total 1 volume 1,Total 2 volume 1,Total 3 volume 1,Total 4 volume 1,Total 5 volume 1,Total 6 volume 1
0,1.433399386980134e+18,4.536801855282544e+19,5.050972524890161e+18,1.5430230570377773e+19,1.2117238502990504e+17,9.669830908155708e+17,5.457232243979048e+18,1.6908028350752614e+19
