t(s),Total solute volume 1,Total retention volume 1,Total 1 volume 1,Total 2 volume 1,Total 3 volume 1,Total 4 volume 1,Total 5 volume 1,Total 6 volume 1
0,4.071819960099205e+17,2.9795117845822607e+19,3.048573828454969e+17,6.123728968341585e+17,6558115084511081.0,3.131135972071131e+16,1.5618999517888417e+18,2.6870936143538983e+19
