t(s),Total solute volume 1,Total retention volume 1,Total 1 volume 1,Total 2 volume 1,Total 3 volume 1,Total 4 volume 1,Total 5 volume 1,Total 6 volume 1
0,1.874180731908145e+17,1.2002928179856413e+20,5.399819431922016e+16,8.374842692958085e+16,3.3729555291881e+16,1.1062894013415774e+17,3.4547030314367493e+18,1.1610505557726121e+20
