t(s),Total solute volume 1,Total retention volume 1,Total 1 volume 1,Total 2 volume 1,Total 3 volume 1,Total 4 volume 1,Total 5 volume 1,Total 6 volume 1
0,1.4297083041559683e+17,1.2695713315108751e+19,2.9520321540870584e+16,4.183413466422628e+16,5475569431792015.0,1.5421444594451732e+16,3.920773050938653e+17,1.2068413709367988e+19
