t(s),Total solute volume 1,Total retention volume 1,Total 1 volume 1,Total 2 volume 1,Total 3 volume 1,Total 4 volume 1,Total 5 volume 1,Total 6 volume 1
0,2.69227699570376e+18,2.345509240021e+20,2.0606897695457464e+19,7.758321800726443e+19,3.680919069013056e+18,2.0668143534331142e+19,2.7295673174481736e+19,8.202379552584539e+19
