t(s),Total solute volume 1,Total retention volume 1,Total 1 volume 1,Total 2 volume 1,Total 3 volume 1,Total 4 volume 1,Total 5 volume 1,Total 6 volume 1
0,4.999990884535286e+16,9.275262295417376e+17,2833151015773908.0,2828700406760327.0,2346862259800749.5,4123504779526868.0,4.702803107690042e+16,8.183660711576332e+17
