t(s),Total solute volume 1,Total retention volume 1,Total 1 volume 1,Total 2 volume 1,Total 3 volume 1,Total 4 volume 1,Total 5 volume 1,Total 6 volume 1
0,2.0660865705208714e+17,4.920651626520955e+19,6.711558540817307e+16,1.0753082620506754e+17,1.2043034705746424e+16,4.08817489479679e+16,1.3708737241426575e+18,4.740146268874783e+19
