t(s),Total solute volume 1,Total retention volume 1,Total 1 volume 1,Total 2 volume 1,Total 3 volume 1,Total 4 volume 1,Total 5 volume 1,Total 6 volume 1
0,6.160605045081409e+17,9.236765935356412e+20,7.67830629749285e+17,1.7706017440084913e+18,4.9502178270930074e+17,2.931625887642792e+18,1.2665006487905758e+20,7.904453881079649e+20
