t(s),Total solute volume 1,Total retention volume 1,Total 1 volume 1,Total 2 volume 1,Total 3 volume 1,Total 4 volume 1,Total 5 volume 1,Total 6 volume 1
0,8.413405339804337e+17,5.169988292242968e+21,1.538843815742955e+18,3.9368564749678444e+18,6.018039604173022e+18,4.274030281465295e+19,1.0663956446553523e+21,4.048517264344147e+21
