t(s),Total solute volume 1,Total retention volume 1,Total 1 volume 1,Total 2 volume 1,Total 3 volume 1,Total 4 volume 1,Total 5 volume 1,Total 6 volume 1
0,5.74157916659942e+18,1.594575829959704e+23,1.1155733650881687e+20,5.3600706402624864e+20,1.6552565700916639e+22,4.395945003245388e+22,3.784852577849638e+22,6.044373550440349e+22
