t(s),Total solute volume 1,Total retention volume 1,Total 1 volume 1,Total 2 volume 1,Total 3 volume 1,Total 4 volume 1,Total 5 volume 1,Total 6 volume 1
0,9.954516368711946e+17,2.210299927429766e+19,2.2394775286774456e+18,6.059472535941418e+18,2.4096489128303068e+16,1.751813628666435e+17,2.8295566880502564e+18,9.779763032762454e+18
