t(s),Total solute volume 1,Total retention volume 1,Total 1 volume 1,Total 2 volume 1,Total 3 volume 1,Total 4 volume 1,Total 5 volume 1,Total 6 volume 1
0,5.263409243820472e+16,1.3412303396249799e+19,3176956375550944.0,3226718800086626.5,2.4112661255718456e+16,1.102740719791122e+17,1.4795395783662106e+18,1.1739339317035028e+19
