t(s),Total solute volume 1,Total retention volume 1,Total 1 volume 1,Total 2 volume 1,Total 3 volume 1,Total 4 volume 1,Total 5 volume 1,Total 6 volume 1
0,1.4297083041559683e+17,2.528531245200903e+18,2.9520321540870584e+16,4.183413466422628e+16,1017709942179466.9,2848622178252311.0,7.239252808875613e+16,2.2379470983710223e+18
