t(s),Total solute volume 1,Total retention volume 1,Total 1 volume 1,Total 2 volume 1,Total 3 volume 1,Total 4 volume 1,Total 5 volume 1,Total 6 volume 1
0,2.0660865705208714e+17,9.418922546022072e+18,6.711558540817307e+16,1.0753082620506754e+17,2233195563241342.5,7546185467305303.0,2.529625778742809e+17,8.774925518451838e+18
