t(s),Total solute volume 1,Total retention volume 1,Total 1 volume 1,Total 2 volume 1,Total 3 volume 1,Total 4 volume 1,Total 5 volume 1,Total 6 volume 1
0,2.073332087427378e+19,3.604464103355767e+23,1.9346913512456716e+21,1.1315073985465211e+22,9.532104689330568e+22,8.908687809737674e+22,7.910084566032388e+22,8.366714102698602e+22
