t(s),Total solute volume 1,Total retention volume 1,Total 1 volume 1,Total 2 volume 1,Total 3 volume 1,Total 4 volume 1,Total 5 volume 1,Total 6 volume 1
0,3.049370426842634e+19,2.9375118992067646e+22,4.502339012740615e+21,2.2082334505202914e+22,1.3122644462552343e+21,3.629876995843447e+20,2.7245923375232395e+20,8.122403902639475e+20
