t(s),Total solute volume 1,Total retention volume 1,Total 1 volume 1,Total 2 volume 1,Total 3 volume 1,Total 4 volume 1,Total 5 volume 1,Total 6 volume 1
0,1.7473117771507889e+18,1.736521623203833e+23,7.856350728538215e+18,2.56333736483743e+19,7.804261445299941e+20,1.8963584395085666e+22,7.242952637335874e+22,8.144338837125354e+22
