t(s),Total solute volume 1,Total retention volume 1,Total 1 volume 1,Total 2 volume 1,Total 3 volume 1,Total 4 volume 1,Total 5 volume 1,Total 6 volume 1
0,1.874180731908145e+17,9.023395389129684e+17,5.399819431922016e+16,8.374842692958085e+16,163974959785549.34,526598646874553.5,1.6420153238805946e+16,5.6006411762788026e+17
