t(s),Total solute volume 1,Total retention volume 1,Total 1 volume 1,Total 2 volume 1,Total 3 volume 1,Total 4 volume 1,Total 5 volume 1,Total 6 volume 1
0,5.549106202873219e+16,9.62173652029523e+17,3574543289432606.5,3695067633789086.0,2038082270646783.8,3674853658433975.0,4.531557592694662e+16,8.483844672215507e+17
