t(s),Total solute volume 1,Total retention volume 1,Total 1 volume 1,Total 2 volume 1,Total 3 volume 1,Total 4 volume 1,Total 5 volume 1,Total 6 volume 1
0,5.263409243820472e+16,1.3303225178321197e+17,3176956375550943.5,3226718800086626.5,187146461032839.62,314911798946227.3,3717366994611797.0,6.9775058914778856e+16
