t(s),Total solute volume 1,Total retention volume 1,Total 1 volume 1,Total 2 volume 1,Total 3 volume 1,Total 4 volume 1,Total 5 volume 1,Total 6 volume 1
0,1.1886142573461043e+18,4.901378155392288e+19,3.3262845753212687e+18,9.547595689902217e+18,1.0739923588499902e+17,8.280219493538103e+17,8.067674575674149e+18,2.5948191270440882e+19
