t(s),Total solute volume 1,Total retention volume 1,Total 1 volume 1,Total 2 volume 1,Total 3 volume 1,Total 4 volume 1,Total 5 volume 1,Total 6 volume 1
0,8.413405339804337e+17,6.217420283540059e+22,1.538843815742955e+18,3.9368564749678444e+18,5.641543274955912e+19,6.587282925293672e+20,1.7247578633793245e+22,4.4205163435505e+22
