t(s),Total solute volume 1,Total retention volume 1,Total 1 volume 1,Total 2 volume 1,Total 3 volume 1,Total 4 volume 1,Total 5 volume 1,Total 6 volume 1
0,6.160605045081409e+17,1.117318849514996e+23,7.67830629749285e+17,1.7706017440084913e+18,3.6427299702293512e+19,6.632379316466582e+20,3.3543334404842867e+22,7.74857308224311e+22
