t(s),Total solute volume 1,Total retention volume 1,Total 1 volume 1,Total 2 volume 1,Total 3 volume 1,Total 4 volume 1,Total 5 volume 1,Total 6 volume 1
0,2.1550923634800276e+18,1.945739661113321e+23,1.2543579337050872e+19,4.387601538914759e+19,1.4598537495665618e+21,3.301686079068043e+22,7.700122320216422e+22,8.303745368183157e+22
