t(s),Total solute volume 1,Total retention volume 1,Total 1 volume 1,Total 2 volume 1,Total 3 volume 1,Total 4 volume 1,Total 5 volume 1,Total 6 volume 1
0,2.286764682938004e+17,2.0153434046270484e+19,8.41666310503365e+16,1.3948910952252272e+17,4291468851068679.0,1.5281627783665402e+16,5.5153247124656435e+17,1.9129996269522272e+19
