t(s),Total solute volume 1,Total retention volume 1,Total 1 volume 1,Total 2 volume 1,Total 3 volume 1,Total 4 volume 1,Total 5 volume 1,Total 6 volume 1
0,8.434622358698939e+16,1.3116173563627995e+20,9096397638945638.0,1.0811486824468592e+16,1.0193333394621763e+17,6.529250564326497e+17,1.2866279669505997e+19,1.1743634346834364e+20
