t(s),Total solute volume 1,Total retention volume 1,Total 1 volume 1,Total 2 volume 1,Total 3 volume 1,Total 4 volume 1,Total 5 volume 1,Total 6 volume 1
0,1.213101554250879e+17,3.4547263268610816e+17,2.046233060134811e+16,2.7452473202875316e+16,102848458513218.81,264312023276930.16,5924045139191351.0,1.6995646783581334e+17
