t(s),Total solute volume 1,Total retention volume 1,Total 1 volume 1,Total 2 volume 1,Total 3 volume 1,Total 4 volume 1,Total 5 volume 1,Total 6 volume 1
0,5.331000576703257e+17,9.772273851126509e+22,5.560848088934841e+17,1.2219752934206106e+18,2.3862140784951857e+19,4.0747481807552315e+20,2.322927162790676e+22,7.405981876433879e+22
