t(s),Total solute volume 1,Total retention volume 1,Total 1 volume 1,Total 2 volume 1,Total 3 volume 1,Total 4 volume 1,Total 5 volume 1,Total 6 volume 1
0,2.5417881604872016e+17,1.9805914373857422e+21,1.0655456735803997e+17,1.8292710984074672e+17,3.753268229256273e+17,1.556580134783637e+18,6.096317031994228e+19,1.917152699614839e+21
