t(s),Total solute volume 1,Total retention volume 1,Total 1 volume 1,Total 2 volume 1,Total 3 volume 1,Total 4 volume 1,Total 5 volume 1,Total 6 volume 1
0,7.654339330001997e+18,2.91535972027243e+23,2.1174029546635192e+20,1.1075853577564208e+21,3.9059937954024015e+22,8.776821308766152e+22,7.9547093665857e+22,8.38337473271467e+22
