t(s),Total solute volume 1,Total retention volume 1,Total 1 volume 1,Total 2 volume 1,Total 3 volume 1,Total 4 volume 1,Total 5 volume 1,Total 6 volume 1
0,2.838052749429945e+17,2.8213482026989202e+22,1.3626480534992328e+17,2.426887464870655e+17,3.7076543531682693e+18,4.570335413704445e+19,2.2408237961893962e+21,2.592258446348278e+22
