t(s),Total solute volume 1,Total retention volume 1,Total 1 volume 1,Total 2 volume 1,Total 3 volume 1,Total 4 volume 1,Total 5 volume 1,Total 6 volume 1
0,1.213101554250879e+17,1.587112238132811e+19,2.046233060134811e+16,2.7452473202875316e+16,9089642845331364.0,2.383988305699792e+16,5.3509086430197184e+17,1.513387703189443e+19
