t(s),Total solute volume 1,Total retention volume 1,Total 1 volume 1,Total 2 volume 1,Total 3 volume 1,Total 4 volume 1,Total 5 volume 1,Total 6 volume 1
0,7.171273444608589e+17,2.587511232284477e+19,1.0775438795249249e+18,2.613815739480852e+18,1.6893133406182538e+16,1.0661681937773102e+17,3.693595154509694e+18,1.7649520252084496e+19
