t(s),Total solute volume 1,Total retention volume 1,Total 1 volume 1,Total 2 volume 1,Total 3 volume 1,Total 4 volume 1,Total 5 volume 1,Total 6 volume 1
0,2.5417881604872016e+17,1.3671739831721892e+18,1.0655456735803997e+17,1.8292710984074672e+17,162160045460986.53,608670299413764.5,2.3664419814365744e+16,7.990782397654317e+17
