t(s),Total solute volume 1,Total retention volume 1,Total 1 volume 1,Total 2 volume 1,Total 3 volume 1,Total 4 volume 1,Total 5 volume 1,Total 6 volume 1
0,6.197674773403082e+16,1.297704844570923e+17,4574148913662800.0,4905847431427061.0,110764749578832.73,202040734011139.1,2703746917389224.0,5.529718797699415e+16
