t(s),Total solute volume 1,Total retention volume 1,Total 1 volume 1,Total 2 volume 1,Total 3 volume 1,Total 4 volume 1,Total 5 volume 1,Total 6 volume 1
0,6.5666411056726936e+16,2.166101300451343e+17,5203971956357368.0,5689972671683596.0,240102352847318.9,451815407308578.3,6321883378374750.0,1.3303597322183854e+17
