t(s),Total solute volume 1,Total retention volume 1,Total 1 volume 1,Total 2 volume 1,Total 3 volume 1,Total 4 volume 1,Total 5 volume 1,Total 6 volume 1
0,7.654339330001997e+18,2.9118180372698123e+23,2.117402954663515e+20,1.1075853577564208e+21,3.904123564334631e+22,8.763243012591091e+22,7.940140947618822e+22,8.377974848897954e+22
