t(s),Total solute volume 1,Total retention volume 1,Total 1 volume 1,Total 2 volume 1,Total 3 volume 1,Total 4 volume 1,Total 5 volume 1,Total 6 volume 1
0,3.184149623986931e+17,6.053670911308016e+21,1.761415583916261e+17,3.2597540298476077e+17,1.0553646607506291e+18,5.152669095664805e+18,2.3386695461780134e+20,5.812775391010029e+21
