t(s),Total solute volume 1,Total retention volume 1,Total 1 volume 1,Total 2 volume 1,Total 3 volume 1,Total 4 volume 1,Total 5 volume 1,Total 6 volume 1
0,3.049370426842634e+19,5.091882062065216e+22,4.502339012740615e+21,2.2082334505202914e+22,1.1271346178003206e+22,3.3479030283796805e+21,2.5260429854021753e+21,7.158361206654953e+21
