t(s),Total solute volume 1,Total retention volume 1,Total 1 volume 1,Total 2 volume 1,Total 3 volume 1,Total 4 volume 1,Total 5 volume 1,Total 6 volume 1
0,5.331000576703257e+17,2.773647430263588e+22,5.560848088934841e+17,1.2219752934206106e+18,9.3840688180879e+18,6.99972891855081e+19,3.4889181828873087e+21,2.416586360158487e+22
