t(s),Total solute volume 1,Total retention volume 1,Total 1 volume 1,Total 2 volume 1,Total 3 volume 1,Total 4 volume 1,Total 5 volume 1,Total 6 volume 1
0,2.0660865705208714e+17,6.882486697834559e+17,6.711558540817307e+16,1.0753082620506754e+17,75887600397698.27,256173686814614.3,8586830514402712.0,2.9807470931651206e+17
