t(s),Total solute volume 1,Total retention volume 1,Total 1 volume 1,Total 2 volume 1,Total 3 volume 1,Total 4 volume 1,Total 5 volume 1,Total 6 volume 1
0,6.197674773403082e+16,4.8632210841624384e+17,4574148913662800.0,4905847431427061.0,784520211876016.6,1446863115697650.8,1.937716471637477e+16,3.9325681629316614e+17
