t(s),Total solute volume 1,Total retention volume 1,Total 1 volume 1,Total 2 volume 1,Total 3 volume 1,Total 4 volume 1,Total 5 volume 1,Total 6 volume 1
0,3.049370426842634e+19,3.785803872918829e+23,4.502339012740615e+21,2.2082334505202914e+22,1.0075452445768285e+23,8.884834481448743e+22,7.88055940935334e+22,8.355675670396319e+22
