t(s),Total solute volume 1,Total retention volume 1,Total 1 volume 1,Total 2 volume 1,Total 3 volume 1,Total 4 volume 1,Total 5 volume 1,Total 6 volume 1
0,7.898873006952949e+16,1.0897783638932893e+17,7857626411464600.0,9137075296732168.0,16105675092474.623,33212938399400.81,535518603809314.5,1.2409567394300618e+16
