t(s),Total solute volume 1,Total retention volume 1,Total 1 volume 1,Total 2 volume 1,Total 3 volume 1,Total 4 volume 1,Total 5 volume 1,Total 6 volume 1
0,7.171273444608589e+17,7.478450673176385e+21,1.0775438795249249e+18,2.613815739480852e+18,5.683642423465577e+18,3.846295288984574e+19,1.3392330977010768e+21,6.090662493198649e+21
