t(s),Total solute volume 1,Total retention volume 1,Total 1 volume 1,Total 2 volume 1,Total 3 volume 1,Total 4 volume 1,Total 5 volume 1,Total 6 volume 1
0,3.41080351854199e+18,5.7690351620088306e+20,3.4926673833597546e+19,1.42115214248461e+20,1.9822050520298115e+19,7.52300741720743e+19,7.540059169771115e+19,2.2599810821019504e+20
