t(s),Total solute volume 1,Total retention volume 1,Total 1 volume 1,Total 2 volume 1,Total 3 volume 1,Total 4 volume 1,Total 5 volume 1,Total 6 volume 1
0,6.9702016393038264e+16,8.349084480010938e+16,5944515532356725.0,6630186019767457.0,1876250416402.4998,3628419967681.877,53139933139852.23,1155482251422488.0
