t(s),Total solute volume 1,Total retention volume 1,Total 1 volume 1,Total 2 volume 1,Total 3 volume 1,Total 4 volume 1,Total 5 volume 1,Total 6 volume 1
0,3.5908603530687936e+17,1.2929715427540339e+19,2.3031334757874176e+17,4.4365248646884774e+17,2354877691417864.0,1.0545939952204456e+16,5.033176884075723e+17,1.1380445052134664e+19
