t(s),Total solute volume 1,Total retention volume 1,Total 1 volume 1,Total 2 volume 1,Total 3 volume 1,Total 4 volume 1,Total 5 volume 1,Total 6 volume 1
0,9.954516368711946e+17,1.3258863265561256e+22,2.2394775286774456e+18,6.059472535941418e+18,2.348650119180616e+19,1.9102959454944864e+20,3.1112633079976637e+21,9.923789460120801e+21
