t(s),Total solute volume 1,Total retention volume 1,Total 1 volume 1,Total 2 volume 1,Total 3 volume 1,Total 4 volume 1,Total 5 volume 1,Total 6 volume 1
0,5.859579698822926e+16,6.945009321377764e+16,4036115571689510.5,4248607036429529.5,5391366738233.098,9539069491903.402,122249163571978.17,2432394017625046.5
