t(s),Total solute volume 1,Total retention volume 1,Total 1 volume 1,Total 2 volume 1,Total 3 volume 1,Total 4 volume 1,Total 5 volume 1,Total 6 volume 1
0,7.898873006952949e+16,7.700712423952974e+19,7857626411464600.0,9137075296732168.0,7.192203644961027e+16,3.458172409086965e+17,6.145471631880677e+18,7.0347929898514104e+19
