t(s),Total solute volume 1,Total retention volume 1,Total 1 volume 1,Total 2 volume 1,Total 3 volume 1,Total 4 volume 1,Total 5 volume 1,Total 6 volume 1
0,9.026506572834251e+16,1.9649549226719498e+17,1.0582167792312242e+16,1.2864965809597988e+16,81089264711827.69,179119855062791.1,3200047868747368.5,7.932303594842045e+16
