t(s),Total solute volume 1,Total retention volume 1,Total 1 volume 1,Total 2 volume 1,Total 3 volume 1,Total 4 volume 1,Total 5 volume 1,Total 6 volume 1
0,1.433399386980134e+18,7.472807101567085e+22,5.050972524890161e+18,1.5430230570377777e+19,2.8104173568863614e+20,3.970178135592862e+21,2.367523295157928e+22,4.677970359032945e+22
