t(s),Total solute volume 1,Total retention volume 1,Total 1 volume 1,Total 2 volume 1,Total 3 volume 1,Total 4 volume 1,Total 5 volume 1,Total 6 volume 1
0,6.160605045081409e+17,1.3206249945140055e+20,7.67830629749285e+17,1.7706017440084913e+18,6.9580600069281816e+16,4.088054410754486e+17,1.7651096069063311e+19,1.107785244629268e+20
