t(s),Total solute volume 1,Total retention volume 1,Total 1 volume 1,Total 2 volume 1,Total 3 volume 1,Total 4 volume 1,Total 5 volume 1,Total 6 volume 1
0,2.073332087427378e+19,1.6842695231526933e+22,1.9346913512456716e+21,1.1315073985465211e+22,1.646646709428703e+21,4.831199336592574e+20,3.628809065916653e+20,1.0795490242622434e+21
