t(s),Total solute volume 1,Total retention volume 1,Total 1 volume 1,Total 2 volume 1,Total 3 volume 1,Total 4 volume 1,Total 5 volume 1,Total 6 volume 1
0,9.682243045823266e+16,8.179482746775718e+18,1.2374155389646972e+16,1.5399323190154844e+16,6891458880102763.0,1.6261504356747176e+16,3.072482169573387e+17,7.724485657543472e+18
