t(s),Total solute volume 1,Total retention volume 1,Total 1 volume 1,Total 2 volume 1,Total 3 volume 1,Total 4 volume 1,Total 5 volume 1,Total 6 volume 1
0,6.9702016393038264e+16,1.988618047529431e+19,5944515532356725.0,6630186019767457.0,2.6723174194190708e+16,7.455803547348243e+16,1.1266504201708438e+18,1.8575972127510524e+19
