t(s),Total solute volume 1,Total retention volume 1,Total 1 volume 1,Total 2 volume 1,Total 3 volume 1,Total 4 volume 1,Total 5 volume 1,Total 6 volume 1
0,4.756651887055506e+16,4.621875503344226e+18,2534742031225772.5,2489019978208219.0,1.1433376165615654e+16,3.055312458490972e+16,3.50124052336536e+17,4.177174669377223e+18
