t(s),Total solute volume 1,Total retention volume 1,Total 1 volume 1,Total 2 volume 1,Total 3 volume 1,Total 4 volume 1,Total 5 volume 1,Total 6 volume 1
0,4.632802213684205e+19,4.0293195332740054e+23,1.098131415173949e+22,3.5085054935044953e+22,1.031118328373788e+23,8.987798438160197e+22,7.987530900713683e+22,8.395412999236842e+22
