t(s),Total solute volume 1,Total retention volume 1,Total 1 volume 1,Total 2 volume 1,Total 3 volume 1,Total 4 volume 1,Total 5 volume 1,Total 6 volume 1
0,5.859579698822926e+16,2.3533034695300694e+19,4036115571689510.5,4248607036429529.5,3.4452698011630932e+16,1.7928964703994237e+17,2.6566470320233257e+18,2.0595764798629605e+19
