t(s),Total solute volume 1,Total retention volume 1,Total 1 volume 1,Total 2 volume 1,Total 3 volume 1,Total 4 volume 1,Total 5 volume 1,Total 6 volume 1
0,7.412634750021373e+16,9.170618322312289e+17,6819284532587501.0,7763492501330356.0,1143398458693484.8,2307295242002076.0,3.5456023304886332e+16,7.894459906915078e+17
