t(s),Total solute volume 1,Total retention volume 1,Total 1 volume 1,Total 2 volume 1,Total 3 volume 1,Total 4 volume 1,Total 5 volume 1,Total 6 volume 1
0,3.41080351854199e+18,8.761096439579936e+20,3.4926673833597546e+19,1.42115214248461e+20,3.474223534104081e+19,1.3210579288478774e+20,1.324227146980546e+20,3.9638620943350655e+20
