t(s),Total solute volume 1,Total retention volume 1,Total 1 volume 1,Total 2 volume 1,Total 3 volume 1,Total 4 volume 1,Total 5 volume 1,Total 6 volume 1
0,1.433399386980134e+18,1.7856491209054612e+22,5.050972524890161e+18,1.5430230570377775e+19,8.519497005111594e+19,7.830530867387332e+20,4.466392356681693e+21,1.2499936193101156e+22
