t(s),Total solute volume 1,Total retention volume 1,Total 1 volume 1,Total 2 volume 1,Total 3 volume 1,Total 4 volume 1,Total 5 volume 1,Total 6 volume 1
0,5.263409243820472e+16,8.307625938620955e+16,3176956375550943.0,3226718800086626.5,60880632120975.555,102103403575544.67,1204996329001260.2,2.2670511407669944e+16
