t(s),Total solute volume 1,Total retention volume 1,Total 1 volume 1,Total 2 volume 1,Total 3 volume 1,Total 4 volume 1,Total 5 volume 1,Total 6 volume 1
0,9.026506572834251e+16,2.652270080719894e+19,1.0582167792312242e+16,1.2864965809597988e+16,2.4505585998791012e+16,6.228570981511067e+16,1.1245546107567773e+18,2.519764270129802e+19
