t(s),Total solute volume 1,Total retention volume 1,Total 1 volume 1,Total 2 volume 1,Total 3 volume 1,Total 4 volume 1,Total 5 volume 1,Total 6 volume 1
0,2.69227699570376e+18,3.9561578577782883e+21,2.0606897695457464e+19,7.758321800726444e+19,1.0456641784634406e+20,6.021524479563588e+20,7.966605843619862e+20,2.3518960149152245e+21
