t(s),Total solute volume 1,Total retention volume 1,Total 1 volume 1,Total 2 volume 1,Total 3 volume 1,Total 4 volume 1,Total 5 volume 1,Total 6 volume 1
0,3.049370426842634e+19,2.3290663165088622e+23,4.502339012740615e+21,2.2082334505202914e+22,7.444648873940223e+22,4.158060258125223e+22,3.3618060495384362e+22,5.664631261263685e+22
