t(s),Total solute volume 1,Total retention volume 1,Total 1 volume 1,Total 2 volume 1,Total 3 volume 1,Total 4 volume 1,Total 5 volume 1,Total 6 volume 1
0,4.999990884535286e+16,4.469280952386235e+17,2833151015773908.0,2828700406760327.0,1070662378428965.0,1805272134909649.8,2.0526453095714936e+16,3.678639473616852e+17
