t(s),Total solute volume 1,Total retention volume 1,Total 1 volume 1,Total 2 volume 1,Total 3 volume 1,Total 4 volume 1,Total 5 volume 1,Total 6 volume 1
0,6.9702016393038264e+16,2.432554913155244e+18,5944515532356725.0,6630186019767457.0,3571780349386738.0,7202628881717712.0,1.058006837746457e+17,2.233703102204308e+18
