t(s),Total solute volume 1,Total retention volume 1,Total 1 volume 1,Total 2 volume 1,Total 3 volume 1,Total 4 volume 1,Total 5 volume 1,Total 6 volume 1
0,1.4509118010472559e+19,3.407438208857804e+23,8.782046250079989e+20,5.232424008980733e+21,8.285173150573548e+22,8.896727534104664e+22,7.91238977253167e+22,8.367577856168665e+22
