t(s),Total solute volume 1,Total retention volume 1,Total 1 volume 1,Total 2 volume 1,Total 3 volume 1,Total 4 volume 1,Total 5 volume 1,Total 6 volume 1
0,1.1999214403838304e+20,1.135439164343418e+23,6.152497233576406e+22,4.870349495676086e+22,1.5403701182463788e+21,4.152254154076015e+20,3.1164418549675046e+20,9.282172786294445e+20
