t(s),Total solute volume 1,Total retention volume 1,Total 1 volume 1,Total 2 volume 1,Total 3 volume 1,Total 4 volume 1,Total 5 volume 1,Total 6 volume 1
0,2.073332087427378e+19,5.26049938108373e+22,1.9346913512456716e+21,1.1315073985465211e+22,1.7347265956662806e+22,5.750930578335943e+21,4.3595673178442076e+21,1.1876731300408128e+22
