t(s),Total solute volume 1,Total retention volume 1,Total 1 volume 1,Total 2 volume 1,Total 3 volume 1,Total 4 volume 1,Total 5 volume 1,Total 6 volume 1
0,8.434622358698939e+16,8.253165327080384e+17,9096397638945638.0,1.0811486824468592e+16,794444169098605.4,1703001444632383.0,2.8889580401931908e+16,6.896753986419713e+17
