t(s),Total solute volume 1,Total retention volume 1,Total 1 volume 1,Total 2 volume 1,Total 3 volume 1,Total 4 volume 1,Total 5 volume 1,Total 6 volume 1
0,1.213101554250879e+17,2.0169742290456438e+17,2.046233060134811e+16,2.7452473202875316e+16,18950556166734.848,48692202981668.836,1091327701609858.4,3.131349321449319e+16
