t(s),Total solute volume 1,Total retention volume 1,Total 1 volume 1,Total 2 volume 1,Total 3 volume 1,Total 4 volume 1,Total 5 volume 1,Total 6 volume 1
0,6.5666411056726936e+16,8.015700400338315e+16,5203971956357369.0,5689972671683596.0,6174120583401.654,11581009074166.336,162007344684877.62,3416885844273711.0
