t(s),Total solute volume 1,Total retention volume 1,Total 1 volume 1,Total 2 volume 1,Total 3 volume 1,Total 4 volume 1,Total 5 volume 1,Total 6 volume 1
0,2.5417881604872016e+17,1.533155393227162e+21,1.0655456735803997e+17,1.8292710984074672e+17,2.929958956766402e+17,1.187787868489937e+18,4.643854154192277e+19,1.4846924074278084e+21
