t(s),Total solute volume 1,Total retention volume 1,Total 1 volume 1,Total 2 volume 1,Total 3 volume 1,Total 4 volume 1,Total 5 volume 1,Total 6 volume 1
0,3.049370426842634e+19,3.799381827740786e+23,4.502339012740615e+21,2.2082334505202914e+22,1.0092526966429317e+23,8.933452562528024e+22,7.931599467012499e+22,8.374722559216618e+22
