t(s),Total solute volume 1,Total retention volume 1,Total 1 volume 1,Total 2 volume 1,Total 3 volume 1,Total 4 volume 1,Total 5 volume 1,Total 6 volume 1
0,1.0410857772626118e+17,1.8420856138081828e+18,1.4548167332142294e+16,1.8548032395571572e+16,1297292666006262.2,3095932196698788.0,6.173211232694796e+16,1.6387554991645512e+18
