t(s),Total solute volume 1,Total retention volume 1,Total 1 volume 1,Total 2 volume 1,Total 3 volume 1,Total 4 volume 1,Total 5 volume 1,Total 6 volume 1
0,7.898873006952949e+16,1.6394826843685553e+18,7857626411464600.0,9137075296732168.0,1901548991713990.2,3980967972516396.0,6.425630380408852e+16,1.473360431822512e+18
