t(s),Total solute volume 1,Total retention volume 1,Total 1 volume 1,Total 2 volume 1,Total 3 volume 1,Total 4 volume 1,Total 5 volume 1,Total 6 volume 1
0,5.859579698822926e+16,2.7011057896572134e+18,4036115571689510.5,4248607036429529.5,5297745069644107.0,1.0431144202381526e+16,1.347399003072677e+17,2.483756480481575e+18
