t(s),Total solute volume 1,Total retention volume 1,Total 1 volume 1,Total 2 volume 1,Total 3 volume 1,Total 4 volume 1,Total 5 volume 1,Total 6 volume 1
0,1.7473117771507889e+18,1.8200233781053845e+23,7.856350728538216e+18,2.56333736483743e+19,7.950217024722222e+20,2.0103706781503086e+22,7.757757288791493e+22,8.349079940249577e+22
