t(s),Total solute volume 1,Total retention volume 1,Total 1 volume 1,Total 2 volume 1,Total 3 volume 1,Total 4 volume 1,Total 5 volume 1,Total 6 volume 1
0,2.1550923634800276e+18,1.823199197187724e+23,1.2543579337050872e+19,4.387601538914759e+19,1.4227277568960312e+21,3.0483392557348878e+22,7.012778330752544e+22,8.022744140991333e+22
