t(s),Total solute volume 1,Total retention volume 1,Total 1 volume 1,Total 2 volume 1,Total 3 volume 1,Total 4 volume 1,Total 5 volume 1,Total 6 volume 1
0,1.314985697153493e+17,2.424793450534252e+20,2.4495440733375292e+16,3.3758739075879256e+16,1.1317948948954237e+17,3.7882190721282016e+17,9.190621777599113e+18,2.3260696912960137e+20
