t(s),Total solute volume 1,Total retention volume 1,Total 1 volume 1,Total 2 volume 1,Total 3 volume 1,Total 4 volume 1,Total 5 volume 1,Total 6 volume 1
0,1.874180731908145e+17,2.1075678408344187e+18,5.399819431922016e+16,8.374842692958085e+16,506337221522172.5,1626426646197145.5,5.071522786488118e+16,1.729555154662201e+18
