t(s),Total solute volume 1,Total retention volume 1,Total 1 volume 1,Total 2 volume 1,Total 3 volume 1,Total 4 volume 1,Total 5 volume 1,Total 6 volume 1
0,2.69227699570376e+18,1.542816769326817e+23,2.0606897695457464e+19,7.758321800726444e+19,2.412259537470225e+21,3.348061481399537e+22,4.92681672625138e+22,6.901975292600213e+22
