t(s),Total solute volume 1,Total retention volume 1,Total 1 volume 1,Total 2 volume 1,Total 3 volume 1,Total 4 volume 1,Total 5 volume 1,Total 6 volume 1
0,4.6444135142887546e+17,1.0705273781292302e+19,4.088535341100352e+17,8.580895293571512e+17,2594818743130982.5,1.3235831754771994e+16,6.687992682112209e+17,8.289259447687099e+18
