t(s),Total solute volume 1,Total retention volume 1,Total 1 volume 1,Total 2 volume 1,Total 3 volume 1,Total 4 volume 1,Total 5 volume 1,Total 6 volume 1
0,4.999990884535286e+16,7.555646510368485e+18,2833151015773908.0,2828700406760327.0,1.6290293764001918e+16,5.294905488910501e+16,6.452135656758081e+17,6.785531835771617e+18
