t(s),Total solute volume 1,Total retention volume 1,Total 1 volume 1,Total 2 volume 1,Total 3 volume 1,Total 4 volume 1,Total 5 volume 1,Total 6 volume 1
0,5.263409243820472e+16,3.8411033451379026e+18,3176956375550944.0,3226718800086626.5,8675919957765373.0,1.881930026148218e+16,2.267375400504731e+17,3.5278328172543933e+18
