t(s),Total solute volume 1,Total retention volume 1,Total 1 volume 1,Total 2 volume 1,Total 3 volume 1,Total 4 volume 1,Total 5 volume 1,Total 6 volume 1
0,6.5666411056726936e+16,9.833054375526367e+18,5203971956357368.0,5689972671683596.0,1.530799272114633e+16,3.63245702880967e+16,5.176967889301226e+17,9.187164667902001e+18
