t(s),Total solute volume 1,Total retention volume 1,Total 1 volume 1,Total 2 volume 1,Total 3 volume 1,Total 4 volume 1,Total 5 volume 1,Total 6 volume 1
0,5.74157916659942e+18,1.563729298146958e+21,1.1155733650881687e+20,5.3600706402624864e+20,1.4815896371461358e+20,1.832450591733748e+20,1.451100171040696e+20,4.339092784532162e+20
