t(s),Total solute volume 1,Total retention volume 1,Total 1 volume 1,Total 2 volume 1,Total 3 volume 1,Total 4 volume 1,Total 5 volume 1,Total 6 volume 1
0,1.7473117771507889e+18,2.551778623024008e+21,7.856350728538216e+18,2.56333736483743e+19,2.209076321778798e+19,1.771576740376146e+20,5.7904792394170506e+20,1.738245225672844e+21
