t(s),Total solute volume 1,Total retention volume 1,Total 1 volume 1,Total 2 volume 1,Total 3 volume 1,Total 4 volume 1,Total 5 volume 1,Total 6 volume 1
0,4.388031255538536e+18,1.9139612309086281e+21,6.12580002685351e+19,2.704458392884035e+20,1.4426985022565795e+20,3.2519198745056235e+20,2.7838201550682368e+20,8.300255069130974e+20
