t(s),Total solute volume 1,Total retention volume 1,Total 1 volume 1,Total 2 volume 1,Total 3 volume 1,Total 4 volume 1,Total 5 volume 1,Total 6 volume 1
0,1.7473117771507889e+18,7.545378807790067e+21,7.856350728538215e+18,2.56333736483743e+19,6.450666800696698e+19,5.3745358897103084e+20,1.761564070838637e+21,5.146617443819437e+21
