t(s),Total solute volume 1,Total retention volume 1,Total 1 volume 1,Total 2 volume 1,Total 3 volume 1,Total 4 volume 1,Total 5 volume 1,Total 6 volume 1
0,1.1999214403838304e+20,4.6812915569688666e+23,6.152497233576406e+22,4.870349495676086e+22,1.0392711924386778e+23,8.993992778236726e+22,7.993686371880613e+22,8.397678551528646e+22
