t(s),Total solute volume 1,Total retention volume 1,Total 1 volume 1,Total 2 volume 1,Total 3 volume 1,Total 4 volume 1,Total 5 volume 1,Total 6 volume 1
0,2.073332087427378e+19,3.596838635410916e+23,1.9346913512456716e+21,1.1315073985465211e+22,9.522964950232325e+22,8.881208212670632e+22,7.881233928953168e+22,8.355929396494632e+22
