t(s),Total solute volume 1,Total retention volume 1,Total 1 volume 1,Total 2 volume 1,Total 3 volume 1,Total 4 volume 1,Total 5 volume 1,Total 6 volume 1
0,8.434622358698939e+16,2.9391764280509907e+19,9096397638945638.0,1.0811486824468592e+16,2.9780574793891908e+16,7.88799884775075e+16,1.360547444131181e+18,2.7818302165056766e+19
