t(s),Total solute volume 1,Total retention volume 1,Total 1 volume 1,Total 2 volume 1,Total 3 volume 1,Total 4 volume 1,Total 5 volume 1,Total 6 volume 1
0,2.073332087427378e+19,1.7986227899469706e+22,1.9346913512456716e+21,1.1315073985465211e+22,2.1708000672962542e+21,6.393589902247787e+20,4.8036563511310824e+20,1.4252045492500014e+21
