t(s),Total solute volume 1,Total retention volume 1,Total 1 volume 1,Total 2 volume 1,Total 3 volume 1,Total 4 volume 1,Total 5 volume 1,Total 6 volume 1
0,4.632802213684205e+19,1.864313626474888e+23,1.098131415173949e+22,3.5085054935044953e+22,5.663665040841414e+22,2.4553254259144503e+22,1.923567978220959e+22,3.989308108879952e+22
