t(s),Total solute volume 1,Total retention volume 1,Total 1 volume 1,Total 2 volume 1,Total 3 volume 1,Total 4 volume 1,Total 5 volume 1,Total 6 volume 1
0,7.898873006952949e+16,7.644922210882574e+17,7857626411464600.0,9137075296732168.0,826428835589844.2,1715291653375047.2,2.7669485818767856e+16,6.382975830028009e+17
