t(s),Total solute volume 1,Total retention volume 1,Total 1 volume 1,Total 2 volume 1,Total 3 volume 1,Total 4 volume 1,Total 5 volume 1,Total 6 volume 1
0,2.0660865705208714e+17,1.1325190199895351e+20,6.711558540817307e+16,1.0753082620506752e+17,2.7760084245747504e+16,9.493499220850026e+16,3.1850780648657746e+18,1.095628737889683e+20
