t(s),Total solute volume 1,Total retention volume 1,Total 1 volume 1,Total 2 volume 1,Total 3 volume 1,Total 4 volume 1,Total 5 volume 1,Total 6 volume 1
0,2.5417881604872016e+17,2.5398316850260083e+21,1.0655456735803997e+17,1.8292710984074672e+17,4.762784791720808e+17,2.0326297493514396e+18,7.978709310834549e+19,2.4569920231958947e+21
