t(s),Total solute volume 1,Total retention volume 1,Total 1 volume 1,Total 2 volume 1,Total 3 volume 1,Total 4 volume 1,Total 5 volume 1,Total 6 volume 1
0,3.41080351854199e+18,8.61897205006595e+21,3.4926673833597546e+19,1.42115214248461e+20,4.092082553842158e+20,1.6335946768164882e+21,1.6432437019507077e+21,4.752472724314149e+21
