t(s),Total solute volume 1,Total retention volume 1,Total 1 volume 1,Total 2 volume 1,Total 3 volume 1,Total 4 volume 1,Total 5 volume 1,Total 6 volume 1
0,1.1999214403838304e+20,4.667055800321434e+23,6.152497233576406e+22,4.870349495676086e+22,1.0374519509904626e+23,8.943123931907731e+22,7.940165295475553e+22,8.37790332227025e+22
