t(s),Total solute volume 1,Total retention volume 1,Total 1 volume 1,Total 2 volume 1,Total 3 volume 1,Total 4 volume 1,Total 5 volume 1,Total 6 volume 1
0,4.756651887055506e+16,5.855539696569518e+16,2534742031225772.5,2489019978208219.0,18055878199889.492,28722063147467.41,313556487356628.75,5604781657002206.0
