t(s),Total solute volume 1,Total retention volume 1,Total 1 volume 1,Total 2 volume 1,Total 3 volume 1,Total 4 volume 1,Total 5 volume 1,Total 6 volume 1
0,4.999990884535286e+16,3.533098416249761e+17,2833151015773908.0,2828700406760326.5,817115398984786.5,1366801962103629.5,1.5532014554323972e+16,2.7993214944167517e+17
