t(s),Total solute volume 1,Total retention volume 1,Total 1 volume 1,Total 2 volume 1,Total 3 volume 1,Total 4 volume 1,Total 5 volume 1,Total 6 volume 1
0,1.314985697153493e+17,8.523860351205322e+20,2.4495440733375292e+16,3.3758739075879256e+16,3.2782996654821645e+17,2.0862103201991642e+18,5.500210549527889e+19,7.947801365889911e+20
