t(s),Total solute volume 1,Total retention volume 1,Total 1 volume 1,Total 2 volume 1,Total 3 volume 1,Total 4 volume 1,Total 5 volume 1,Total 6 volume 1
0,1.1999214403838304e+20,4.437867640232829e+23,6.152497233576406e+22,4.870349495676086e+22,1.0064198108508616e+23,8.13288164766609e+22,7.10251802636312e+22,8.044232676134784e+22
