t(s),Total solute volume 1,Total retention volume 1,Total 1 volume 1,Total 2 volume 1,Total 3 volume 1,Total 4 volume 1,Total 5 volume 1,Total 6 volume 1
0,1.433399386980134e+18,1.905315111770607e+20,5.050972524890161e+18,1.5430230570377775e+19,8.70597115647955e+17,6.955635815698902e+18,3.925776062523006e+19,1.2153291513823633e+20
