t(s),Total solute volume 1,Total retention volume 1,Total 1 volume 1,Total 2 volume 1,Total 3 volume 1,Total 4 volume 1,Total 5 volume 1,Total 6 volume 1
0,2.0660865705208714e+17,3.726445954409271e+19,6.711558540817307e+16,1.0753082620506754e+17,9102353800374510.0,3.0856658851762676e+16,1.0346060725850115e+18,3.580863939019005e+19
