t(s),Total solute volume 1,Total retention volume 1,Total 1 volume 1,Total 2 volume 1,Total 3 volume 1,Total 4 volume 1,Total 5 volume 1,Total 6 volume 1
0,4.756651887055506e+16,3.974693455028506e+18,2534742031225772.5,2489019978208219.0,1.0073514981451426e+16,2.4902265745656068e+16,2.8276615421853565e+17,3.6043612392028186e+18
