t(s),Total solute volume 1,Total retention volume 1,Total 1 volume 1,Total 2 volume 1,Total 3 volume 1,Total 4 volume 1,Total 5 volume 1,Total 6 volume 1
0,6.5666411056726936e+16,3.544614815054364e+19,5203971956357368.0,5689972671683596.0,4.443400165912736e+16,2.1280139173905456e+17,3.3377060244714655e+18,3.1774646376989233e+19
