t(s),Total solute volume 1,Total retention volume 1,Total 1 volume 1,Total 2 volume 1,Total 3 volume 1,Total 4 volume 1,Total 5 volume 1,Total 6 volume 1
0,7.654339330001997e+18,1.4284279953713822e+21,2.117402954663517e+20,1.1075853577564208e+21,2.6539821428653146e+19,1.844585959476304e+19,1.4118753770576361e+19,4.234356802459143e+19
