t(s),Total solute volume 1,Total retention volume 1,Total 1 volume 1,Total 2 volume 1,Total 3 volume 1,Total 4 volume 1,Total 5 volume 1,Total 6 volume 1
0,7.654339330001997e+18,1.6400424622160242e+21,2.117402954663518e+20,1.1075853577564208e+21,8.186134303709954e+19,5.695149234824738e+19,4.359455065964562e+19,1.3065508361824818e+20
