t(s),Total solute volume 1,Total retention volume 1,Total 1 volume 1,Total 2 volume 1,Total 3 volume 1,Total 4 volume 1,Total 5 volume 1,Total 6 volume 1
0,2.838052749429945e+17,7.783341724258512e+18,1.3626480534992328e+17,2.426887464870655e+17,1318176783417040.8,5235798237985592.0,2.1912216936670726e+17,6.894906753090439e+18
