t(s),Total solute volume 1,Total retention volume 1,Total 1 volume 1,Total 2 volume 1,Total 3 volume 1,Total 4 volume 1,Total 5 volume 1,Total 6 volume 1
0,4.6444135142887546e+17,1.4793236985212872e+22,4.088535341100352e+17,8.58089529357151e+17,3.9641482688036977e+18,2.4348303542076404e+19,1.2480384271575273e+21,1.3515154721829527e+22
