t(s),Total solute volume 1,Total retention volume 1,Total 1 volume 1,Total 2 volume 1,Total 3 volume 1,Total 4 volume 1,Total 5 volume 1,Total 6 volume 1
0,5.263409243820472e+16,6.347183329067221e+16,3176956375550942.5,3226718800086626.5,11235841819310.87,18819122459114.53,222077904831564.44,4181932807720551.5
