t(s),Total solute volume 1,Total retention volume 1,Total 1 volume 1,Total 2 volume 1,Total 3 volume 1,Total 4 volume 1,Total 5 volume 1,Total 6 volume 1
0,7.412634750021373e+16,5.233095884606771e+19,6819284532587502.0,7763492501330356.0,5.5859888764902584e+16,2.397628483140367e+17,4.0020344995139773e+18,4.794459248494049e+19
