t(s),Total solute volume 1,Total retention volume 1,Total 1 volume 1,Total 2 volume 1,Total 3 volume 1,Total 4 volume 1,Total 5 volume 1,Total 6 volume 1
0,2.286764682938004e+17,8.979607407431695e+21,8.41666310503365e+16,1.3948910952252272e+17,1.5339606044080768e+18,1.160935553690854e+19,4.546596861007071e+20,8.511352072980767e+21
