t(s),Total solute volume 1,Total retention volume 1,Total 1 volume 1,Total 2 volume 1,Total 3 volume 1,Total 4 volume 1,Total 5 volume 1,Total 6 volume 1
0,1.7473117771507889e+18,1.007262875272528e+20,7.856350728538216e+18,2.56333736483743e+19,5.810903449134463e+17,4.573170636752561e+18,1.492783780013527e+19,4.540715259138868e+19
