t(s),Total solute volume 1,Total retention volume 1,Total 1 volume 1,Total 2 volume 1,Total 3 volume 1,Total 4 volume 1,Total 5 volume 1,Total 6 volume 1
0,6.9702016393038264e+16,1.6472484351742194e+19,5944515532356725.0,6630186019767457.0,2.262298999784447e+16,5.9103510371716e+16,8.872693560427338e+17,1.5421211777384667e+19
