t(s),Total solute volume 1,Total retention volume 1,Total 1 volume 1,Total 2 volume 1,Total 3 volume 1,Total 4 volume 1,Total 5 volume 1,Total 6 volume 1
0,1.122294944848212e+17,3.351868482207735e+20,1.720192593325329e+16,2.2487444393871428e+16,1.7747542699056698e+17,8.768572209179283e+17,1.9902114177272623e+19,3.140784825307773e+20
