t(s),Total solute volume 1,Total retention volume 1,Total 1 volume 1,Total 2 volume 1,Total 3 volume 1,Total 4 volume 1,Total 5 volume 1,Total 6 volume 1
0,5.549106202873219e+16,9.477799217191e+16,3574543289432606.5,3695067633789086.0,73886471744611.0,127328292373133.67,1565049531815013.0,3.0251054924023596e+16
