t(s),Total solute volume 1,Total retention volume 1,Total 1 volume 1,Total 2 volume 1,Total 3 volume 1,Total 4 volume 1,Total 5 volume 1,Total 6 volume 1
0,6.197674773403082e+16,6.19074959508309e+17,4574148913662800.0,4905847431427061.0,1033847406236666.2,1914539242805693.0,2.564798443374809e+16,5.19021844346383e+17
