t(s),Total solute volume 1,Total retention volume 1,Total 1 volume 1,Total 2 volume 1,Total 3 volume 1,Total 4 volume 1,Total 5 volume 1,Total 6 volume 1
0,6.9702016393038264e+16,4.475749197257947e+19,5944515532356725.0,6630186019767457.0,5.130441363251576e+16,2.4148716197155123e+17,3.928768557563707e+18,4.045365512146705e+19
