t(s),Total solute volume 1,Total retention volume 1,Total 1 volume 1,Total 2 volume 1,Total 3 volume 1,Total 4 volume 1,Total 5 volume 1,Total 6 volume 1
0,7.412634750021373e+16,6.819935400476116e+19,6819284532587502.0,7763492501330356.0,6.7409502479919656e+16,3.796553268616796e+17,6.676125949249581e+18,6.098745410163428e+19
