t(s),Total solute volume 1,Total retention volume 1,Total 1 volume 1,Total 2 volume 1,Total 3 volume 1,Total 4 volume 1,Total 5 volume 1,Total 6 volume 1
0,5.263409243820472e+16,1.8858235593322384e+17,3176956375550944.5,3226718800086626.5,327149683455907.1,552539162027896.9,6524126585876129.0,1.2214077288802192e+17
