t(s),Total solute volume 1,Total retention volume 1,Total 1 volume 1,Total 2 volume 1,Total 3 volume 1,Total 4 volume 1,Total 5 volume 1,Total 6 volume 1
0,1.7065136209902323e+17,3.6584243127365016e+20,4.381099764971746e+16,6.585874551544885e+16,1.1560445389742059e+17,3.908292529198751e+17,1.1441765240746426e+19,3.536139112208235e+20
