t(s),Total solute volume 1,Total retention volume 1,Total 1 volume 1,Total 2 volume 1,Total 3 volume 1,Total 4 volume 1,Total 5 volume 1,Total 6 volume 1
0,1.7473117771507889e+18,5.052719757289242e+20,7.856350728538216e+18,2.56333736483743e+19,4.163246778130365e+18,3.286675207086977e+19,1.0730760693747838e+20,3.256973337883798e+20
