t(s),Total solute volume 1,Total retention volume 1,Total 1 volume 1,Total 2 volume 1,Total 3 volume 1,Total 4 volume 1,Total 5 volume 1,Total 6 volume 1
0,8.434622358698939e+16,1.2280844743695507e+17,9096397638945638.0,1.0811486824468592e+16,20484171624673.06,43688230116172.42,740861002798330.8,1.7749305982012454e+16
