t(s),Total solute volume 1,Total retention volume 1,Total 1 volume 1,Total 2 volume 1,Total 3 volume 1,Total 4 volume 1,Total 5 volume 1,Total 6 volume 1
0,7.412634750021373e+16,1.1827801339296407e+18,6819284532587501.0,7763492501330356.0,1508041439831611.5,3053902085177165.5,4.6940784978822424e+16,1.0425682808916682e+18
