t(s),Total solute volume 1,Total retention volume 1,Total 1 volume 1,Total 2 volume 1,Total 3 volume 1,Total 4 volume 1,Total 5 volume 1,Total 6 volume 1
0,2.0660865705208714e+17,6.659321796237979e+21,6.711558540817307e+16,1.0753082620506754e+17,1.2506867846244083e+18,1.012587815638941e+19,3.7600909527397014e+20,6.271554880954488e+21
