t(s),Total solute volume 1,Total retention volume 1,Total 1 volume 1,Total 2 volume 1,Total 3 volume 1,Total 4 volume 1,Total 5 volume 1,Total 6 volume 1
0,6.197674773403082e+16,1.7413720839784372e+19,4574148913662800.0,4905847431427061.0,2.687166400826632e+16,8.679918913277038e+16,1.2275432370589765e+18,1.6001050005505356e+19
