t(s),Total solute volume 1,Total retention volume 1,Total 1 volume 1,Total 2 volume 1,Total 3 volume 1,Total 4 volume 1,Total 5 volume 1,Total 6 volume 1
0,4.071819960099205e+17,1.555901891624504e+20,3.048573828454969e+17,6.123728968341585e+17,3.550787024854399e+16,1.6984059102284534e+17,8.473212730495759e+18,1.455872156949937e+20
