t(s),Total solute volume 1,Total retention volume 1,Total 1 volume 1,Total 2 volume 1,Total 3 volume 1,Total 4 volume 1,Total 5 volume 1,Total 6 volume 1
0,6.160605045081409e+17,7.654142376703694e+19,7.67830629749285e+17,1.7706017440084913e+18,3.962238393757804e+16,2.32662714390789e+17,1.0045346468017627e+19,6.306929932242524e+19
