t(s),Total solute volume 1,Total retention volume 1,Total 1 volume 1,Total 2 volume 1,Total 3 volume 1,Total 4 volume 1,Total 5 volume 1,Total 6 volume 1
0,1.4509118010472559e+19,3.33955955735806e+23,8.782046250079989e+20,5.232424008980733e+21,8.212226266114631e+22,8.649006480857365e+22,7.653047292317368e+22,8.268801759091777e+22
