t(s),Total solute volume 1,Total retention volume 1,Total 1 volume 1,Total 2 volume 1,Total 3 volume 1,Total 4 volume 1,Total 5 volume 1,Total 6 volume 1
0,1.122294944848212e+17,3.053200286250483e+17,1.720192593325329e+16,2.2487444393871428e+16,102513812563817.86,253163629650657.12,5345807142654954.0,1.4769967922822947e+17
