t(s),Total solute volume 1,Total retention volume 1,Total 1 volume 1,Total 2 volume 1,Total 3 volume 1,Total 4 volume 1,Total 5 volume 1,Total 6 volume 1
0,1.213101554250879e+17,2.732252934779371e+19,2.046233060134811e+16,2.7452473202875316e+16,1.5626607083122748e+16,4.160693872584225e+16,9.348856687770202e+17,2.616118517397826e+19
