t(s),Total solute volume 1,Total retention volume 1,Total 1 volume 1,Total 2 volume 1,Total 3 volume 1,Total 4 volume 1,Total 5 volume 1,Total 6 volume 1
0,4.388031255538536e+18,2.3652649944704842e+23,6.12580002685351e+19,2.7044583928840353e+20,1.0589210350264571e+22,7.2361794783999385e+22,7.2264311284006855e+22,8.097509115796654e+22
