t(s),Total solute volume 1,Total retention volume 1,Total 1 volume 1,Total 2 volume 1,Total 3 volume 1,Total 4 volume 1,Total 5 volume 1,Total 6 volume 1
0,6.197674773403082e+16,4.616504802150148e+18,4574148913662800.0,4905847431427061.0,8170663993883267.0,1.7152501521273052e+16,2.319786215655094e+17,4.287746270990208e+18
