t(s),Total solute volume 1,Total retention volume 1,Total 1 volume 1,Total 2 volume 1,Total 3 volume 1,Total 4 volume 1,Total 5 volume 1,Total 6 volume 1
0,1.213101554250879e+17,2.4487974976324502e+17,2.046233060134811e+16,2.7452473202875316e+16,44150278195181.22,113447632326017.17,2542686979283482.5,7.29545056441251e+16
