t(s),Total solute volume 1,Total retention volume 1,Total 1 volume 1,Total 2 volume 1,Total 3 volume 1,Total 4 volume 1,Total 5 volume 1,Total 6 volume 1
0,1.213101554250879e+17,5.797414580198487e+17,2.046233060134811e+16,2.7452473202875316e+16,239525823035440.72,615750186795725.9,1.3801149402351512e+16,3.958600733783525e+17
