t(s),Total solute volume 1,Total retention volume 1,Total 1 volume 1,Total 2 volume 1,Total 3 volume 1,Total 4 volume 1,Total 5 volume 1,Total 6 volume 1
0,4.632802213684205e+19,7.82467412656068e+22,1.098131415173949e+22,3.5085054935044953e+22,1.492612158770078e+22,4.4592016382912684e+21,3.370631581299527e+21,9.378089349395262e+21
