t(s),Total solute volume 1,Total retention volume 1,Total 1 volume 1,Total 2 volume 1,Total 3 volume 1,Total 4 volume 1,Total 5 volume 1,Total 6 volume 1
0,6.5666411056726936e+16,1.0635343054770003e+18,5203971956357369.0,5689972671683596.0,1678557580455396.2,3222317160849393.5,4.5150811514505496e+16,9.36922263536416e+17
