t(s),Total solute volume 1,Total retention volume 1,Total 1 volume 1,Total 2 volume 1,Total 3 volume 1,Total 4 volume 1,Total 5 volume 1,Total 6 volume 1
0,5.859579698822926e+16,3.7304368147704474e+17,4036115571689510.5,4248607036429529.5,639205517398565.0,1144863994560977.5,1.468471507793663e+16,2.89694377290803e+17
