t(s),Total solute volume 1,Total retention volume 1,Total 1 volume 1,Total 2 volume 1,Total 3 volume 1,Total 4 volume 1,Total 5 volume 1,Total 6 volume 1
0,3.41080351854199e+18,4.0623289158322664e+20,3.4926673833597546e+19,1.42115214248461e+20,1.129609860498385e+19,4.282553745102227e+19,4.291937690988937e+19,1.2873918701672612e+20
