t(s),Total solute volume 1,Total retention volume 1,Total 1 volume 1,Total 2 volume 1,Total 3 volume 1,Total 4 volume 1,Total 5 volume 1,Total 6 volume 1
0,9.954516368711946e+17,1.2489598165394092e+23,2.2394775286774456e+18,6.059472535941418e+18,1.3819722974699456e+20,2.681232075199102e+21,4.899857582605632e+22,7.306868212123745e+22
