t(s),Total solute volume 1,Total retention volume 1,Total 1 volume 1,Total 2 volume 1,Total 3 volume 1,Total 4 volume 1,Total 5 volume 1,Total 6 volume 1
0,9.954516368711946e+17,7.879752423417083e+19,2.2394775286774456e+18,6.059472535941418e+18,1.3072078245768459e+17,9.507982503654171e+17,1.535795761721963e+19,5.306364588263801e+19
