t(s),Total solute volume 1,Total retention volume 1,Total 1 volume 1,Total 2 volume 1,Total 3 volume 1,Total 4 volume 1,Total 5 volume 1,Total 6 volume 1
0,4.632802213684205e+19,4.028243797178871e+23,1.098131415173949e+22,3.5085054935044953e+22,1.030982089891514e+23,8.983949322246195e+22,7.983477997202188e+22,8.393920042533196e+22
