t(s),Total solute volume 1,Total retention volume 1,Total 1 volume 1,Total 2 volume 1,Total 3 volume 1,Total 4 volume 1,Total 5 volume 1,Total 6 volume 1
0,1.7065136209902323e+17,4.818006547237777e+17,4.381099764971746e+16,6.585874551544885e+16,66184229743135.94,202571214269487.66,5887240155940889.0,1.9532355385963347e+17
