t(s),Total solute volume 1,Total retention volume 1,Total 1 volume 1,Total 2 volume 1,Total 3 volume 1,Total 4 volume 1,Total 5 volume 1,Total 6 volume 1
0,1.7065136209902323e+17,1.6701530489427506e+20,4.381099764971746e+16,6.585874551544885e+16,5.382238789451764e+16,1.72324846767032e+17,5.024313467563705e+18,1.6148452308678712e+20
