t(s),Total solute volume 1,Total retention volume 1,Total 1 volume 1,Total 2 volume 1,Total 3 volume 1,Total 4 volume 1,Total 5 volume 1,Total 6 volume 1
0,1.0417779541760956e+19,1.931047926706265e+22,4.2060845695740917e+20,2.3786086414986547e+21,5.77809129268593e+21,2.7275399013461236e+21,2.069973348603187e+21,5.925239846429762e+21
