t(s),Total solute volume 1,Total retention volume 1,Total 1 volume 1,Total 2 volume 1,Total 3 volume 1,Total 4 volume 1,Total 5 volume 1,Total 6 volume 1
0,1.7065136209902323e+17,4.6914274411808896e+20,4.381099764971746e+16,6.585874551544885e+16,1.4671630711463155e+17,5.103806039037597e+17,1.497530083831682e+19,4.5323002526349224e+20
