t(s),Total solute volume 1,Total retention volume 1,Total 1 volume 1,Total 2 volume 1,Total 3 volume 1,Total 4 volume 1,Total 5 volume 1,Total 6 volume 1
0,3.5908603530687936e+17,8.653265715091019e+19,2.3031334757874176e+17,4.4365248646884774e+17,1.6915121768086556e+16,7.585256764690902e+16,3.620490928698223e+18,8.178634666344224e+19
