t(s),Total solute volume 1,Total retention volume 1,Total 1 volume 1,Total 2 volume 1,Total 3 volume 1,Total 4 volume 1,Total 5 volume 1,Total 6 volume 1
0,1.1886142573461043e+18,7.867783435068348e+20,3.3262845753212687e+18,9.547595689902217e+18,2.3665408104251315e+18,1.8356831523784921e+19,1.789323397500329e+20,5.730601369000228e+20
