t(s),Total solute volume 1,Total retention volume 1,Total 1 volume 1,Total 2 volume 1,Total 3 volume 1,Total 4 volume 1,Total 5 volume 1,Total 6 volume 1
0,8.413405339804337e+17,1.4416689799691331e+20,1.5388438157429548e+18,3.936856474967845e+18,1.6438103579372675e+17,1.1166291335492588e+18,2.7772210964584366e+19,1.0879663603829468e+20
