t(s),Total solute volume 1,Total retention volume 1,Total 1 volume 1,Total 2 volume 1,Total 3 volume 1,Total 4 volume 1,Total 5 volume 1,Total 6 volume 1
0,5.74157916659942e+18,2.2952852025132037e+23,1.1155733650881687e+20,5.3600706402624864e+20,1.9935238984330253e+22,6.934872751200653e+22,6.289105543980074e+22,7.6700192335477e+22
