t(s),Total solute volume 1,Total retention volume 1,Total 1 volume 1,Total 2 volume 1,Total 3 volume 1,Total 4 volume 1,Total 5 volume 1,Total 6 volume 1
0,1.122294944848212e+17,2.1776902763154477e+17,1.720192593325329e+16,2.2487444393871428e+16,44008747341948.016,108664151536582.28,2294527566992956.0,6.340296235372702e+16
