t(s),Total solute volume 1,Total retention volume 1,Total 1 volume 1,Total 2 volume 1,Total 3 volume 1,Total 4 volume 1,Total 5 volume 1,Total 6 volume 1
0,1.7473117771507889e+18,1.5588137747451563e+23,7.856350728538216e+18,2.56333736483743e+19,7.453873094767618e+20,1.6559022429842293e+22,6.191006545638308e+22,7.663166524265574e+22
