t(s),Total solute volume 1,Total retention volume 1,Total 1 volume 1,Total 2 volume 1,Total 3 volume 1,Total 4 volume 1,Total 5 volume 1,Total 6 volume 1
0,3.184149623986931e+17,7.647418500793175e+21,1.761415583916261e+17,3.259754029847607e+17,1.314086792862976e+18,6.676628707656661e+18,3.040440071416606e+20,7.334563246227216e+21
