t(s),Total solute volume 1,Total retention volume 1,Total 1 volume 1,Total 2 volume 1,Total 3 volume 1,Total 4 volume 1,Total 5 volume 1,Total 6 volume 1
0,7.898873006952949e+16,1.0337749941446352e+17,7857626411464600.0,9137075296732168.0,9164643611298.844,18898181072295.3,304709224758628.0,7061295587294073.0
