t(s),Total solute volume 1,Total retention volume 1,Total 1 volume 1,Total 2 volume 1,Total 3 volume 1,Total 4 volume 1,Total 5 volume 1,Total 6 volume 1
0,1.7065136209902323e+17,1.7298277734902515e+18,4.381099764971746e+16,6.585874551544885e+16,476087198950881.75,1457657845199646.0,4.236427413490197e+16,1.4052086490470016e+18
