t(s),Total solute volume 1,Total retention volume 1,Total 1 volume 1,Total 2 volume 1,Total 3 volume 1,Total 4 volume 1,Total 5 volume 1,Total 6 volume 1
0,1.1999214403838304e+20,1.1591676205740188e+23,6.152497233576406e+22,4.870349495676086e+22,2.677165021254793e+21,7.272215358929745e+20,5.4610644950012645e+20,1.6178096141927797e+21
