t(s),Total solute volume 1,Total retention volume 1,Total 1 volume 1,Total 2 volume 1,Total 3 volume 1,Total 4 volume 1,Total 5 volume 1,Total 6 volume 1
0,1.213101554250879e+17,4.4252389435742296e+20,2.046233060134811e+16,2.7452473202875316e+16,2.0858056358687776e+17,1.006311919764277e+18,2.4021563262036767e+19,4.1711821365281024e+20
