t(s),Total solute volume 1,Total retention volume 1,Total 1 volume 1,Total 2 volume 1,Total 3 volume 1,Total 4 volume 1,Total 5 volume 1,Total 6 volume 1
0,1.5593745071291005e+17,4.63766352371397e+17,3.5828426689998184e+16,5.226428756416006e+16,83584813610371.3,244283515814638.47,6631221181693142.0,2.1277709789320342e+17
