t(s),Total solute volume 1,Total retention volume 1,Total 1 volume 1,Total 2 volume 1,Total 3 volume 1,Total 4 volume 1,Total 5 volume 1,Total 6 volume 1
0,4.999990884535286e+16,2.9463451311261773e+18,2833151015773908.0,2828700406760327.0,7274445999507623.0,1.525888683128115e+16,1.7660604507591248e+17,2.691543992951568e+18
