t(s),Total solute volume 1,Total retention volume 1,Total 1 volume 1,Total 2 volume 1,Total 3 volume 1,Total 4 volume 1,Total 5 volume 1,Total 6 volume 1
0,5.549106202873219e+16,6.72160875069144e+16,3574543289432606.5,3695067633789086.0,10287771646371.984,17703511636942.82,217580149331307.56,4209843122346450.5
