t(s),Total solute volume 1,Total retention volume 1,Total 1 volume 1,Total 2 volume 1,Total 3 volume 1,Total 4 volume 1,Total 5 volume 1,Total 6 volume 1
0,1.7065136209902323e+17,1.1355910156516169e+21,4.381099764971746e+16,6.585874551544885e+16,3.325120845791177e+17,1.3986997034633984e+18,4.173718452760453e+19,1.0918422982306824e+21
