t(s),Total solute volume 1,Total retention volume 1,Total 1 volume 1,Total 2 volume 1,Total 3 volume 1,Total 4 volume 1,Total 5 volume 1,Total 6 volume 1
0,6.197674773403082e+16,7.209853248928544e+16,4574148913662800.0,4905847431427061.0,1219932772228.3025,2221263539773.542,29721678182083.75,608625535669036.6
