t(s),Total solute volume 1,Total retention volume 1,Total 1 volume 1,Total 2 volume 1,Total 3 volume 1,Total 4 volume 1,Total 5 volume 1,Total 6 volume 1
0,5.549106202873219e+16,4.5975440432401894e+17,3574543289432606.5,3695067633789086.0,909117467342877.9,1596727413064515.0,1.965237589365189e+16,3.7483551059800525e+17
