t(s),Total solute volume 1,Total retention volume 1,Total 1 volume 1,Total 2 volume 1,Total 3 volume 1,Total 4 volume 1,Total 5 volume 1,Total 6 volume 1
0,2.073332087427378e+19,1.3556348858336945e+22,1.9346913512456716e+21,1.1315073985465211e+22,1.3228288704606355e+20,3.838555755123906e+19,2.8809871465308746e+19,8.637188468909983e+19
