t(s),Total solute volume 1,Total retention volume 1,Total 1 volume 1,Total 2 volume 1,Total 3 volume 1,Total 4 volume 1,Total 5 volume 1,Total 6 volume 1
0,1.1999214403838304e+20,3.509605073768238e+23,6.152497233576406e+22,4.870349495676086e+22,8.407044869840567e+22,5.092481770055751e+22,4.189791886411169e+22,6.3718862677181634e+22
