t(s),Total solute volume 1,Total retention volume 1,Total 1 volume 1,Total 2 volume 1,Total 3 volume 1,Total 4 volume 1,Total 5 volume 1,Total 6 volume 1
0,1.4509118010472559e+19,2.0149049301198854e+23,8.782046250079989e+20,5.232424008980733e+21,6.1668965100889565e+22,4.221342098962912e+22,3.4246590998400136e+22,5.723637817107013e+22
