t(s),Total solute volume 1,Total retention volume 1,Total 1 volume 1,Total 2 volume 1,Total 3 volume 1,Total 4 volume 1,Total 5 volume 1,Total 6 volume 1
0,3.5908603530687936e+17,1.998791844680625e+22,2.3031334757874176e+17,4.4365248646884774e+17,3.444772648618991e+18,2.2506756764662088e+19,1.1096096228220865e+21,1.885132424270147e+22
