t(s),Total solute volume 1,Total retention volume 1,Total 1 volume 1,Total 2 volume 1,Total 3 volume 1,Total 4 volume 1,Total 5 volume 1,Total 6 volume 1
0,6.197674773403082e+16,2.8105470613259006e+19,4574148913662800.0,4905847431427061.0,3.8460160450026776e+16,1.8648109409307843e+17,2.8217828765254395e+18,2.49872897381114e+19
