t(s),Total solute volume 1,Total retention volume 1,Total 1 volume 1,Total 2 volume 1,Total 3 volume 1,Total 4 volume 1,Total 5 volume 1,Total 6 volume 1
0,5.263409243820472e+16,6.094117228669262e+16,3176956375550943.5,3226718800086626.5,4823524883221.849,8077650390783.873,95320418138026.17,1795183079437967.5
