t(s),Total solute volume 1,Total retention volume 1,Total 1 volume 1,Total 2 volume 1,Total 3 volume 1,Total 4 volume 1,Total 5 volume 1,Total 6 volume 1
0,2.0660865705208714e+17,7.591569001190663e+21,6.711558540817307e+16,1.0753082620506754e+17,1.374004194137422e+18,1.2903553344727149e+19,4.937572014175803e+20,7.083152987165566e+21
