t(s),Total solute volume 1,Total retention volume 1,Total 1 volume 1,Total 2 volume 1,Total 3 volume 1,Total 4 volume 1,Total 5 volume 1,Total 6 volume 1
0,1.5593745071291005e+17,3.151733447986672e+17,3.5828426689998184e+16,5.226428756416006e+16,27062591667620.26,79087879362973.66,2146878449632391.5,6.889015091092975e+16
