t(s),Total solute volume 1,Total retention volume 1,Total 1 volume 1,Total 2 volume 1,Total 3 volume 1,Total 4 volume 1,Total 5 volume 1,Total 6 volume 1
0,1.7473117771507889e+18,3.358202832516396e+22,7.856350728538216e+18,2.56333736483743e+19,2.579034077254501e+20,2.6125442645582335e+21,8.701917370963128e+21,2.1974426245763302e+22
