t(s),Total solute volume 1,Total retention volume 1,Total 1 volume 1,Total 2 volume 1,Total 3 volume 1,Total 4 volume 1,Total 5 volume 1,Total 6 volume 1
0,2.1550923634800276e+18,2.3934591515659306e+21,1.2543579337050872e+19,4.387601538914759e+19,3.5828842969035452e+19,2.5878416512834866e+20,5.1237222288365964e+20,1.527899233495168e+21
