t(s),Total solute volume 1,Total retention volume 1,Total 1 volume 1,Total 2 volume 1,Total 3 volume 1,Total 4 volume 1,Total 5 volume 1,Total 6 volume 1
0,1.1886142573461043e+18,3.3951531120052474e+19,3.3262845753212687e+18,9.547595689902217e+18,6.111970617611748e+16,4.71159485590846e+17,4.5906132342420255e+18,1.4766144171474024e+19
