t(s),Total solute volume 1,Total retention volume 1,Total 1 volume 1,Total 2 volume 1,Total 3 volume 1,Total 4 volume 1,Total 5 volume 1,Total 6 volume 1
0,2.0660865705208714e+17,2.590133721193344e+18,6.711558540817307e+16,1.0753082620506754e+17,545979175485557.1,1843465306276785.8,6.179309765813325e+16,2.1446961103880986e+18
