t(s),Total solute volume 1,Total retention volume 1,Total 1 volume 1,Total 2 volume 1,Total 3 volume 1,Total 4 volume 1,Total 5 volume 1,Total 6 volume 1
0,1.4509118010472559e+19,3.31135530719103e+23,8.782046250079989e+20,5.232424008980733e+21,8.18118421516496e+22,8.546453651677016e+22,7.546452035623883e+22,8.226949394245344e+22
