t(s),Total solute volume 1,Total retention volume 1,Total 1 volume 1,Total 2 volume 1,Total 3 volume 1,Total 4 volume 1,Total 5 volume 1,Total 6 volume 1
0,1.1886142573461043e+18,3.1232951036262697e+21,3.3262845753212687e+18,9.547595689902217e+18,9.42294665207546e+18,7.451285125061457e+19,7.273010425562834e+20,2.2979957686447644e+21
