t(s),Total solute volume 1,Total retention volume 1,Total 1 volume 1,Total 2 volume 1,Total 3 volume 1,Total 4 volume 1,Total 5 volume 1,Total 6 volume 1
0,5.331000576703257e+17,3.354714812279671e+22,5.560848088934841e+17,1.2219752934206108e+18,1.104949321774674e+19,8.812928281659926e+19,4.422543667147804e+21,2.9023114519455126e+22
