t(s),Total solute volume 1,Total retention volume 1,Total 1 volume 1,Total 2 volume 1,Total 3 volume 1,Total 4 volume 1,Total 5 volume 1,Total 6 volume 1
0,4.071819960099205e+17,1.0958281420001532e+21,3.048573828454969e+17,6.123728968341585e+17,2.5052016846440435e+17,1.2147931821996416e+18,6.0663377089337336e+19,1.0323750392844634e+21
