t(s),Total solute volume 1,Total retention volume 1,Total 1 volume 1,Total 2 volume 1,Total 3 volume 1,Total 4 volume 1,Total 5 volume 1,Total 6 volume 1
0,8.413405339804337e+17,1.400089368411273e+23,1.5388438157429553e+18,3.9368564749678444e+18,9.163768936106879e+19,1.9459761580454899e+21,5.6817156502867184e+22,8.114784945002898e+22
