t(s),Total solute volume 1,Total retention volume 1,Total 1 volume 1,Total 2 volume 1,Total 3 volume 1,Total 4 volume 1,Total 5 volume 1,Total 6 volume 1
0,9.954516368711946e+17,5.030579556248009e+22,2.2394775286774456e+18,6.059472535941418e+18,7.588058940360938e+19,8.400101163152025e+20,1.4080240050803885e+22,3.530037040425665e+22
