t(s),Total solute volume 1,Total retention volume 1,Total 1 volume 1,Total 2 volume 1,Total 3 volume 1,Total 4 volume 1,Total 5 volume 1,Total 6 volume 1
0,7.898873006952949e+16,2.5804985984630854e+19,7857626411464600.0,9137075296732168.0,2.8885958479510708e+16,7.729100726896173e+16,1.2725770400858583e+18,2.4330248547018293e+19
