t(s),Total solute volume 1,Total retention volume 1,Total 1 volume 1,Total 2 volume 1,Total 3 volume 1,Total 4 volume 1,Total 5 volume 1,Total 6 volume 1
0,9.954516368711946e+17,4.8849943047869964e+19,2.2394775286774456e+18,6.059472535941418e+18,7.440579203586491e+16,5.4105293986490426e+17,8.73930996310042e+18,3.0200772651378864e+19
