t(s),Total solute volume 1,Total retention volume 1,Total 1 volume 1,Total 2 volume 1,Total 3 volume 1,Total 4 volume 1,Total 5 volume 1,Total 6 volume 1
0,4.388031255538536e+18,2.4225427388438906e+21,6.12580002685351e+19,2.704458392884035e+20,1.904379140953709e+20,4.305325830585275e+20,3.686362640819097e+20,1.0968441067955926e+21
