t(s),Total solute volume 1,Total retention volume 1,Total 1 volume 1,Total 2 volume 1,Total 3 volume 1,Total 4 volume 1,Total 5 volume 1,Total 6 volume 1
0,4.388031255538536e+18,2.1708230985079975e+23,6.12580002685351e+19,2.704458392884034e+20,1.0222181362999044e+22,6.5199026640307e+22,6.405032166550783e+22,7.727468831117178e+22
