t(s),Total solute volume 1,Total retention volume 1,Total 1 volume 1,Total 2 volume 1,Total 3 volume 1,Total 4 volume 1,Total 5 volume 1,Total 6 volume 1
0,2.286764682938004e+17,9.706245610071189e+21,8.41666310503365e+16,1.3948910952252272e+17,1.6273887947938747e+18,1.3225472210394673e+19,5.2417114428233037e+20,9.166769272574859e+21
