t(s),Total solute volume 1,Total retention volume 1,Total 1 volume 1,Total 2 volume 1,Total 3 volume 1,Total 4 volume 1,Total 5 volume 1,Total 6 volume 1
0,7.654339330001997e+18,1.7418227034186407e+21,2.1174029546635166e+20,1.1075853577564208e+21,1.0845059099684792e+20,7.54853628111879e+19,5.778353496766562e+19,1.731232220901407e+20
