t(s),Total solute volume 1,Total retention volume 1,Total 1 volume 1,Total 2 volume 1,Total 3 volume 1,Total 4 volume 1,Total 5 volume 1,Total 6 volume 1
0,4.756651887055506e+16,5.275125544261046e+18,2534742031225772.5,2489019978208219.0,1.2729597725447322e+16,3.6862938776716776e+16,4.2681665572622534e+17,4.746126071152719e+18
