t(s),Total solute volume 1,Total retention volume 1,Total 1 volume 1,Total 2 volume 1,Total 3 volume 1,Total 4 volume 1,Total 5 volume 1,Total 6 volume 1
0,5.859579698822926e+16,7.683088418739057e+17,4036115571689510.5,4248607036429529.5,1455065603734810.8,2648031374419444.5,3.4003798285062044e+16,6.633214270143538e+17
