t(s),Total solute volume 1,Total retention volume 1,Total 1 volume 1,Total 2 volume 1,Total 3 volume 1,Total 4 volume 1,Total 5 volume 1,Total 6 volume 1
0,4.632802213684205e+19,6.084648544128375e+22,1.098131415173949e+22,3.5085054935044953e+22,6.982946317693356e+21,1.9695646651268808e+21,1.4823018816459865e+21,4.298975467896124e+21
