t(s),Total solute volume 1,Total retention volume 1,Total 1 volume 1,Total 2 volume 1,Total 3 volume 1,Total 4 volume 1,Total 5 volume 1,Total 6 volume 1
0,1.433399386980134e+18,2.797083448078041e+21,5.050972524890161e+18,1.5430230570377775e+19,1.4163276331352486e+19,1.1553896900851948e+20,6.530623439967727e+20,1.9924042562592068e+21
