t(s),Total solute volume 1,Total retention volume 1,Total 1 volume 1,Total 2 volume 1,Total 3 volume 1,Total 4 volume 1,Total 5 volume 1,Total 6 volume 1
0,4.388031255538536e+18,2.5209105918914704e+23,6.12580002685351e+19,2.7044583928840313e+20,1.0851465396277907e+22,7.813998428326653e+22,7.90914900011212e+22,8.3672027637675e+22
