t(s),Total solute volume 1,Total retention volume 1,Total 1 volume 1,Total 2 volume 1,Total 3 volume 1,Total 4 volume 1,Total 5 volume 1,Total 6 volume 1
0,8.413405339804337e+17,4.000958644431477e+19,1.5388438157429553e+18,3.936856474967845e+18,4.019632436836396e+16,2.7279899925247408e+17,6.784476731105709e+18,2.6595073564897006e+19
