t(s),Total solute volume 1,Total retention volume 1,Total 1 volume 1,Total 2 volume 1,Total 3 volume 1,Total 4 volume 1,Total 5 volume 1,Total 6 volume 1
0,5.74157916659942e+18,8.216049056080255e+20,1.1155733650881687e+20,5.3600706402624864e+20,2.744734222946067e+19,3.3814310463117836e+19,2.676989693170712e+19,8.026737628208662e+19
