t(s),Total solute volume 1,Total retention volume 1,Total 1 volume 1,Total 2 volume 1,Total 3 volume 1,Total 4 volume 1,Total 5 volume 1,Total 6 volume 1
0,4.388031255538536e+18,8.614887260281695e+21,6.12580002685351e+19,2.7044583928840333e+20,7.397638746170187e+20,1.7337071652350253e+21,1.488302837779385e+21,4.3170215118377095e+21
