t(s),Total solute volume 1,Total retention volume 1,Total 1 volume 1,Total 2 volume 1,Total 3 volume 1,Total 4 volume 1,Total 5 volume 1,Total 6 volume 1
0,2.286764682938004e+17,3.8576002895731805e+21,8.41666310503365e+16,1.3948910952252272e+17,7.538453273675653e+17,3.624887560916808e+18,1.3410150579127868e+20,3.7186677186847467e+21
