t(s),Total solute volume 1,Total retention volume 1,Total 1 volume 1,Total 2 volume 1,Total 3 volume 1,Total 4 volume 1,Total 5 volume 1,Total 6 volume 1
0,9.954516368711946e+17,3.513460485038739e+21,2.2394775286774456e+18,6.059472535941418e+18,6.488858954802247e+18,4.85956668393536e+19,7.865746985788139e+20,2.662506858964354e+21
