t(s),Total solute volume 1,Total retention volume 1,Total 1 volume 1,Total 2 volume 1,Total 3 volume 1,Total 4 volume 1,Total 5 volume 1,Total 6 volume 1
0,7.654339330001997e+18,2.2911834225928136e+21,2.117402954663518e+20,1.1075853577564208e+21,2.5175637394071296e+20,1.7567726878593666e+20,1.345036418416647e+20,4.022661454716737e+20
