t(s),Total solute volume 1,Total retention volume 1,Total 1 volume 1,Total 2 volume 1,Total 3 volume 1,Total 4 volume 1,Total 5 volume 1,Total 6 volume 1
0,2.286764682938004e+17,1.1995356378609073e+22,8.41666310503365e+16,1.3948910952252272e+17,1.8952437804081252e+18,1.9536117741657936e+19,8.123725705702339e+20,1.116110011430785e+22
