t(s),Total solute volume 1,Total retention volume 1,Total 1 volume 1,Total 2 volume 1,Total 3 volume 1,Total 4 volume 1,Total 5 volume 1,Total 6 volume 1
0,3.5908603530687936e+17,7.802749296677791e+18,2.3031334757874176e+17,4.4365248646884774e+17,1340073468376245.0,6000746439157222.0,2.8639100412540595e+17,6.475965603290374e+18
