t(s),Total solute volume 1,Total retention volume 1,Total 1 volume 1,Total 2 volume 1,Total 3 volume 1,Total 4 volume 1,Total 5 volume 1,Total 6 volume 1
0,7.898873006952949e+16,1.0156096987868378e+17,7857626411464600.0,9137075296732168.0,6913179385450.95,14255238421868.889,229847371341491.12,5326522311808194.0
