t(s),Total solute volume 1,Total retention volume 1,Total 1 volume 1,Total 2 volume 1,Total 3 volume 1,Total 4 volume 1,Total 5 volume 1,Total 6 volume 1
0,1.433399386980134e+18,2.45364852507561e+20,5.050972524890161e+18,1.5430230570377775e+19,1.153428432328724e+18,9.219359939146516e+18,5.203586024848339e+19,1.6104160140535595e+20
