t(s),Total solute volume 1,Total retention volume 1,Total 1 volume 1,Total 2 volume 1,Total 3 volume 1,Total 4 volume 1,Total 5 volume 1,Total 6 volume 1
0,4.632802213684205e+19,9.824531902335747e+22,1.098131415173949e+22,3.5085054935044953e+22,2.364147095713618e+22,7.55358075911844e+21,5.740699971060921e+21,1.5196870227122685e+22
