t(s),Total solute volume 1,Total retention volume 1,Total 1 volume 1,Total 2 volume 1,Total 3 volume 1,Total 4 volume 1,Total 5 volume 1,Total 6 volume 1
0,4.632802213684205e+19,1.2705697214777248e+23,1.098131415173949e+22,3.5085054935044953e+22,3.540365485672991e+22,1.2481905972441988e+22,9.56917957638843e+21,2.3489534633290173e+22
