t(s),Total solute volume 1,Total retention volume 1,Total 1 volume 1,Total 2 volume 1,Total 3 volume 1,Total 4 volume 1,Total 5 volume 1,Total 6 volume 1
0,3.049370426842634e+19,2.7001955825304524e+22,4.502339012740615e+21,2.2082334505202914e+22,1.8439839843016678e+20,5.0612774818689516e+19,3.796943368721853e+19,1.1380799615668797e+20
