t(s),Total solute volume 1,Total retention volume 1,Total 1 volume 1,Total 2 volume 1,Total 3 volume 1,Total 4 volume 1,Total 5 volume 1,Total 6 volume 1
0,1.1999214403838304e+20,4.655122101182266e+23,6.152497233576406e+22,4.870349495676086e+22,1.0359174726774634e+23,8.900525936000363e+22,7.895432319352557e+22,8.361242086038411e+22
