t(s),Total solute volume 1,Total retention volume 1,Total 1 volume 1,Total 2 volume 1,Total 3 volume 1,Total 4 volume 1,Total 5 volume 1,Total 6 volume 1
0,1.0410857772626118e+17,3.166650381772449e+17,1.4548167332142294e+16,1.8548032395571572e+16,136778638777430.44,325082966886746.06,6480221818383853.0,1.7251817729922355e+17
