t(s),Total solute volume 1,Total retention volume 1,Total 1 volume 1,Total 2 volume 1,Total 3 volume 1,Total 4 volume 1,Total 5 volume 1,Total 6 volume 1
0,4.071819960099205e+17,4.528956997122222e+22,3.048573828454969e+17,6.123728968341585e+17,8.098609074822696e+18,7.899972894213541e+19,4.249342975028738e+21,4.095180424590076e+22
