t(s),Total solute volume 1,Total retention volume 1,Total 1 volume 1,Total 2 volume 1,Total 3 volume 1,Total 4 volume 1,Total 5 volume 1,Total 6 volume 1
0,5.549106202873219e+16,2.5863931863622646e+18,3574543289432606.5,3695067633789086.0,5529904628567073.0,1.0865354722079352e+16,1.3486886997175739e+17,2.3723683840879217e+18
