t(s),Total solute volume 1,Total retention volume 1,Total 1 volume 1,Total 2 volume 1,Total 3 volume 1,Total 4 volume 1,Total 5 volume 1,Total 6 volume 1
0,2.5417881604872016e+17,5.252217329607571e+20,1.0655456735803997e+17,1.8292710984074672e+17,1.0226785606757958e+17,3.9404603337426285e+17,1.5348402446159096e+19,5.0883335613189685e+20
