t(s),Total solute volume 1,Total retention volume 1,Total 1 volume 1,Total 2 volume 1,Total 3 volume 1,Total 4 volume 1,Total 5 volume 1,Total 6 volume 1
0,7.171273444608589e+17,1.2888904540985794e+23,1.0775438795249249e+18,2.613815739480852e+18,5.7575535411501285e+19,1.1517652688370163e+21,4.699942483888803e+22,8.067587127975868e+22
