t(s),Total solute volume 1,Total retention volume 1,Total 1 volume 1,Total 2 volume 1,Total 3 volume 1,Total 4 volume 1,Total 5 volume 1,Total 6 volume 1
0,2.286764682938004e+17,2.0038027074323195e+21,8.41666310503365e+16,1.3948910952252272e+17,4.121427862988722e+17,1.7088630512899123e+18,6.2389808789693235e+19,1.9388395605961804e+21
