t(s),Total solute volume 1,Total retention volume 1,Total 1 volume 1,Total 2 volume 1,Total 3 volume 1,Total 4 volume 1,Total 5 volume 1,Total 6 volume 1
0,1.433399386980134e+18,3.179922108903713e+20,5.050972524890161e+18,1.5430230570377775e+19,1.527828477459013e+18,1.221903848476484e+19,6.896942397061931e+19,2.133613174752886e+20
