t(s),Total solute volume 1,Total retention volume 1,Total 1 volume 1,Total 2 volume 1,Total 3 volume 1,Total 4 volume 1,Total 5 volume 1,Total 6 volume 1
0,9.954516368711946e+17,1.0257530160048016e+22,2.2394775286774456e+18,6.059472535941418e+18,1.8410972768057098e+19,1.4599564917165323e+20,2.373135548222819e+21,7.71069358818395e+21
