t(s),Total solute volume 1,Total retention volume 1,Total 1 volume 1,Total 2 volume 1,Total 3 volume 1,Total 4 volume 1,Total 5 volume 1,Total 6 volume 1
0,4.6444135142887546e+17,1.860604420719315e+21,4.088535341100352e+17,8.58089529357151e+17,5.3231536142142394e+17,2.778249646235688e+18,1.406104141532343e+20,1.7149520571435262e+21
