t(s),Total solute volume 1,Total retention volume 1,Total 1 volume 1,Total 2 volume 1,Total 3 volume 1,Total 4 volume 1,Total 5 volume 1,Total 6 volume 1
0,9.026506572834251e+16,6.286977089968041e+19,1.0582167792312242e+16,1.2864965809597988e+16,5.4205273601033304e+16,1.6867157801944685e+17,3.1016465390467087e+18,5.943153530968155e+19
