t(s),Total solute volume 1,Total retention volume 1,Total 1 volume 1,Total 2 volume 1,Total 3 volume 1,Total 4 volume 1,Total 5 volume 1,Total 6 volume 1
0,1.1999214403838304e+20,4.661912043350866e+23,6.152497233576406e+22,4.870349495676086e+22,1.0367916054435342e+23,8.924757950996487e+22,7.920869223704698e+22,8.370731260716325e+22
