t(s),Total solute volume 1,Total retention volume 1,Total 1 volume 1,Total 2 volume 1,Total 3 volume 1,Total 4 volume 1,Total 5 volume 1,Total 6 volume 1
0,7.412634750021373e+16,9.394647484238974e+16,6819284532587501.0,7763492501330356.0,7261087386746.952,14492895490849.717,222540640933573.94,4993055684445712.0
