t(s),Total solute volume 1,Total retention volume 1,Total 1 volume 1,Total 2 volume 1,Total 3 volume 1,Total 4 volume 1,Total 5 volume 1,Total 6 volume 1
0,1.5593745071291005e+17,2.936597353561419e+20,3.5828426689998184e+16,5.226428756416006e+16,1.0659033060703618e+17,3.5153986625521184e+17,9.628854765130371e+18,2.833287202291806e+20
