t(s),Total solute volume 1,Total retention volume 1,Total 1 volume 1,Total 2 volume 1,Total 3 volume 1,Total 4 volume 1,Total 5 volume 1,Total 6 volume 1
0,9.026506572834251e+16,1.4714311908008355e+20,1.0582167792312242e+16,1.2864965809597988e+16,1.08320659487511e+17,5.699785705921199e+17,1.1267156600122761e+19,1.3508395105054768e+20
