t(s),Total solute volume 1,Total retention volume 1,Total 1 volume 1,Total 2 volume 1,Total 3 volume 1,Total 4 volume 1,Total 5 volume 1,Total 6 volume 1
0,2.1550923634800276e+18,2.4568140520692728e+20,1.2543579337050872e+19,4.387601538914759e+19,2.8975839580906537e+18,2.0604321572198752e+19,4.0750178310105645e+19,1.2285463427685468e+20
