t(s),Total solute volume 1,Total retention volume 1,Total 1 volume 1,Total 2 volume 1,Total 3 volume 1,Total 4 volume 1,Total 5 volume 1,Total 6 volume 1
0,9.954516368711946e+17,1.0928328012717326e+23,2.2394775286774456e+18,6.059472535941418e+18,1.2881467746464219e+20,2.2448295062013605e+21,4.0164382832320626e+22,6.6735958709486785e+22
