t(s),Total solute volume 1,Total retention volume 1,Total 1 volume 1,Total 2 volume 1,Total 3 volume 1,Total 4 volume 1,Total 5 volume 1,Total 6 volume 1
0,1.314985697153493e+17,6.210077583200551e+18,2.4495440733375292e+16,3.3758739075879252e+16,3049541572194584.0,8210264548956877.0,1.9579874918113866e+17,5.813266278373657e+18
