t(s),Total solute volume 1,Total retention volume 1,Total 1 volume 1,Total 2 volume 1,Total 3 volume 1,Total 4 volume 1,Total 5 volume 1,Total 6 volume 1
0,2.838052749429945e+17,9.544342524411685e+21,1.3626480534992328e+17,2.426887464870655e+17,1.5649110737177495e+18,8.704819673237039e+18,3.7474922873372836e+20,9.158660806104226e+21
