t(s),Total solute volume 1,Total retention volume 1,Total 1 volume 1,Total 2 volume 1,Total 3 volume 1,Total 4 volume 1,Total 5 volume 1,Total 6 volume 1
0,1.213101554250879e+17,2.401255352051583e+20,2.046233060134811e+16,2.7452473202875316e+16,1.2433901790384806e+17,4.428781288871997e+17,1.0200326493642019e+19,2.2918876660549206e+20
