t(s),Total solute volume 1,Total retention volume 1,Total 1 volume 1,Total 2 volume 1,Total 3 volume 1,Total 4 volume 1,Total 5 volume 1,Total 6 volume 1
0,6.5666411056726936e+16,1.7398190005822478e+19,5203971956357369.0,5689972671683596.0,2.5423743809193736e+16,7.314535509940557e+16,1.0627184107903965e+18,1.6160342140439024e+19
