t(s),Total solute volume 1,Total retention volume 1,Total 1 volume 1,Total 2 volume 1,Total 3 volume 1,Total 4 volume 1,Total 5 volume 1,Total 6 volume 1
0,1.1999214403838304e+20,4.538139015028771e+23,6.152497233576406e+22,4.870349495676086e+22,1.020409664845132e+23,8.485240082483675e+22,7.463398292854131e+22,8.19380918284171e+22
