t(s),Total solute volume 1,Total retention volume 1,Total 1 volume 1,Total 2 volume 1,Total 3 volume 1,Total 4 volume 1,Total 5 volume 1,Total 6 volume 1
0,3.184149623986931e+17,1.9712755163398228e+22,1.761415583916261e+17,3.259754029847608e+17,3.0479033740023895e+18,2.1283282679565734e+19,1.0011369028884652e+21,1.8686466542532265e+22
