t(s),Total solute volume 1,Total retention volume 1,Total 1 volume 1,Total 2 volume 1,Total 3 volume 1,Total 4 volume 1,Total 5 volume 1,Total 6 volume 1
0,1.433399386980134e+18,1.2838015431280574e+23,5.050972524890161e+18,1.5430230570377775e+19,3.905375885290822e+20,7.883746597406509e+21,4.979412713764142e+22,7.028982838674851e+22
