t(s),Total solute volume 1,Total retention volume 1,Total 1 volume 1,Total 2 volume 1,Total 3 volume 1,Total 4 volume 1,Total 5 volume 1,Total 6 volume 1
0,2.5417881604872016e+17,1.8257451711340564e+22,1.0655456735803997e+17,1.8292710984074672e+17,2.5986502993271286e+18,2.848683490386221e+19,1.2784081928829146e+21,1.694741437276113e+22
