t(s),Total solute volume 1,Total retention volume 1,Total 1 volume 1,Total 2 volume 1,Total 3 volume 1,Total 4 volume 1,Total 5 volume 1,Total 6 volume 1
0,1.0410857772626118e+17,1.205349514126579e+19,1.4548167332142294e+16,1.8548032395571572e+16,8969768357731364.0,2.2002558867034156e+16,4.395823116361417e+17,1.1445735724950835e+19
