t(s),Total solute volume 1,Total retention volume 1,Total 1 volume 1,Total 2 volume 1,Total 3 volume 1,Total 4 volume 1,Total 5 volume 1,Total 6 volume 1
0,3.049370426842634e+19,3.4968296928335205e+22,4.502339012740615e+21,2.2082334505202914e+22,3.946434841417977e+21,1.111843654720427e+21,8.356391725547804e+20,2.4592120374305284e+21
