t(s),Total solute volume 1,Total retention volume 1,Total 1 volume 1,Total 2 volume 1,Total 3 volume 1,Total 4 volume 1,Total 5 volume 1,Total 6 volume 1
0,5.549106202873219e+16,6.420332886431219e+16,3574543289432606.5,3695067633789086.0,3331375929912.0864,5731836337639.792,70444793483213.22,1363147906607155.2
