t(s),Total solute volume 1,Total retention volume 1,Total 1 volume 1,Total 2 volume 1,Total 3 volume 1,Total 4 volume 1,Total 5 volume 1,Total 6 volume 1
0,7.654339330001997e+18,6.46436299354556e+21,2.1174029546635176e+20,1.1075853577564208e+21,1.328828651515049e+21,9.453546830265411e+20,7.24779817150376e+20,2.1384198493006812e+21
