t(s),Total solute volume 1,Total retention volume 1,Total 1 volume 1,Total 2 volume 1,Total 3 volume 1,Total 4 volume 1,Total 5 volume 1,Total 6 volume 1
0,1.5593745071291005e+17,7.938848956587676e+19,3.5828426689998184e+16,5.226428756416006e+16,2.9729887685563924e+16,8.973152902866096e+16,2.4413764117554647e+18,7.65836215724402e+19
