t(s),Total solute volume 1,Total retention volume 1,Total 1 volume 1,Total 2 volume 1,Total 3 volume 1,Total 4 volume 1,Total 5 volume 1,Total 6 volume 1
0,1.5593745071291005e+17,8.675173827666927e+20,3.5828426689998184e+16,5.226428756416006e+16,2.8913069882824083e+17,1.222807633221519e+18,3.425993163831678e+19,8.315014826313628e+20
