t(s),Total solute volume 1,Total retention volume 1,Total 1 volume 1,Total 2 volume 1,Total 3 volume 1,Total 4 volume 1,Total 5 volume 1,Total 6 volume 1
0,4.756651887055506e+16,2.7991483703864077e+17,2534742031225772.5,2489019978208219.0,681443544665466.2,1110103971350826.8,1.2139279787137072e+16,2.133937288555028e+17
