t(s),Total solute volume 1,Total retention volume 1,Total 1 volume 1,Total 2 volume 1,Total 3 volume 1,Total 4 volume 1,Total 5 volume 1,Total 6 volume 1
0,1.7065136209902323e+17,9.7120271117746e+19,4.381099764971746e+16,6.585874551544885e+16,3.148924421081303e+16,9.89265713063939e+16,2.8803578512072125e+18,9.382917634575658e+19
