t(s),Total solute volume 1,Total retention volume 1,Total 1 volume 1,Total 2 volume 1,Total 3 volume 1,Total 4 volume 1,Total 5 volume 1,Total 6 volume 1
0,1.7065136209902323e+17,1.4061658540262291e+19,4.381099764971746e+16,6.585874551544885e+16,4520559428320640.0,1.3886834682626568e+16,4.036900208765676e+17,1.3359240020010805e+19
