t(s),Total solute volume 1,Total retention volume 1,Total 1 volume 1,Total 2 volume 1,Total 3 volume 1,Total 4 volume 1,Total 5 volume 1,Total 6 volume 1
0,2.69227699570376e+18,1.919527634031145e+22,2.0606897695457464e+19,7.758321800726443e+19,4.871232285857055e+20,3.106437761988301e+21,4.14172348079874e+21,1.1359109476240465e+22
