t(s),Total solute volume 1,Total retention volume 1,Total 1 volume 1,Total 2 volume 1,Total 3 volume 1,Total 4 volume 1,Total 5 volume 1,Total 6 volume 1
0,4.999990884535286e+16,2.379454673834412e+18,2833151015773908.0,2828700406760326.5,5957930382168967.0,1.1882025186803286e+16,1.369066956253115e+17,2.1690462623722568e+18
