t(s),Total solute volume 1,Total retention volume 1,Total 1 volume 1,Total 2 volume 1,Total 3 volume 1,Total 4 volume 1,Total 5 volume 1,Total 6 volume 1
0,5.331000576703257e+17,2.1893788473470538e+19,5.560848088934841e+17,1.2219752934206108e+18,7556747436552871.0,4.130244091638715e+16,2.0063955060189002e+18,1.7527373619114267e+19
