t(s),Total solute volume 1,Total retention volume 1,Total 1 volume 1,Total 2 volume 1,Total 3 volume 1,Total 4 volume 1,Total 5 volume 1,Total 6 volume 1
0,8.413405339804337e+17,1.0728519268571736e+23,1.538843815742955e+18,3.9368564749678444e+18,8.037889967857541e+19,1.352860606788872e+21,3.7510222248135847e+22,6.8335413890289425e+22
