t(s),Total solute volume 1,Total retention volume 1,Total 1 volume 1,Total 2 volume 1,Total 3 volume 1,Total 4 volume 1,Total 5 volume 1,Total 6 volume 1
0,1.213101554250879e+17,4.067185220585984e+18,2.046233060134811e+16,2.7452473202875316e+16,2270260366872875.0,5862865972679707.0,1.3144952697417166e+17,3.758377608042916e+18
