t(s),Total solute volume 1,Total retention volume 1,Total 1 volume 1,Total 2 volume 1,Total 3 volume 1,Total 4 volume 1,Total 5 volume 1,Total 6 volume 1
0,2.0660865705208714e+17,4.262594085938158e+18,6.711558540817307e+16,1.0753082620506754e+17,959296854379719.6,3239631577955102.0,1.0859415483596442e+17,3.768545934004588e+18
