t(s),Total solute volume 1,Total retention volume 1,Total 1 volume 1,Total 2 volume 1,Total 3 volume 1,Total 4 volume 1,Total 5 volume 1,Total 6 volume 1
0,9.026506572834251e+16,8.789636334214926e+19,1.0582167792312242e+16,1.2864965809597988e+16,7.228100158821322e+16,2.6047093509147725e+17,4.867388071534266e+18,8.258251113460475e+19
