t(s),Total solute volume 1,Total retention volume 1,Total 1 volume 1,Total 2 volume 1,Total 3 volume 1,Total 4 volume 1,Total 5 volume 1,Total 6 volume 1
0,6.9702016393038264e+16,1.296714223798609e+17,5944515532356725.0,6630186019767457.0,73217172492092.77,141708417023480.5,2075505482858468.8,4.5104273362323464e+16
