t(s),Total solute volume 1,Total retention volume 1,Total 1 volume 1,Total 2 volume 1,Total 3 volume 1,Total 4 volume 1,Total 5 volume 1,Total 6 volume 1
0,1.4297083041559683e+17,2.201887573113436e+19,2.9520321540870584e+16,4.183413466422628e+16,9544372246763326.0,2.703387608425244e+16,6.875882555349263e+17,2.108038394064759e+19
