t(s),Total solute volume 1,Total retention volume 1,Total 1 volume 1,Total 2 volume 1,Total 3 volume 1,Total 4 volume 1,Total 5 volume 1,Total 6 volume 1
0,9.954516368711946e+17,1.4696949210462746e+23,2.2394775286774456e+18,6.059472535941418e+18,1.490274427963266e+20,3.3264382412438503e+21,6.277463863360774e+22,8.071009338527767e+22
