t(s),Total solute volume 1,Total retention volume 1,Total 1 volume 1,Total 2 volume 1,Total 3 volume 1,Total 4 volume 1,Total 5 volume 1,Total 6 volume 1
0,1.213101554250879e+17,6.04523139669613e+19,2.046233060134811e+16,2.7452473202875316e+16,3.411274561702937e+16,9.490199416525709e+16,2.1393356909475182e+18,5.801473857700253e+19
