t(s),Total solute volume 1,Total retention volume 1,Total 1 volume 1,Total 2 volume 1,Total 3 volume 1,Total 4 volume 1,Total 5 volume 1,Total 6 volume 1
0,2.0660865705208714e+17,4.626519539346155e+21,6.711558540817307e+16,1.0753082620506754e+17,9.414717593432708e+17,5.66403084330202e+18,2.0078610236820616e+20,4.418746679306652e+21
