t(s),Total solute volume 1,Total retention volume 1,Total 1 volume 1,Total 2 volume 1,Total 3 volume 1,Total 4 volume 1,Total 5 volume 1,Total 6 volume 1
0,2.69227699570376e+18,1.7696317918323763e+20,2.0606897695457464e+19,7.758321800726444e+19,2.095580567143316e+18,1.1761951508553417e+19,1.5533162043435327e+19,4.669009236568072e+19
