t(s),Total solute volume 1,Total retention volume 1,Total 1 volume 1,Total 2 volume 1,Total 3 volume 1,Total 4 volume 1,Total 5 volume 1,Total 6 volume 1
0,1.5593745071291005e+17,1.6713643320131707e+21,3.5828426689998184e+16,5.226428756416006e+16,4.9696894261787034e+17,3.097647299476169e+18,9.128411516073624e+19,1.576241570445362e+21
