t(s),Total solute volume 1,Total retention volume 1,Total 1 volume 1,Total 2 volume 1,Total 3 volume 1,Total 4 volume 1,Total 5 volume 1,Total 6 volume 1
0,4.071819960099205e+17,6.886418819242305e+22,3.048573828454969e+17,6.123728968341585e+17,1.079792001169336e+19,1.6153958357398766e+20,9.463762782131428e+21,5.922676349443116e+22
