t(s),Total solute volume 1,Total retention volume 1,Total 1 volume 1,Total 2 volume 1,Total 3 volume 1,Total 4 volume 1,Total 5 volume 1,Total 6 volume 1
0,9.954516368711946e+17,2.7276913610711032e+22,2.2394775286774456e+18,6.059472535941418e+18,4.5439526556199e+19,4.1580168084741135e+20,6.839234384984883e+21,1.996714361662058e+22
