t(s),Total solute volume 1,Total retention volume 1,Total 1 volume 1,Total 2 volume 1,Total 3 volume 1,Total 4 volume 1,Total 5 volume 1,Total 6 volume 1
0,1.433399386980134e+18,1.704814669374498e+23,5.050972524890161e+18,1.5430230570377775e+19,4.439053512217641e+20,1.133008449014309e+22,7.549433657386717e+22,8.319122591973906e+22
