t(s),Total solute volume 1,Total retention volume 1,Total 1 volume 1,Total 2 volume 1,Total 3 volume 1,Total 4 volume 1,Total 5 volume 1,Total 6 volume 1
0,2.1550923634800276e+18,1.860996893646023e+23,1.2543579337050872e+19,4.387601538914759e+19,1.4345875160432782e+21,3.1263210744711788e+22,7.2223512774545945e+22,8.111980364221138e+22
