t(s),Total solute volume 1,Total retention volume 1,Total 1 volume 1,Total 2 volume 1,Total 3 volume 1,Total 4 volume 1,Total 5 volume 1,Total 6 volume 1
0,5.549106202873219e+16,8.692196826395192e+16,3574543289432606.5,3695067633789086.0,55766366057237.62,96062759612338.22,1180717158451040.0,2.2828749027877244e+16
