t(s),Total solute volume 1,Total retention volume 1,Total 1 volume 1,Total 2 volume 1,Total 3 volume 1,Total 4 volume 1,Total 5 volume 1,Total 6 volume 1
0,2.5417881604872016e+17,6.899368496660378e+20,1.0655456735803997e+17,1.8292710984074672e+17,1.3394570941929222e+17,5.2038567768494214e+17,2.0281475839439827e+19,6.684573819462434e+20
