t(s),Total solute volume 1,Total retention volume 1,Total 1 volume 1,Total 2 volume 1,Total 3 volume 1,Total 4 volume 1,Total 5 volume 1,Total 6 volume 1
0,4.388031255538536e+18,5.131244695089187e+21,6.12580002685351e+19,2.7044583928840333e+20,4.336198212725359e+20,9.95890793807256e+20,8.536715669909146e+20,2.511970642206043e+21
