t(s),Total solute volume 1,Total retention volume 1,Total 1 volume 1,Total 2 volume 1,Total 3 volume 1,Total 4 volume 1,Total 5 volume 1,Total 6 volume 1
0,9.954516368711946e+17,1.1758693614956803e+23,2.2394775286774456e+18,6.059472535941418e+18,1.3400054457182973e+20,2.4743999390057864e+21,4.476498917334737e+22,7.020425209094361e+22
