t(s),Total solute volume 1,Total retention volume 1,Total 1 volume 1,Total 2 volume 1,Total 3 volume 1,Total 4 volume 1,Total 5 volume 1,Total 6 volume 1
0,1.433399386980134e+18,1.1891297312285834e+23,5.050972524890161e+18,1.5430230570377777e+19,3.751552604154231e+20,7.142755631324591e+21,4.461426237918035e+22,6.675888524945596e+22
