t(s),Total solute volume 1,Total retention volume 1,Total 1 volume 1,Total 2 volume 1,Total 3 volume 1,Total 4 volume 1,Total 5 volume 1,Total 6 volume 1
0,7.654339330001997e+18,2.755002475692045e+23,2.117402954663519e+20,1.1075853577564208e+21,3.81746201333463e+22,8.164390591385892e+22,7.305771570677752e+22,8.129702582266701e+22
