t(s),Total solute volume 1,Total retention volume 1,Total 1 volume 1,Total 2 volume 1,Total 3 volume 1,Total 4 volume 1,Total 5 volume 1,Total 6 volume 1
0,2.286764682938004e+17,8.172981879394473e+21,8.41666310503365e+16,1.3948910952252272e+17,1.4254696405760532e+18,9.99085400137042e+18,3.8667935774762303e+20,7.774433865796041e+21
