t(s),Total solute volume 1,Total retention volume 1,Total 1 volume 1,Total 2 volume 1,Total 3 volume 1,Total 4 volume 1,Total 5 volume 1,Total 6 volume 1
0,1.874180731908145e+17,3.662977594009762e+21,5.399819431922016e+16,8.374842692958085e+16,8.236741628774392e+17,5.41855859530033e+18,1.8225897454033823e+20,3.474151222016858e+21
