t(s),Total solute volume 1,Total retention volume 1,Total 1 volume 1,Total 2 volume 1,Total 3 volume 1,Total 4 volume 1,Total 5 volume 1,Total 6 volume 1
0,8.413405339804337e+17,1.4312234886238994e+23,1.5388438157429553e+18,3.9368564749678444e+18,9.250363573247051e+19,2.0047144516775853e+21,5.884123815270411e+22,8.217757558145312e+22
