t(s),Total solute volume 1,Total retention volume 1,Total 1 volume 1,Total 2 volume 1,Total 3 volume 1,Total 4 volume 1,Total 5 volume 1,Total 6 volume 1
0,2.1550923634800276e+18,1.826122244739402e+21,1.2543579337050872e+19,4.387601538914759e+19,2.7188688157532246e+19,1.9557049721065275e+20,3.871013216762889e+20,1.157687050605241e+21
