t(s),Total solute volume 1,Total retention volume 1,Total 1 volume 1,Total 2 volume 1,Total 3 volume 1,Total 4 volume 1,Total 5 volume 1,Total 6 volume 1
0,5.859579698822926e+16,6.735389447862598e+16,4036115571689510.5,4248607036429529.5,993248443899.3921,1757229299121.5432,22519864478186.76,448104540056294.9
