t(s),Total solute volume 1,Total retention volume 1,Total 1 volume 1,Total 2 volume 1,Total 3 volume 1,Total 4 volume 1,Total 5 volume 1,Total 6 volume 1
0,8.413405339804337e+17,9.056911156714824e+22,1.5388438157429555e+18,3.9368564749678444e+18,7.280921058046442e+19,1.0754788908236925e+21,2.913310280521715e+22,6.028140361970194e+22
