t(s),Total solute volume 1,Total retention volume 1,Total 1 volume 1,Total 2 volume 1,Total 3 volume 1,Total 4 volume 1,Total 5 volume 1,Total 6 volume 1
0,6.197674773403082e+16,7.933114664059978e+17,4574148913662800.0,4905847431427061.0,1359836654939952.0,2531855458226405.0,3.39308306028208e+16,6.84032199610885e+17
