t(s),Total solute volume 1,Total retention volume 1,Total 1 volume 1,Total 2 volume 1,Total 3 volume 1,Total 4 volume 1,Total 5 volume 1,Total 6 volume 1
0,7.412634750021373e+16,3.227846113521545e+19,6819284532587501.0,7763492501330356.0,3.7908865457531064e+16,1.1879014771929486e+17,1.8993851372167665e+18,3.0133667860287316e+19
