t(s),Total solute volume 1,Total retention volume 1,Total 1 volume 1,Total 2 volume 1,Total 3 volume 1,Total 4 volume 1,Total 5 volume 1,Total 6 volume 1
0,4.388031255538536e+18,2.5257446574198257e+23,6.12580002685351e+19,2.704458392884034e+20,1.0859201738827842e+22,7.831988463057888e+22,7.930701941304925e+22,8.375226808871811e+22
