t(s),Total solute volume 1,Total retention volume 1,Total 1 volume 1,Total 2 volume 1,Total 3 volume 1,Total 4 volume 1,Total 5 volume 1,Total 6 volume 1
0,3.41080351854199e+18,1.1669936211128909e+23,3.4926673833597546e+19,1.42115214248461e+20,3.856919214198047e+21,2.846895945023374e+22,3.054755712234177e+22,5.3645473632915275e+22
