t(s),Total solute volume 1,Total retention volume 1,Total 1 volume 1,Total 2 volume 1,Total 3 volume 1,Total 4 volume 1,Total 5 volume 1,Total 6 volume 1
0,6.197674773403082e+16,1.0466326782587446e+17,4574148913662800.0,4905847431427061.0,63094351823027.266,114998246787628.44,1538844924083098.2,3.1489586224060804e+16
