t(s),Total solute volume 1,Total retention volume 1,Total 1 volume 1,Total 2 volume 1,Total 3 volume 1,Total 4 volume 1,Total 5 volume 1,Total 6 volume 1
0,6.160605045081409e+17,2.1649149757588515e+22,7.67830629749285e+17,1.7706017440084913e+18,1.0579108733075855e+19,7.728657079449538e+19,3.394613396069436e+21,1.8163516189113233e+22
