t(s),Total solute volume 1,Total retention volume 1,Total 1 volume 1,Total 2 volume 1,Total 3 volume 1,Total 4 volume 1,Total 5 volume 1,Total 6 volume 1
0,5.263409243820472e+16,1.1492287294835574e+17,3176956375550943.5,3226718800086626.5,141413880234209.06,237670333661304.84,2805335575933925.0,5.27006855446843e+16
