t(s),Total solute volume 1,Total retention volume 1,Total 1 volume 1,Total 2 volume 1,Total 3 volume 1,Total 4 volume 1,Total 5 volume 1,Total 6 volume 1
0,2.073332087427378e+19,2.7335063761707403e+22,1.9346913512456716e+21,1.1315073985465211e+22,6.401630979118418e+21,1.9459843730055957e+21,1.465394439529584e+21,4.2515553124682826e+21
