t(s),Total solute volume 1,Total retention volume 1,Total 1 volume 1,Total 2 volume 1,Total 3 volume 1,Total 4 volume 1,Total 5 volume 1,Total 6 volume 1
0,2.69227699570376e+18,6.469463486294633e+20,2.0606897695457464e+19,7.758321800726443e+19,1.5011996485366016e+19,8.452826064550368e+19,1.1165528048382309e+20,3.348684183163403e+20
