t(s),Total solute volume 1,Total retention volume 1,Total 1 volume 1,Total 2 volume 1,Total 3 volume 1,Total 4 volume 1,Total 5 volume 1,Total 6 volume 1
0,1.1886142573461043e+18,3.863945559374799e+22,3.3262845753212687e+18,9.547595689902217e+18,1.0021855219365344e+20,1.0568029066148361e+21,1.0567285596340085e+22,2.690108604407605e+22
