t(s),Total solute volume 1,Total retention volume 1,Total 1 volume 1,Total 2 volume 1,Total 3 volume 1,Total 4 volume 1,Total 5 volume 1,Total 6 volume 1
0,9.682243045823266e+16,2.4729596308657016e+20,1.2374155389646972e+16,1.5399323190154844e+16,1.520055925675627e+17,1.0302736432759008e+18,2.24946433319622e+19,2.234944446097272e+20
