t(s),Total solute volume 1,Total retention volume 1,Total 1 volume 1,Total 2 volume 1,Total 3 volume 1,Total 4 volume 1,Total 5 volume 1,Total 6 volume 1
0,1.4509118010472559e+19,5.4224747734042325e+22,8.782046250079989e+20,5.232424008980733e+21,1.9260004242062804e+22,7.639160081934841e+21,5.819583089614087e+21,1.538086256843043e+22
