t(s),Total solute volume 1,Total retention volume 1,Total 1 volume 1,Total 2 volume 1,Total 3 volume 1,Total 4 volume 1,Total 5 volume 1,Total 6 volume 1
0,5.549106202873219e+16,4.086865864084597e+18,3574543289432606.5,3695067633789086.0,8553881941891947.0,1.8222573274778188e+16,2.2773187362975328e+17,3.7695968622862577e+18
