t(s),Total solute volume 1,Total retention volume 1,Total 1 volume 1,Total 2 volume 1,Total 3 volume 1,Total 4 volume 1,Total 5 volume 1,Total 6 volume 1
0,1.4297083041559683e+17,1.9605927028806633e+18,2.9520321540870584e+16,4.183413466422628e+16,768054056218535.9,2149080804071204.0,5.461364876964723e+16,1.688736632629981e+18
