t(s),Total solute volume 1,Total retention volume 1,Total 1 volume 1,Total 2 volume 1,Total 3 volume 1,Total 4 volume 1,Total 5 volume 1,Total 6 volume 1
0,7.412634750021373e+16,6.024512925086571e+19,6819284532587502.0,7763492501330356.0,6.190893035669042e+16,3.035479224630549e+17,5.186820399553318e+18,5.46041428739575e+19
