t(s),Total solute volume 1,Total retention volume 1,Total 1 volume 1,Total 2 volume 1,Total 3 volume 1,Total 4 volume 1,Total 5 volume 1,Total 6 volume 1
0,6.197674773403082e+16,1.9628304768261878e+19,4574148913662800.0,4905847431427061.0,2.95534773452747e+16,1.034536827936209e+17,1.4792364935531392e+18,1.7944604370490657e+19
