t(s),Total solute volume 1,Total retention volume 1,Total 1 volume 1,Total 2 volume 1,Total 3 volume 1,Total 4 volume 1,Total 5 volume 1,Total 6 volume 1
0,1.874180731908145e+17,4.5346338280178634e+21,5.399819431922016e+16,8.374842692958085e+16,9.673066932234867e+17,7.787521503121012e+18,2.7127845853288353e+20,4.254275376594243e+21
