t(s),Total solute volume 1,Total retention volume 1,Total 1 volume 1,Total 2 volume 1,Total 3 volume 1,Total 4 volume 1,Total 5 volume 1,Total 6 volume 1
0,2.1550923634800276e+18,9.307397061598234e+19,1.2543579337050872e+19,4.387601538914759e+19,5.346135990520025e+17,3.797341510497296e+18,7.509607416153942e+18,2.2657721000600605e+19
