t(s),Total solute volume 1,Total retention volume 1,Total 1 volume 1,Total 2 volume 1,Total 3 volume 1,Total 4 volume 1,Total 5 volume 1,Total 6 volume 1
0,1.7065136209902323e+17,2.179777256909197e+20,4.381099764971746e+16,6.585874551544885e+16,6.990184910719093e+16,2.269343692310833e+17,6.623271700546943e+18,2.1077729666677103e+20
