t(s),Total solute volume 1,Total retention volume 1,Total 1 volume 1,Total 2 volume 1,Total 3 volume 1,Total 4 volume 1,Total 5 volume 1,Total 6 volume 1
0,6.9702016393038264e+16,1.0262839305998987e+17,5944515532356725.0,6630186019767457.0,31446142887932.008,60833335575538.67,890954144815704.8,1.936844149154598e+16
