t(s),Total solute volume 1,Total retention volume 1,Total 1 volume 1,Total 2 volume 1,Total 3 volume 1,Total 4 volume 1,Total 5 volume 1,Total 6 volume 1
0,9.682243045823266e+16,6.248309212224375e+18,1.2374155389646972e+16,1.5399323190154844e+16,5254337875479280.0,1.2307941656039514e+16,2.3242678463174938e+17,5.873724239023054e+18
