t(s),Total solute volume 1,Total retention volume 1,Total 1 volume 1,Total 2 volume 1,Total 3 volume 1,Total 4 volume 1,Total 5 volume 1,Total 6 volume 1
0,5.331000576703257e+17,5.195644168585862e+21,5.560848088934841e+17,1.2219752934206106e+18,1.9543498208517225e+18,1.1309314439299547e+19,5.516413260663539e+20,4.628428018099292e+21
