t(s),Total solute volume 1,Total retention volume 1,Total 1 volume 1,Total 2 volume 1,Total 3 volume 1,Total 4 volume 1,Total 5 volume 1,Total 6 volume 1
0,7.171273444608589e+17,1.0813720820605315e+23,1.0775438795249249e+18,2.613815739480852e+18,5.2826997211617436e+19,8.963351243445284e+20,3.518789627946824e+22,7.199574131806482e+22
