t(s),Total solute volume 1,Total retention volume 1,Total 1 volume 1,Total 2 volume 1,Total 3 volume 1,Total 4 volume 1,Total 5 volume 1,Total 6 volume 1
0,2.838052749429945e+17,5.072555719265418e+21,1.3626480534992328e+17,2.426887464870655e+17,8.791781143731242e+17,4.159898095675123e+18,1.764437270714403e+20,4.890410157157147e+21
