t(s),Total solute volume 1,Total retention volume 1,Total 1 volume 1,Total 2 volume 1,Total 3 volume 1,Total 4 volume 1,Total 5 volume 1,Total 6 volume 1
0,5.859579698822926e+16,6.798343126120373e+16,4036115571689510.5,4248607036429529.5,2314136362413.214,4094213437719.535,52469699994379.35,1044033615060770.2
