t(s),Total solute volume 1,Total retention volume 1,Total 1 volume 1,Total 2 volume 1,Total 3 volume 1,Total 4 volume 1,Total 5 volume 1,Total 6 volume 1
0,7.412634750021373e+16,6.603987540398264e+19,6819284532587502.0,7763492501330356.0,6.597393387419023e+16,3.57691630425108e+17,6.237503922121029e+18,5.928999679302858e+19
