t(s),Total solute volume 1,Total retention volume 1,Total 1 volume 1,Total 2 volume 1,Total 3 volume 1,Total 4 volume 1,Total 5 volume 1,Total 6 volume 1
0,2.0660865705208714e+17,2.823334639784656e+19,6.711558540817307e+16,1.0753082620506754e+17,6876377044243095.0,2.328640762236193e+16,7.807230678001734e+17,2.704120547671452e+19
