t(s),Total solute volume 1,Total retention volume 1,Total 1 volume 1,Total 2 volume 1,Total 3 volume 1,Total 4 volume 1,Total 5 volume 1,Total 6 volume 1
0,6.5666411056726936e+16,4.013897029108029e+17,5203971956357368.0,5689972671683596.0,555913901822676.06,1050655443886815.1,1.4705436911193348e+16,3.0851734096913146e+17
