t(s),Total solute volume 1,Total retention volume 1,Total 1 volume 1,Total 2 volume 1,Total 3 volume 1,Total 4 volume 1,Total 5 volume 1,Total 6 volume 1
0,6.9702016393038264e+16,1.1166244110553356e+18,5944515532356724.0,6630186019767457.0,1586678467900238.2,3125305106174428.5,4.583070182469998e+16,9.838050077113864e+17
