t(s),Total solute volume 1,Total retention volume 1,Total 1 volume 1,Total 2 volume 1,Total 3 volume 1,Total 4 volume 1,Total 5 volume 1,Total 6 volume 1
0,7.171273444608589e+17,3.632873641923754e+20,1.0775438795249249e+18,2.613815739480852e+18,2.8197876425520202e+17,1.7852670315746017e+18,6.186177361746728e+19,2.9494985781561154e+20
