t(s),Total solute volume 1,Total retention volume 1,Total 1 volume 1,Total 2 volume 1,Total 3 volume 1,Total 4 volume 1,Total 5 volume 1,Total 6 volume 1
0,1.1886142573461043e+18,1.5707032010359285e+20,3.3262845753212687e+18,9.547595689902217e+18,4.392241739843729e+17,3.389331924840106e+18,3.3025362492542947e+19,1.0615390698965434e+20
