t(s),Total solute volume 1,Total retention volume 1,Total 1 volume 1,Total 2 volume 1,Total 3 volume 1,Total 4 volume 1,Total 5 volume 1,Total 6 volume 1
0,7.171273444608589e+17,1.1055918451149886e+21,1.0775438795249249e+18,2.613815739480852e+18,8.62260040058044e+17,5.49720584353572e+18,1.9057796365616926e+20,9.042459286117718e+20
