t(s),Total solute volume 1,Total retention volume 1,Total 1 volume 1,Total 2 volume 1,Total 3 volume 1,Total 4 volume 1,Total 5 volume 1,Total 6 volume 1
0,1.4297083041559683e+17,4.572015835604051e+17,2.9520321540870584e+16,4.183413466422628e+16,106861791376512.48,298735423766913.3,7591149552697956.0,2.348795501718719e+17
