t(s),Total solute volume 1,Total retention volume 1,Total 1 volume 1,Total 2 volume 1,Total 3 volume 1,Total 4 volume 1,Total 5 volume 1,Total 6 volume 1
0,7.301727964015883e+19,1.2583316151360722e+23,2.7111952799558177e+22,4.446286275392808e+22,2.4595943912955376e+22,7.862110925450506e+21,5.978233036703042e+21,1.5749040805374304e+22
