t(s),Total solute volume 1,Total retention volume 1,Total 1 volume 1,Total 2 volume 1,Total 3 volume 1,Total 4 volume 1,Total 5 volume 1,Total 6 volume 1
0,6.197674773403082e+16,1.487168368857529e+17,4574148913662800.0,4905847431427061.0,146717861415612.56,267777705890916.1,3583597597253654.0,7.326199964207346e+16
