t(s),Total solute volume 1,Total retention volume 1,Total 1 volume 1,Total 2 volume 1,Total 3 volume 1,Total 4 volume 1,Total 5 volume 1,Total 6 volume 1
0,2.286764682938004e+17,1.1700126574609613e+22,8.41666310503365e+16,1.3948910952252272e+17,1.8629737534579763e+18,1.8601990174771294e+19,7.679368039427604e+20,1.0911272474529818e+22
