t(s),Total solute volume 1,Total retention volume 1,Total 1 volume 1,Total 2 volume 1,Total 3 volume 1,Total 4 volume 1,Total 5 volume 1,Total 6 volume 1
0,7.301727964015883e+19,8.342160876249368e+22,2.7111952799558177e+22,4.446286275392808e+22,5.616731295676361e+21,1.5593865420858183e+21,1.1727245874614263e+21,3.4249335041440476e+21
