t(s),Total solute volume 1,Total retention volume 1,Total 1 volume 1,Total 2 volume 1,Total 3 volume 1,Total 4 volume 1,Total 5 volume 1,Total 6 volume 1
0,4.999990884535286e+16,9.797223402617054e+16,2833151015773908.0,2828700406760327.0,117182552637514.39,191801932658634.75,2176248648861739.0,3.982524062412537e+16
