t(s),Total solute volume 1,Total retention volume 1,Total 1 volume 1,Total 2 volume 1,Total 3 volume 1,Total 4 volume 1,Total 5 volume 1,Total 6 volume 1
0,5.263409243820472e+16,6.4915472408082696e+16,3176956375550943.5,3226718800086626.5,14893412232812.996,24947655240844.02,294400555448908.6,5543463171318376.0
