t(s),Total solute volume 1,Total retention volume 1,Total 1 volume 1,Total 2 volume 1,Total 3 volume 1,Total 4 volume 1,Total 5 volume 1,Total 6 volume 1
0,5.859579698822926e+16,1.6491045417838938e+19,4036115571689510.5,4248607036429529.5,2.681241060464036e+16,9.753586319058106e+16,1.3491424477340216e+18,1.4950674176713839e+19
