t(s),Total solute volume 1,Total retention volume 1,Total 1 volume 1,Total 2 volume 1,Total 3 volume 1,Total 4 volume 1,Total 5 volume 1,Total 6 volume 1
0,4.756651887055506e+16,5.341960409100469e+16,2534742031225772.5,2489019978208219.0,2510855322842.8535,3991897781843.1016,43577560073690.9,779242897837860.0
