t(s),Total solute volume 1,Total retention volume 1,Total 1 volume 1,Total 2 volume 1,Total 3 volume 1,Total 4 volume 1,Total 5 volume 1,Total 6 volume 1
0,1.7065136209902323e+17,5.604003176724505e+19,4.381099764971746e+16,6.585874551544885e+16,1.820962079747408e+16,5.657550477494054e+16,1.6459581449249807e+18,5.403896739148286e+19
