t(s),Total solute volume 1,Total retention volume 1,Total 1 volume 1,Total 2 volume 1,Total 3 volume 1,Total 4 volume 1,Total 5 volume 1,Total 6 volume 1
0,5.331000576703257e+17,8.244689358899791e+19,5.560848088934841e+17,1.2219752934206108e+18,3.091445861221537e+16,1.6907978645975094e+17,8.213961425404563e+18,7.172177775853695e+19
