t(s),Total solute volume 1,Total retention volume 1,Total 1 volume 1,Total 2 volume 1,Total 3 volume 1,Total 4 volume 1,Total 5 volume 1,Total 6 volume 1
0,6.9702016393038264e+16,1.8742214878137114e+18,5944515532356725.0,6630186019767457.0,2734060210985146.5,5458577525436365.0,8.012408469328032e+16,1.7036280474388598e+18
