t(s),Total solute volume 1,Total retention volume 1,Total 1 volume 1,Total 2 volume 1,Total 3 volume 1,Total 4 volume 1,Total 5 volume 1,Total 6 volume 1
0,1.213101554250879e+17,1.2076373704531735e+19,2.046233060134811e+16,2.7452473202875316e+16,6906387613156666.0,1.8023723015400092e+16,4.0440302378585126e+17,1.1477815610888026e+19
