t(s),Total solute volume 1,Total retention volume 1,Total 1 volume 1,Total 2 volume 1,Total 3 volume 1,Total 4 volume 1,Total 5 volume 1,Total 6 volume 1
0,8.413405339804337e+17,7.509215003747779e+20,1.538843815742955e+18,3.9368564749678444e+18,8.854524212890954e+17,6.047238509359789e+18,1.5046024130307926e+20,5.872115273163586e+20
