t(s),Total solute volume 1,Total retention volume 1,Total 1 volume 1,Total 2 volume 1,Total 3 volume 1,Total 4 volume 1,Total 5 volume 1,Total 6 volume 1
0,7.171273444608589e+17,3.84986938966189e+22,1.0775438795249249e+18,2.613815739480852e+18,2.5480938723563442e+19,2.306696660964493e+20,8.240388403691659e+21,2.9997746401143293e+22
