t(s),Total solute volume 1,Total retention volume 1,Total 1 volume 1,Total 2 volume 1,Total 3 volume 1,Total 4 volume 1,Total 5 volume 1,Total 6 volume 1
0,5.263409243820472e+16,1.2074195410098304e+18,3176956375550943.0,3226718800086626.5,2821741567270315.0,5103344461458886.0,6.0559219159851416e+16,1.0798974682074157e+18
