t(s),Total solute volume 1,Total retention volume 1,Total 1 volume 1,Total 2 volume 1,Total 3 volume 1,Total 4 volume 1,Total 5 volume 1,Total 6 volume 1
0,7.301727964015883e+19,7.261579965529961e+22,2.7111952799558177e+22,4.446286275392808e+22,4.673560518780949e+20,1.2528492135168908e+20,9.39849189949842e+19,2.813409299501462e+20
