t(s),Total solute volume 1,Total retention volume 1,Total 1 volume 1,Total 2 volume 1,Total 3 volume 1,Total 4 volume 1,Total 5 volume 1,Total 6 volume 1
0,1.1886142573461043e+18,1.0921837044538391e+23,3.3262845753212687e+18,9.547595689902217e+18,2.1150465976241337e+20,3.7724866434669924e+21,4.045569105468787e+22,6.4764625592942565e+22
