t(s),Total solute volume 1,Total retention volume 1,Total 1 volume 1,Total 2 volume 1,Total 3 volume 1,Total 4 volume 1,Total 5 volume 1,Total 6 volume 1
0,4.388031255538536e+18,3.85546115535682e+22,6.12580002685351e+19,2.7044583928840353e+20,3.086724834241987e+21,8.576852117920811e+21,7.464341533026828e+21,1.909060119756498e+22
