t(s),Total solute volume 1,Total retention volume 1,Total 1 volume 1,Total 2 volume 1,Total 3 volume 1,Total 4 volume 1,Total 5 volume 1,Total 6 volume 1
0,8.434622358698939e+16,1.4747677322357053e+17,9096397638945638.0,1.0811486824468592e+16,47714836988332.33,101783387399779.12,1726054772283388.2,4.134711217649844e+16
