t(s),Total solute volume 1,Total retention volume 1,Total 1 volume 1,Total 2 volume 1,Total 3 volume 1,Total 4 volume 1,Total 5 volume 1,Total 6 volume 1
0,6.160605045081409e+17,5.852092998592615e+19,7.67830629749285e+17,1.7706017440084913e+18,2.989546601206389e+16,1.7551444766052077e+17,7.577841628197394e+18,4.758318556579033e+19
