t(s),Total solute volume 1,Total retention volume 1,Total 1 volume 1,Total 2 volume 1,Total 3 volume 1,Total 4 volume 1,Total 5 volume 1,Total 6 volume 1
0,9.682243045823266e+16,1.8131612292798573e+19,1.2374155389646972e+16,1.5399323190154844e+16,1.5180526037467414e+16,3.720625707207271e+16,7.049430100620358e+17,1.7249686590588295e+19
