t(s),Total solute volume 1,Total retention volume 1,Total 1 volume 1,Total 2 volume 1,Total 3 volume 1,Total 4 volume 1,Total 5 volume 1,Total 6 volume 1
0,5.549106202873219e+16,1.0518254595763776e+17,3574543289432606.5,3695067633789086.0,97875554098641.83,168759807639693.4,2074381202752812.2,4.008085644119308e+16
