t(s),Total solute volume 1,Total retention volume 1,Total 1 volume 1,Total 2 volume 1,Total 3 volume 1,Total 4 volume 1,Total 5 volume 1,Total 6 volume 1
0,3.184149623986931e+17,1.996294902927456e+19,1.761415583916261e+17,3.2597540298476077e+17,3530690666781799.0,1.4875870795157128e+16,6.677139718149722e+17,1.845629657222252e+19
