t(s),Total solute volume 1,Total retention volume 1,Total 1 volume 1,Total 2 volume 1,Total 3 volume 1,Total 4 volume 1,Total 5 volume 1,Total 6 volume 1
0,3.184149623986931e+17,3.686808896151413e+22,1.761415583916261e+17,3.2597540298476077e+17,4.928948625435082e+18,5.795937552450785e+19,2.972167153313813e+21,3.383221295212663e+22
