t(s),Total solute volume 1,Total retention volume 1,Total 1 volume 1,Total 2 volume 1,Total 3 volume 1,Total 4 volume 1,Total 5 volume 1,Total 6 volume 1
0,1.213101554250879e+17,7.030758866823913e+20,2.046233060134811e+16,2.7452473202875316e+16,2.9392191737914086e+17,2.2127172001305175e+18,5.7287793861960565e+19,6.431122287436928e+20
