t(s),Total solute volume 1,Total retention volume 1,Total 1 volume 1,Total 2 volume 1,Total 3 volume 1,Total 4 volume 1,Total 5 volume 1,Total 6 volume 1
0,2.838052749429945e+17,5.182819475121547e+19,1.3626480534992328e+17,2.426887464870655e+17,9466295728637032.0,3.765623627164077e+16,1.5761060732671677e+18,4.9542207319168115e+19
