t(s),Total solute volume 1,Total retention volume 1,Total 1 volume 1,Total 2 volume 1,Total 3 volume 1,Total 4 volume 1,Total 5 volume 1,Total 6 volume 1
0,2.5417881604872016e+17,6.144757192252954e+21,1.0655456735803997e+17,1.8292710984074672e+17,1.0786407465498239e+18,5.568493965638932e+18,2.223045205611775e+20,5.915261876486357e+21
