t(s),Total solute volume 1,Total retention volume 1,Total 1 volume 1,Total 2 volume 1,Total 3 volume 1,Total 4 volume 1,Total 5 volume 1,Total 6 volume 1
0,1.5593745071291005e+17,2.1771194693352625e+21,3.5828426689998184e+16,5.226428756416006e+16,6.027841786317321e+17,4.951654582834623e+18,1.5379845721350518e+20,2.017522543195291e+21
