t(s),Total solute volume 1,Total retention volume 1,Total 1 volume 1,Total 2 volume 1,Total 3 volume 1,Total 4 volume 1,Total 5 volume 1,Total 6 volume 1
0,5.859579698822926e+16,1.992494678829709e+17,4036115571689510.5,4248607036429529.5,277142856031322.3,492921741427515.06,6319403621005149.0,1.2527948006815558e+17
