t(s),Total solute volume 1,Total retention volume 1,Total 1 volume 1,Total 2 volume 1,Total 3 volume 1,Total 4 volume 1,Total 5 volume 1,Total 6 volume 1
0,6.9702016393038264e+16,8.319255346015574e+16,5944515532356725.0,6630186019767457.0,1415289044815.1062,2736967198846.992,40084169326272.59,871599089423592.4
