t(s),Total solute volume 1,Total retention volume 1,Total 1 volume 1,Total 2 volume 1,Total 3 volume 1,Total 4 volume 1,Total 5 volume 1,Total 6 volume 1
0,5.859579698822926e+16,5.998075871133393e+17,4036115571689510.5,4248607036429529.5,1108547160728780.1,2003729330395565.5,2.5717699387545864e+16,5.040970916383138e+17
