t(s),Total solute volume 1,Total retention volume 1,Total 1 volume 1,Total 2 volume 1,Total 3 volume 1,Total 4 volume 1,Total 5 volume 1,Total 6 volume 1
0,8.434622358698939e+16,6.488883894423804e+17,9096397638945638.0,1.0811486824468592e+16,600367215787517.6,1285329514347439.8,2.1802281639585796e+16,5.2094630302224794e+17
