t(s),Total solute volume 1,Total retention volume 1,Total 1 volume 1,Total 2 volume 1,Total 3 volume 1,Total 4 volume 1,Total 5 volume 1,Total 6 volume 1
0,8.434622358698939e+16,7.182091515656033e+19,9096397638945638.0,1.0811486824468592e+16,6.514970033698947e+16,2.4219142953575046e+17,4.3310440767395845e+18,6.707827584189537e+19
