t(s),Total solute volume 1,Total retention volume 1,Total 1 volume 1,Total 2 volume 1,Total 3 volume 1,Total 4 volume 1,Total 5 volume 1,Total 6 volume 1
0,7.898873006952949e+16,4.461028378716686e+19,7857626411464600.0,9137075296732168.0,4.6706600741784936e+16,1.5308925637087312e+17,2.573977321010603e+18,4.17405271772663e+19
