t(s),Total solute volume 1,Total retention volume 1,Total 1 volume 1,Total 2 volume 1,Total 3 volume 1,Total 4 volume 1,Total 5 volume 1,Total 6 volume 1
0,4.071819960099205e+17,1.4445914202203813e+21,3.048573828454969e+17,6.123728968341585e+17,3.29665344757802e+17,1.6067233319302252e+18,8.026423638494234e+19,1.3610663828830612e+21
