t(s),Total solute volume 1,Total retention volume 1,Total 1 volume 1,Total 2 volume 1,Total 3 volume 1,Total 4 volume 1,Total 5 volume 1,Total 6 volume 1
0,1.0417779541760956e+19,3.261369382790605e+21,4.2060845695740917e+20,2.3786086414986547e+21,1.6257696289797335e+20,7.195249214473269e+19,5.4352322464894345e+19,1.6285272728512974e+20
