t(s),Total solute volume 1,Total retention volume 1,Total 1 volume 1,Total 2 volume 1,Total 3 volume 1,Total 4 volume 1,Total 5 volume 1,Total 6 volume 1
0,1.0417779541760956e+19,1.653216852993695e+23,4.2060845695740917e+20,2.3786086414986547e+21,4.32792805232482e+22,3.679318595931255e+22,2.9700359317952085e+22,5.273922462085808e+22
