t(s),Total solute volume 1,Total retention volume 1,Total 1 volume 1,Total 2 volume 1,Total 3 volume 1,Total 4 volume 1,Total 5 volume 1,Total 6 volume 1
0,2.838052749429945e+17,1.724778201339036e+19,1.3626480534992328e+17,2.426887464870655e+17,3069866213453374.5,1.2197415921480782e+16,5.104825919706014e+17,1.6059273312504887e+19
