t(s),Total solute volume 1,Total retention volume 1,Total 1 volume 1,Total 2 volume 1,Total 3 volume 1,Total 4 volume 1,Total 5 volume 1,Total 6 volume 1
0,1.4509118010472559e+19,3.390499185161454e+23,8.782046250079989e+20,5.232424008980733e+21,8.267199171322657e+22,8.834792972708676e+22,7.84730196815555e+22,8.343183964228178e+22
