t(s),Total solute volume 1,Total retention volume 1,Total 1 volume 1,Total 2 volume 1,Total 3 volume 1,Total 4 volume 1,Total 5 volume 1,Total 6 volume 1
0,1.122294944848212e+17,9.835677772700338e+17,1.720192593325329e+16,2.2487444393871428e+16,555486636532231.4,1373559974753084.5,2.900669635923761e+16,8.007131694875461e+17
