t(s),Total solute volume 1,Total retention volume 1,Total 1 volume 1,Total 2 volume 1,Total 3 volume 1,Total 4 volume 1,Total 5 volume 1,Total 6 volume 1
0,1.4297083041559683e+17,2.92963705341785e+17,2.9520321540870584e+16,4.183413466422628e+16,34601041005106.84,96718623663566.72,2457694601439569.0,7.604940445498374e+16
