t(s),Total solute volume 1,Total retention volume 1,Total 1 volume 1,Total 2 volume 1,Total 3 volume 1,Total 4 volume 1,Total 5 volume 1,Total 6 volume 1
0,1.4509118010472559e+19,7.2502466609392e+21,8.782046250079989e+20,5.232424008980733e+21,4.812509186542292e+20,1.609137644518628e+20,1.2099004155401047e+20,3.619541842799191e+20
