t(s),Total solute volume 1,Total retention volume 1,Total 1 volume 1,Total 2 volume 1,Total 3 volume 1,Total 4 volume 1,Total 5 volume 1,Total 6 volume 1
0,2.69227699570376e+18,3.917679256289543e+22,2.0606897695457464e+19,7.758321800726443e+19,9.217793397557267e+20,6.695401818902764e+21,9.027008868045875e+21,2.243172014349164e+22
