t(s),Total solute volume 1,Total retention volume 1,Total 1 volume 1,Total 2 volume 1,Total 3 volume 1,Total 4 volume 1,Total 5 volume 1,Total 6 volume 1
0,5.549106202873219e+16,1.4863637779337873e+19,3574543289432606.5,3695067633789086.0,2.5520172118007076e+16,1.0307635733349131e+17,1.3979207188937981e+18,1.3274359858040627e+19
