t(s),Total solute volume 1,Total retention volume 1,Total 1 volume 1,Total 2 volume 1,Total 3 volume 1,Total 4 volume 1,Total 5 volume 1,Total 6 volume 1
0,4.632802213684205e+19,5.468807141404031e+22,1.098131415173949e+22,3.5085054935044953e+22,4.092614235707619e+21,1.1313273801840005e+21,8.501997344932149e+20,2.501232954734708e+21
