t(s),Total solute volume 1,Total retention volume 1,Total 1 volume 1,Total 2 volume 1,Total 3 volume 1,Total 4 volume 1,Total 5 volume 1,Total 6 volume 1
0,7.171273444608589e+17,6.314112700030052e+22,1.0775438795249249e+18,2.613815739480852e+18,3.751864702864659e+19,4.2740556381879986e+20,1.5685835891286332e+22,4.69859584112042e+22
