t(s),Total solute volume 1,Total retention volume 1,Total 1 volume 1,Total 2 volume 1,Total 3 volume 1,Total 4 volume 1,Total 5 volume 1,Total 6 volume 1
0,1.1999214403838304e+20,4.169538649294772e+23,6.152497233576406e+22,4.870349495676086e+22,9.65572033281965e+22,7.209142624765688e+22,6.180396816072302e+22,7.615280775633678e+22
