t(s),Total solute volume 1,Total retention volume 1,Total 1 volume 1,Total 2 volume 1,Total 3 volume 1,Total 4 volume 1,Total 5 volume 1,Total 6 volume 1
0,1.433399386980134e+18,1.4398601714237535e+23,5.050972524890161e+18,1.5430230570377775e+19,4.129433311737417e+20,9.138237171471977e+21,5.883322811913311e+22,7.557969391811077e+22
