t(s),Total solute volume 1,Total retention volume 1,Total 1 volume 1,Total 2 volume 1,Total 3 volume 1,Total 4 volume 1,Total 5 volume 1,Total 6 volume 1
0,7.171273444608589e+17,8.842080550564941e+22,1.0775438795249249e+18,2.613815739480852e+18,4.7060645233201865e+19,6.741996138571606e+20,2.562164329417241e+22,6.2073493465423e+22
