t(s),Total solute volume 1,Total retention volume 1,Total 1 volume 1,Total 2 volume 1,Total 3 volume 1,Total 4 volume 1,Total 5 volume 1,Total 6 volume 1
0,4.999990884535286e+16,9.573496762787959e+18,2833151015773908.0,2828700406760326.5,1.9387274615688336e+16,7.767906750598144e+16,9.805591573640207e+17,8.440209503034345e+18
