t(s),Total solute volume 1,Total retention volume 1,Total 1 volume 1,Total 2 volume 1,Total 3 volume 1,Total 4 volume 1,Total 5 volume 1,Total 6 volume 1
0,1.0417779541760956e+19,3.148274818409205e+23,4.2060845695740917e+20,2.3786086414986547e+21,6.2036059933780935e+22,8.798698985878672e+22,7.853823291490052e+22,8.345656425545391e+22
