t(s),Total solute volume 1,Total retention volume 1,Total 1 volume 1,Total 2 volume 1,Total 3 volume 1,Total 4 volume 1,Total 5 volume 1,Total 6 volume 1
0,1.7473117771507889e+18,1.8773455773710513e+20,7.856350728538216e+18,2.56333736483743e+19,1.3526032194559857e+18,1.065208831299485e+19,3.4772386734446854e+19,1.057204433161433e+20
