t(s),Total solute volume 1,Total retention volume 1,Total 1 volume 1,Total 2 volume 1,Total 3 volume 1,Total 4 volume 1,Total 5 volume 1,Total 6 volume 1
0,1.213101554250879e+17,1.9371959670830746e+17,2.046233060134811e+16,2.7452473202875316e+16,14294847635886.16,36729284028411.07,823204816332369.5,2.3620408530998148e+16
