t(s),Total solute volume 1,Total retention volume 1,Total 1 volume 1,Total 2 volume 1,Total 3 volume 1,Total 4 volume 1,Total 5 volume 1,Total 6 volume 1
0,8.413405339804337e+17,2.3686432222813348e+22,1.5388438157429553e+18,3.9368564749678444e+18,2.5402946496005427e+19,2.1242180341630907e+20,5.369678662328546e+21,1.80726117697477e+22
