t(s),Total solute volume 1,Total retention volume 1,Total 1 volume 1,Total 2 volume 1,Total 3 volume 1,Total 4 volume 1,Total 5 volume 1,Total 6 volume 1
0,8.434622358698939e+16,5.12443575665785e+18,9096397638945638.0,1.0811486824468592e+16,5463098000158880.0,1.2081978654628436e+16,2.0541321240343958e+17,4.797223359549282e+18
