t(s),Total solute volume 1,Total retention volume 1,Total 1 volume 1,Total 2 volume 1,Total 3 volume 1,Total 4 volume 1,Total 5 volume 1,Total 6 volume 1
0,3.049370426842634e+19,3.7582897200003088e+22,4.502339012740615e+21,2.2082334505202914e+22,5.166183469019589e+21,1.4680755437570593e+21,1.1040600987827831e+21,3.229410866232281e+21
