t(s),Total solute volume 1,Total retention volume 1,Total 1 volume 1,Total 2 volume 1,Total 3 volume 1,Total 4 volume 1,Total 5 volume 1,Total 6 volume 1
0,3.049370426842634e+19,4.097335823952791e+22,4.502339012740615e+21,2.2082334505202914e+22,6.736799585286729e+21,1.9359569521368713e+21,1.457115198241559e+21,4.228319281650881e+21
