t(s),Total solute volume 1,Total retention volume 1,Total 1 volume 1,Total 2 volume 1,Total 3 volume 1,Total 4 volume 1,Total 5 volume 1,Total 6 volume 1
0,7.654339330001997e+18,2.6403129237431797e+23,2.117402954663518e+20,1.1075853577564208e+21,3.7490114129999778e+22,7.729894269776962e+22,6.855270146813185e+22,7.936255408585872e+22
