t(s),Total solute volume 1,Total retention volume 1,Total 1 volume 1,Total 2 volume 1,Total 3 volume 1,Total 4 volume 1,Total 5 volume 1,Total 6 volume 1
0,2.0660865705208714e+17,6.498471341440995e+19,6.711558540817307e+16,1.0753082620506754e+17,1.5923499273158768e+16,5.415304298277946e+16,1.8161272441554212e+18,6.271725455933123e+19
