t(s),Total solute volume 1,Total retention volume 1,Total 1 volume 1,Total 2 volume 1,Total 3 volume 1,Total 4 volume 1,Total 5 volume 1,Total 6 volume 1
0,3.41080351854199e+18,2.0507958385202437e+23,3.4926673833597546e+19,1.42115214248461e+20,5.175765980079827e+21,5.657774365585335e+22,6.526953299953043e+22,7.787608852496171e+22
