t(s),Total solute volume 1,Total retention volume 1,Total 1 volume 1,Total 2 volume 1,Total 3 volume 1,Total 4 volume 1,Total 5 volume 1,Total 6 volume 1
0,9.954516368711946e+17,1.7111725964340835e+20,2.2394775286774456e+18,6.059472535941418e+18,3.042272052970351e+17,2.2145377231588908e+18,3.577271896776989e+19,1.2353137404568899e+20
