t(s),Total solute volume 1,Total retention volume 1,Total 1 volume 1,Total 2 volume 1,Total 3 volume 1,Total 4 volume 1,Total 5 volume 1,Total 6 volume 1
0,2.5417881604872016e+17,3.0266242450920296e+20,1.0655456735803997e+17,1.8292710984074672e+17,5.9142573693002264e+16,2.2535626416306723e+17,8.770848430814201e+18,2.9306341674728345e+20
