t(s),Total solute volume 1,Total retention volume 1,Total 1 volume 1,Total 2 volume 1,Total 3 volume 1,Total 4 volume 1,Total 5 volume 1,Total 6 volume 1
0,2.073332087427378e+19,1.485285611871637e+23,1.9346913512456716e+21,1.1315073985465211e+22,5.221401787963448e+22,2.4330249237466154e+22,1.9065442067956315e+22,3.9648353344522425e+22
