t(s),Total solute volume 1,Total retention volume 1,Total 1 volume 1,Total 2 volume 1,Total 3 volume 1,Total 4 volume 1,Total 5 volume 1,Total 6 volume 1
0,3.41080351854199e+18,1.793382932622739e+21,3.4926673833597542e+19,1.42115214248461e+20,8.027067749691172e+19,3.06998685924453e+20,3.078602185928386e+20,9.178006590078901e+20
