t(s),Total solute volume 1,Total retention volume 1,Total 1 volume 1,Total 2 volume 1,Total 3 volume 1,Total 4 volume 1,Total 5 volume 1,Total 6 volume 1
0,7.898873006952949e+16,1.3610992448614234e+17,7857626411464600.0,9137075296732168.0,49728707889494.836,102577364234470.77,1653967124350838.8,3.8320219511943976e+16
