t(s),Total solute volume 1,Total retention volume 1,Total 1 volume 1,Total 2 volume 1,Total 3 volume 1,Total 4 volume 1,Total 5 volume 1,Total 6 volume 1
0,2.0660865705208714e+17,1.638222757310076e+18,6.711558540817307e+16,1.0753082620506754e+17,310704105129536.2,1048958331024529.5,3.5160894748131104e+16,1.22044713146048e+18
