t(s),Total solute volume 1,Total retention volume 1,Total 1 volume 1,Total 2 volume 1,Total 3 volume 1,Total 4 volume 1,Total 5 volume 1,Total 6 volume 1
0,1.874180731908145e+17,7.616473486290658e+18,5.399819431922016e+16,8.374842692958085e+16,2070493447765128.8,6657190470191151.0,2.0759854774868454e+17,7.074982560184401e+18
