t(s),Total solute volume 1,Total retention volume 1,Total 1 volume 1,Total 2 volume 1,Total 3 volume 1,Total 4 volume 1,Total 5 volume 1,Total 6 volume 1
0,1.213101554250879e+17,2.2629373217311568e+17,2.046233060134811e+16,2.7452473202875316e+16,33304255140229.016,85575837811815.94,1917996840815238.5,5.5031896010040104e+16
