t(s),Total solute volume 1,Total retention volume 1,Total 1 volume 1,Total 2 volume 1,Total 3 volume 1,Total 4 volume 1,Total 5 volume 1,Total 6 volume 1
0,2.5417881604872016e+17,1.0954672109215312e+19,1.0655456735803997e+17,1.8292710984074672e+17,2049673653906764.0,7697159221984661.0,2.9926688688681805e+17,1.0101997896205122e+19
