t(s),Total solute volume 1,Total retention volume 1,Total 1 volume 1,Total 2 volume 1,Total 3 volume 1,Total 4 volume 1,Total 5 volume 1,Total 6 volume 1
0,5.859579698822926e+16,7.739921172761371e+16,4036115571689510.5,4248607036429529.5,22066993014122.1,39056118076603.914,500539804491566.75,9957029215682684.0
