t(s),Total solute volume 1,Total retention volume 1,Total 1 volume 1,Total 2 volume 1,Total 3 volume 1,Total 4 volume 1,Total 5 volume 1,Total 6 volume 1
0,1.7473117771507889e+18,1.7939452476828257e+23,7.856350728538216e+18,2.56333736483743e+19,7.905815527060693e+20,1.9747175144001116e+22,7.595631261271136e+22,8.286521842271081e+22
