t(s),Total solute volume 1,Total retention volume 1,Total 1 volume 1,Total 2 volume 1,Total 3 volume 1,Total 4 volume 1,Total 5 volume 1,Total 6 volume 1
0,2.5417881604872016e+17,1.1798755813591444e+21,1.0655456735803997e+17,1.8292710984074672e+17,2.2698689384402016e+17,9.038836569122642e+17,3.529155900230611e+19,1.1429094913128175e+21
