t(s),Total solute volume 1,Total retention volume 1,Total 1 volume 1,Total 2 volume 1,Total 3 volume 1,Total 4 volume 1,Total 5 volume 1,Total 6 volume 1
0,1.0417779541760956e+19,2.0550482060898786e+23,4.2060845695740917e+20,2.3786086414986547e+21,4.984746274894838e+22,4.929179354201506e+22,4.074103840564072e+22,6.281489103438453e+22
