t(s),Total solute volume 1,Total retention volume 1,Total 1 volume 1,Total 2 volume 1,Total 3 volume 1,Total 4 volume 1,Total 5 volume 1,Total 6 volume 1
0,5.263409243820472e+16,2.3027755272568294e+17,3176956375550944.5,3226718800086626.5,431957169759027.7,731586792277628.1,8639929304455908.0,1.6143631184534723e+17
