t(s),Total solute volume 1,Total retention volume 1,Total 1 volume 1,Total 2 volume 1,Total 3 volume 1,Total 4 volume 1,Total 5 volume 1,Total 6 volume 1
0,5.263409243820472e+16,3.10508888452192e+18,3176956375550943.5,3226718800086626.5,7121100372973023.0,1.4669920882492994e+16,1.7593090656119504e+17,2.8483291890913987e+18
