t(s),Total solute volume 1,Total retention volume 1,Total 1 volume 1,Total 2 volume 1,Total 3 volume 1,Total 4 volume 1,Total 5 volume 1,Total 6 volume 1
0,7.412634750021373e+16,1.0091072144416451e+17,6819284532587502.0,7763492501330356.0,16915722296213.352,33766356976410.188,518490945928392.25,1.1632423884830076e+16
