t(s),Total solute volume 1,Total retention volume 1,Total 1 volume 1,Total 2 volume 1,Total 3 volume 1,Total 4 volume 1,Total 5 volume 1,Total 6 volume 1
0,1.7473117771507889e+18,2.1070506272062483e+22,7.856350728538216e+18,2.56333736483743e+19,1.704793187920102e+20,1.573437051810741e+21,5.198576241750063e+21,1.4092776623555809e+22
