t(s),Total solute volume 1,Total retention volume 1,Total 1 volume 1,Total 2 volume 1,Total 3 volume 1,Total 4 volume 1,Total 5 volume 1,Total 6 volume 1
0,9.026506572834251e+16,1.3723360350197922e+20,1.0582167792312242e+16,1.2864965809597988e+16,1.0292007492782742e+17,5.0662347033202944e+17,9.897593393522362e+18,1.2661275436386519e+20
