t(s),Total solute volume 1,Total retention volume 1,Total 1 volume 1,Total 2 volume 1,Total 3 volume 1,Total 4 volume 1,Total 5 volume 1,Total 6 volume 1
0,6.9702016393038264e+16,1.0925385865844029e+17,5944515532356725.0,6630186019767457.0,41681422975467.66,80643218216145.92,1181095809824793.2,2.567372026225947e+16
