t(s),Total solute volume 1,Total retention volume 1,Total 1 volume 1,Total 2 volume 1,Total 3 volume 1,Total 4 volume 1,Total 5 volume 1,Total 6 volume 1
0,1.122294944848212e+17,1.6117338292459064e+18,1.720192593325329e+16,2.2487444393871428e+16,974602668568697.4,2412769504680555.5,5.095682335481046e+16,1.4054707689059036e+18
