t(s),Total solute volume 1,Total retention volume 1,Total 1 volume 1,Total 2 volume 1,Total 3 volume 1,Total 4 volume 1,Total 5 volume 1,Total 6 volume 1
0,5.549106202873219e+16,2.9074656371869824e+17,3574543289432606.5,3695067633789086.0,523950664133722.2,912172208374014.2,1.1219933860586194e+16,2.1532983403365386e+17
