t(s),Total solute volume 1,Total retention volume 1,Total 1 volume 1,Total 2 volume 1,Total 3 volume 1,Total 4 volume 1,Total 5 volume 1,Total 6 volume 1
0,4.071819960099205e+17,4.2664237078944526e+21,3.048573828454969e+17,6.123728968341585e+17,9.581402101550454e+17,4.866779643122569e+18,2.4385328807993124e+20,4.0154210876855524e+21
