t(s),Total solute volume 1,Total retention volume 1,Total 1 volume 1,Total 2 volume 1,Total 3 volume 1,Total 4 volume 1,Total 5 volume 1,Total 6 volume 1
0,1.1886142573461043e+18,5.660150237078355e+22,3.3262845753212687e+18,9.547595689902217e+18,1.360519459082398e+20,1.6521347603822907e+21,1.6768562565205253e+22,3.80306906047652e+22
