t(s),Total solute volume 1,Total retention volume 1,Total 1 volume 1,Total 2 volume 1,Total 3 volume 1,Total 4 volume 1,Total 5 volume 1,Total 6 volume 1
0,1.4509118010472559e+19,3.5732027067880062e+22,8.782046250079989e+20,5.232424008980733e+21,1.2175062187519288e+22,4.512019235980741e+21,3.4184469267873624e+21,9.501360965593426e+21
