t(s),Total solute volume 1,Total retention volume 1,Total 1 volume 1,Total 2 volume 1,Total 3 volume 1,Total 4 volume 1,Total 5 volume 1,Total 6 volume 1
0,3.41080351854199e+18,1.1209126810164105e+22,3.4926673833597542e+19,1.42115214248461e+20,5.2960642589492386e+20,2.148687503955567e+21,2.163976681519426e+21,6.186403507193597e+21
