t(s),Total solute volume 1,Total retention volume 1,Total 1 volume 1,Total 2 volume 1,Total 3 volume 1,Total 4 volume 1,Total 5 volume 1,Total 6 volume 1
0,7.171273444608589e+17,1.6623714783947559e+19,1.0775438795249249e+18,2.613815739480852e+18,9613169503436774.0,6.066588156574772e+16,2.1016745506788047e+18,1.0043274218732902e+19
