t(s),Total solute volume 1,Total retention volume 1,Total 1 volume 1,Total 2 volume 1,Total 3 volume 1,Total 4 volume 1,Total 5 volume 1,Total 6 volume 1
0,7.171273444608589e+17,9.58134547512627e+22,1.0775438795249249e+18,2.613815739480852e+18,4.9380695491194225e+19,7.547039276831449e+20,2.901709411493396e+22,6.598786752619117e+22
