t(s),Total solute volume 1,Total retention volume 1,Total 1 volume 1,Total 2 volume 1,Total 3 volume 1,Total 4 volume 1,Total 5 volume 1,Total 6 volume 1
0,1.4297083041559683e+17,3.813624244934909e+19,2.9520321540870584e+16,4.183413466422628e+16,1.653576459276229e+16,4.7299232105268376e+16,1.2038632114033055e+18,3.665421895462748e+19
