t(s),Total solute volume 1,Total retention volume 1,Total 1 volume 1,Total 2 volume 1,Total 3 volume 1,Total 4 volume 1,Total 5 volume 1,Total 6 volume 1
0,8.413405339804337e+17,1.3336478945144589e+23,1.538843815742955e+18,3.9368564749678444e+18,8.968162737341229e+19,1.8216183292032873e+21,5.260126565963799e+22,7.88459067944063e+22
