t(s),Total solute volume 1,Total retention volume 1,Total 1 volume 1,Total 2 volume 1,Total 3 volume 1,Total 4 volume 1,Total 5 volume 1,Total 6 volume 1
0,2.0660865705208714e+17,1.2358312116784536e+19,6.711558540817307e+16,1.0753082620506754e+17,2959122362887198.0,1.000255153131925e+16,3.353125861078238e+17,1.162878278811714e+19
