t(s),Total solute volume 1,Total retention volume 1,Total 1 volume 1,Total 2 volume 1,Total 3 volume 1,Total 4 volume 1,Total 5 volume 1,Total 6 volume 1
0,1.7473117771507889e+18,2.3733726740073248e+20,7.856350728538215e+18,2.56333736483743e+19,1.7921725295112284e+18,1.4119190927325764e+19,4.609152727011268e+19,1.4009734051971544e+20
