t(s),Total solute volume 1,Total retention volume 1,Total 1 volume 1,Total 2 volume 1,Total 3 volume 1,Total 4 volume 1,Total 5 volume 1,Total 6 volume 1
0,5.331000576703257e+17,4.792466246380388e+19,5.560848088934841e+17,1.2219752934206108e+18,1.7599571918959204e+16,9.622042048618038e+16,4.674301637337472e+18,4.082538067407682e+19
