t(s),Total solute volume 1,Total retention volume 1,Total 1 volume 1,Total 2 volume 1,Total 3 volume 1,Total 4 volume 1,Total 5 volume 1,Total 6 volume 1
0,3.41080351854199e+18,1.3239746952703287e+23,3.4926673833597542e+19,1.42115214248461e+20,4.1593308593048865e+21,3.3171302361789077e+22,3.6014234573670248e+22,5.887214904066669e+22
