t(s),Total solute volume 1,Total retention volume 1,Total 1 volume 1,Total 2 volume 1,Total 3 volume 1,Total 4 volume 1,Total 5 volume 1,Total 6 volume 1
0,9.954516368711946e+17,3.1803953042556908e+19,2.2394775286774456e+18,6.059472535941418e+18,4.234478047409369e+16,3.0787177952645824e+17,4.972821572235229e+18,1.7186513208831107e+19
