t(s),Total solute volume 1,Total retention volume 1,Total 1 volume 1,Total 2 volume 1,Total 3 volume 1,Total 4 volume 1,Total 5 volume 1,Total 6 volume 1
0,7.301727964015883e+19,1.3946689098034652e+23,2.7111952799558177e+22,4.446286275392808e+22,3.0270376584607166e+22,1.0134528656426922e+22,7.737092730018751e+21,1.9677060176168475e+22
