t(s),Total solute volume 1,Total retention volume 1,Total 1 volume 1,Total 2 volume 1,Total 3 volume 1,Total 4 volume 1,Total 5 volume 1,Total 6 volume 1
0,8.434622358698939e+16,1.1241004539189137e+19,9096397638945638.0,1.0811486824468592e+16,1.191021020505181e+16,2.7545444359007036e+16,4.69872967381465e+17,1.0627421809193118e+19
