t(s),Total solute volume 1,Total retention volume 1,Total 1 volume 1,Total 2 volume 1,Total 3 volume 1,Total 4 volume 1,Total 5 volume 1,Total 6 volume 1
0,2.073332087427378e+19,1.3649324630372665e+22,1.9346913512456716e+21,1.1315073985465211e+22,1.7528992755010614e+20,5.088109700994167e+19,3.818909460205875e+19,1.144658536252498e+20
