t(s),Total solute volume 1,Total retention volume 1,Total 1 volume 1,Total 2 volume 1,Total 3 volume 1,Total 4 volume 1,Total 5 volume 1,Total 6 volume 1
0,4.071819960099205e+17,6.378860115384783e+22,3.048573828454969e+17,6.123728968341585e+17,1.0297566948695028e+19,1.4018721887808494e+20,8.02769614411235e+21,5.560909581163333e+22
