t(s),Total solute volume 1,Total retention volume 1,Total 1 volume 1,Total 2 volume 1,Total 3 volume 1,Total 4 volume 1,Total 5 volume 1,Total 6 volume 1
0,1.1886142573461043e+18,1.5805766876342188e+23,3.3262845753212687e+18,9.547595689902217e+18,2.5330689636177884e+20,6.103318140116787e+21,6.979190113636565e+22,8.189508009605298e+22
