t(s),Total solute volume 1,Total retention volume 1,Total 1 volume 1,Total 2 volume 1,Total 3 volume 1,Total 4 volume 1,Total 5 volume 1,Total 6 volume 1
0,1.122294944848212e+17,2.0159202099033354e+17,1.720192593325329e+16,2.2487444393871428e+16,33197789077848.555,81967787085901.89,1730809521108994.2,4.782718108111359e+16
