t(s),Total solute volume 1,Total retention volume 1,Total 1 volume 1,Total 2 volume 1,Total 3 volume 1,Total 4 volume 1,Total 5 volume 1,Total 6 volume 1
0,4.388031255538536e+18,1.6870766653064444e+23,6.12580002685351e+19,2.704458392884033e+20,9.071552262094314e+21,4.786186091555196e+22,4.523468834324078e+22,6.620347313894661e+22
