t(s),Total solute volume 1,Total retention volume 1,Total 1 volume 1,Total 2 volume 1,Total 3 volume 1,Total 4 volume 1,Total 5 volume 1,Total 6 volume 1
0,7.898873006952949e+16,6.525369233442846e+19,7857626411464600.0,9137075296732168.0,6.352761514599001e+16,2.643591242528294e+17,4.587495254097051e+18,6.024232690915473e+19
