t(s),Total solute volume 1,Total retention volume 1,Total 1 volume 1,Total 2 volume 1,Total 3 volume 1,Total 4 volume 1,Total 5 volume 1,Total 6 volume 1
0,1.4297083041559683e+17,8.868596067905153e+20,2.9520321540870584e+16,4.183413466422628e+16,3.200422728656258e+17,1.602724727091824e+18,4.310088534528365e+19,8.416216291586496e+20
