t(s),Total solute volume 1,Total retention volume 1,Total 1 volume 1,Total 2 volume 1,Total 3 volume 1,Total 4 volume 1,Total 5 volume 1,Total 6 volume 1
0,2.838052749429945e+17,1.7363594783180936e+22,1.3626480534992328e+17,2.426887464870655e+17,2.5934869026061737e+18,1.9585297855341933e+19,8.745241166308272e+20,1.6466229122965453e+22
