t(s),Total solute volume 1,Total retention volume 1,Total 1 volume 1,Total 2 volume 1,Total 3 volume 1,Total 4 volume 1,Total 5 volume 1,Total 6 volume 1
0,5.859579698822926e+16,2.150241311828157e+19,4036115571689510.5,4248607036429529.5,3.2467141131771816e+16,1.519544929758097e+17,2.199222865480171e+18,1.9051888099097514e+19
