t(s),Total solute volume 1,Total retention volume 1,Total 1 volume 1,Total 2 volume 1,Total 3 volume 1,Total 4 volume 1,Total 5 volume 1,Total 6 volume 1
0,9.682243045823266e+16,1.5418021375620544e+17,1.2374155389646972e+16,1.5399323190154844e+16,25617198585455.797,58639363267633.91,1105565886703045.0,2.839448226961327e+16
