t(s),Total solute volume 1,Total retention volume 1,Total 1 volume 1,Total 2 volume 1,Total 3 volume 1,Total 4 volume 1,Total 5 volume 1,Total 6 volume 1
0,2.69227699570376e+18,2.4573212429389604e+22,2.0606897695457464e+19,7.758321800726444e+19,6.111665421000185e+20,4.038116751732293e+21,5.399466398798875e+21,1.4423580344059777e+22
