t(s),Total solute volume 1,Total retention volume 1,Total 1 volume 1,Total 2 volume 1,Total 3 volume 1,Total 4 volume 1,Total 5 volume 1,Total 6 volume 1
0,1.874180731908145e+17,5.91929730483248e+20,5.399819431922016e+16,8.374842692958085e+16,1.6144451208856477e+17,5.762331697811439e+17,1.810824407234046e+19,5.727586440345961e+20
