t(s),Total solute volume 1,Total retention volume 1,Total 1 volume 1,Total 2 volume 1,Total 3 volume 1,Total 4 volume 1,Total 5 volume 1,Total 6 volume 1
0,5.74157916659942e+18,1.858571706140225e+21,1.1155733650881687e+20,5.3600706402624864e+20,1.9597295640351143e+20,2.427601160973554e+20,1.922604006692626e+20,5.742722532684458e+20
