t(s),Total solute volume 1,Total retention volume 1,Total 1 volume 1,Total 2 volume 1,Total 3 volume 1,Total 4 volume 1,Total 5 volume 1,Total 6 volume 1
0,7.301727964015883e+19,8.704897368689176e+22,2.7111952799558177e+22,4.446286275392808e+22,7.317174173932052e+21,2.055695165575824e+21,1.5473065112216635e+21,4.4809650030360354e+21
