t(s),Total solute volume 1,Total retention volume 1,Total 1 volume 1,Total 2 volume 1,Total 3 volume 1,Total 4 volume 1,Total 5 volume 1,Total 6 volume 1
0,2.1550923634800276e+18,1.8907589956550057e+23,1.2543579337050872e+19,4.387601538914759e+19,1.443665126683738e+21,3.1878355016576676e+22,7.3889135800576945e+22,8.180616893457244e+22
