t(s),Total solute volume 1,Total retention volume 1,Total 1 volume 1,Total 2 volume 1,Total 3 volume 1,Total 4 volume 1,Total 5 volume 1,Total 6 volume 1
0,9.026506572834251e+16,1.3393526485602664e+17,1.0582167792312242e+16,1.2864965809597988e+16,19811832457918.918,43748421027234.2,781565174915715.5,1.9377940097370868e+16
