t(s),Total solute volume 1,Total retention volume 1,Total 1 volume 1,Total 2 volume 1,Total 3 volume 1,Total 4 volume 1,Total 5 volume 1,Total 6 volume 1
0,1.4509118010472559e+19,3.4203463355755185e+23,8.782046250079989e+20,5.232424008980733e+21,8.29876879313256e+22,8.943973795133656e+22,7.962153169925402e+22,8.386053822363628e+22
