t(s),Total solute volume 1,Total retention volume 1,Total 1 volume 1,Total 2 volume 1,Total 3 volume 1,Total 4 volume 1,Total 5 volume 1,Total 6 volume 1
0,5.263409243820472e+16,7.355151734459419e+17,3176956375550943.5,3226718800086626.5,1683321757354522.0,2949094234112852.0,3.4913012015045828e+16,6.369319778255862e+17
