t(s),Total solute volume 1,Total retention volume 1,Total 1 volume 1,Total 2 volume 1,Total 3 volume 1,Total 4 volume 1,Total 5 volume 1,Total 6 volume 1
0,1.874180731908145e+17,3.0057676431656854e+19,5.399819431922016e+16,8.374842692958085e+16,8429972049144986.0,2.7212301027418696e+16,8.488263540877998e+17,2.8848043110052155e+19
