t(s),Total solute volume 1,Total retention volume 1,Total 1 volume 1,Total 2 volume 1,Total 3 volume 1,Total 4 volume 1,Total 5 volume 1,Total 6 volume 1
0,1.1886142573461043e+18,1.2699313988626592e+23,3.3262845753212687e+18,9.547595689902217e+18,2.292074123708965e+20,4.593495406979468e+21,5.036341182658683e+22,7.179296274580647e+22
