t(s),Total solute volume 1,Total retention volume 1,Total 1 volume 1,Total 2 volume 1,Total 3 volume 1,Total 4 volume 1,Total 5 volume 1,Total 6 volume 1
0,7.412634750021373e+16,7.153107694610988e+17,6819284532587502.0,7763492501330356.0,865846417015383.0,1742531826209447.8,2.677229509118004e+16,5.972209715925476e+17
