t(s),Total solute volume 1,Total retention volume 1,Total 1 volume 1,Total 2 volume 1,Total 3 volume 1,Total 4 volume 1,Total 5 volume 1,Total 6 volume 1
0,1.5593745071291005e+17,1.8245194560277345e+18,3.5828426689998184e+16,5.226428756416006e+16,601066973664224.5,1757640044168207.8,4.771402123768503e+16,1.5304165628051517e+18
