t(s),Total solute volume 1,Total retention volume 1,Total 1 volume 1,Total 2 volume 1,Total 3 volume 1,Total 4 volume 1,Total 5 volume 1,Total 6 volume 1
0,1.4297083041559683e+17,6.566289562438851e+19,2.9520321540870584e+16,4.183413466422628e+16,2.8353068919088964e+16,8.24787707267712e+16,2.101800980726494e+18,6.323593751739627e+19
