t(s),Total solute volume 1,Total retention volume 1,Total 1 volume 1,Total 2 volume 1,Total 3 volume 1,Total 4 volume 1,Total 5 volume 1,Total 6 volume 1
0,1.0410857772626118e+17,2.5427854078454684e+20,1.4548167332142294e+16,1.8548032395571572e+16,1.5073021228666298e+17,7.622689975209601e+17,1.649004195588139e+19,2.3673829484140397e+20
