t(s),Total solute volume 1,Total retention volume 1,Total 1 volume 1,Total 2 volume 1,Total 3 volume 1,Total 4 volume 1,Total 5 volume 1,Total 6 volume 1
0,1.1886142573461043e+18,5.385405046777251e+21,3.3262845753212687e+18,9.547595689902217e+18,1.611453893338548e+19,1.2982021425198155e+20,1.26884654992748e+21,3.956561249141785e+21
