t(s),Total solute volume 1,Total retention volume 1,Total 1 volume 1,Total 2 volume 1,Total 3 volume 1,Total 4 volume 1,Total 5 volume 1,Total 6 volume 1
0,1.4509118010472559e+19,4.403399481621812e+22,8.782046250079989e+20,5.232424008980733e+21,1.5405382369500511e+22,5.885317589149378e+21,4.469665743260458e+21,1.214849136230845e+22
