t(s),Total solute volume 1,Total retention volume 1,Total 1 volume 1,Total 2 volume 1,Total 3 volume 1,Total 4 volume 1,Total 5 volume 1,Total 6 volume 1
0,3.184149623986931e+17,4.3480872417094835e+18,1.761415583916261e+17,3.2597540298476077e+17,650730712524999.6,2740697556649011.5,1.2301493385871315e+17,3.401148955806524e+18
