t(s),Total solute volume 1,Total retention volume 1,Total 1 volume 1,Total 2 volume 1,Total 3 volume 1,Total 4 volume 1,Total 5 volume 1,Total 6 volume 1
0,4.756651887055506e+16,6.04965972862371e+16,2534742031225772.5,2489019978208219.0,23929675658070.527,38073629683687.266,415652827646182.44,7428660273260774.0
