t(s),Total solute volume 1,Total retention volume 1,Total 1 volume 1,Total 2 volume 1,Total 3 volume 1,Total 4 volume 1,Total 5 volume 1,Total 6 volume 1
0,1.0410857772626118e+17,6.909462596347647e+17,1.4548167332142294e+16,1.8548032395571572e+16,421874933124988.5,1003680906498623.4,2.000883000995465e+16,5.32307096331212e+17
