t(s),Total solute volume 1,Total retention volume 1,Total 1 volume 1,Total 2 volume 1,Total 3 volume 1,Total 4 volume 1,Total 5 volume 1,Total 6 volume 1
0,3.5908603530687936e+17,4.991760953964828e+22,2.3031334757874176e+17,4.4365248646884774e+17,7.067701316657121e+18,8.931793388473986e+19,4.881942808637379e+21,4.493824804394028e+22
