t(s),Total solute volume 1,Total retention volume 1,Total 1 volume 1,Total 2 volume 1,Total 3 volume 1,Total 4 volume 1,Total 5 volume 1,Total 6 volume 1
0,7.301727964015883e+19,4.291075790544179e+23,2.7111952799558177e+22,4.446286275392808e+22,1.03737091588503e+23,8.988592292274485e+22,7.988063929270245e+22,8.395609241733694e+22
