t(s),Total solute volume 1,Total retention volume 1,Total 1 volume 1,Total 2 volume 1,Total 3 volume 1,Total 4 volume 1,Total 5 volume 1,Total 6 volume 1
0,3.049370426842634e+19,3.5414734706031884e+23,4.502339012740615e+21,2.2082334505202914e+22,9.748632937311462e+22,8.019936183092352e+22,6.9893080307739725e+22,7.99534083263311e+22
