t(s),Total solute volume 1,Total retention volume 1,Total 1 volume 1,Total 2 volume 1,Total 3 volume 1,Total 4 volume 1,Total 5 volume 1,Total 6 volume 1
0,3.41080351854199e+18,1.7515125800161012e+23,3.4926673833597546e+19,1.42115214248461e+20,4.821901796935686e+21,4.668508411870272e+22,5.246977883388837e+22,7.099404056048262e+22
