t(s),Total solute volume 1,Total retention volume 1,Total 1 volume 1,Total 2 volume 1,Total 3 volume 1,Total 4 volume 1,Total 5 volume 1,Total 6 volume 1
0,1.1886142573461043e+18,8.839022820422484e+22,3.3262845753212687e+18,9.547595689902217e+18,1.8622618594977687e+20,2.8707213684406873e+21,3.006191746269496e+22,5.525730069261804e+22
