t(s),Total solute volume 1,Total retention volume 1,Total 1 volume 1,Total 2 volume 1,Total 3 volume 1,Total 4 volume 1,Total 5 volume 1,Total 6 volume 1
0,6.160605045081409e+17,4.0028228561299413e+20,7.67830629749285e+17,1.7706017440084913e+18,2.140868347700922e+17,1.2612151001784845e+18,5.446604952049192e+19,3.4118644127928825e+20
