t(s),Total solute volume 1,Total retention volume 1,Total 1 volume 1,Total 2 volume 1,Total 3 volume 1,Total 4 volume 1,Total 5 volume 1,Total 6 volume 1
0,1.4297083041559683e+17,2.8990405724794716e+19,2.9520321540870584e+16,4.183413466422628e+16,1.2575073148106624e+16,3.5769826109403172e+16,9.100547424079596e+17,2.7817680796509295e+19
