t(s),Total solute volume 1,Total retention volume 1,Total 1 volume 1,Total 2 volume 1,Total 3 volume 1,Total 4 volume 1,Total 5 volume 1,Total 6 volume 1
0,1.122294944848212e+17,4.963126304414705e+20,1.720192593325329e+16,2.2487444393871428e+16,2.3595421396016467e+17,1.7397416324866232e+18,4.262901974754049e+19,4.51555995982663e+20
