t(s),Total solute volume 1,Total retention volume 1,Total 1 volume 1,Total 2 volume 1,Total 3 volume 1,Total 4 volume 1,Total 5 volume 1,Total 6 volume 1
0,5.859579698822926e+16,7.286664793287462e+16,4036115571689510.5,4248607036429529.5,12559131091659.535,22224212360730.848,284819955197425.2,5666525037876052.0
