t(s),Total solute volume 1,Total retention volume 1,Total 1 volume 1,Total 2 volume 1,Total 3 volume 1,Total 4 volume 1,Total 5 volume 1,Total 6 volume 1
0,7.412634750021373e+16,3.745974704622483e+19,6819284532587502.0,7763492501330356.0,4.291982656080385e+16,1.454526611397313e+17,2.347469661704079e+18,3.4835195772285645e+19
