t(s),Total solute volume 1,Total retention volume 1,Total 1 volume 1,Total 2 volume 1,Total 3 volume 1,Total 4 volume 1,Total 5 volume 1,Total 6 volume 1
0,1.122294944848212e+17,1.3745254654894311e+19,1.720192593325329e+16,2.2487444393871428e+16,8993602317917696.0,2.2781368867518948e+16,4.819144741123723e+17,1.3079646344784187e+19
