t(s),Total solute volume 1,Total retention volume 1,Total 1 volume 1,Total 2 volume 1,Total 3 volume 1,Total 4 volume 1,Total 5 volume 1,Total 6 volume 1
0,2.5417881604872016e+17,5.69252283304967e+19,1.0655456735803997e+17,1.8292710984074672e+17,1.1090191351154934e+16,4.174264956802563e+16,1.6232207715212147e+18,5.47055142248088e+19
