t(s),Total solute volume 1,Total retention volume 1,Total 1 volume 1,Total 2 volume 1,Total 3 volume 1,Total 4 volume 1,Total 5 volume 1,Total 6 volume 1
0,8.434622358698939e+16,2.810687041619698e+17,9096397638945638.0,1.0811486824468592e+16,195115657015546.1,416614943533345.2,7065480776417642.0,1.6913738473460272e+17
