t(s),Total solute volume 1,Total retention volume 1,Total 1 volume 1,Total 2 volume 1,Total 3 volume 1,Total 4 volume 1,Total 5 volume 1,Total 6 volume 1
0,4.071819960099205e+17,6.656777750795719e+22,3.048573828454969e+17,6.123728968341585e+17,1.0577071464016425e+19,1.516159735772219e+20,8.78819269930208e+21,5.761606735133939e+22
