t(s),Total solute volume 1,Total retention volume 1,Total 1 volume 1,Total 2 volume 1,Total 3 volume 1,Total 4 volume 1,Total 5 volume 1,Total 6 volume 1
0,4.6444135142887546e+17,3.50829616782144e+20,4.088535341100352e+17,8.580895293571511e+17,1.0076241594557851e+17,5.1614420214424864e+17,2.6088141509556883e+19,3.2239318423960086e+20
