t(s),Total solute volume 1,Total retention volume 1,Total 1 volume 1,Total 2 volume 1,Total 3 volume 1,Total 4 volume 1,Total 5 volume 1,Total 6 volume 1
0,1.122294944848212e+17,1.3127805925715947e+20,1.720192593325329e+16,2.2487444393871428e+16,7.972441851805154e+16,2.5388687022957018e+17,5.471355502060663e+18,1.2532117360153947e+20
