t(s),Total solute volume 1,Total retention volume 1,Total 1 volume 1,Total 2 volume 1,Total 3 volume 1,Total 4 volume 1,Total 5 volume 1,Total 6 volume 1
0,5.74157916659942e+18,1.340777885687388e+21,1.1155733650881687e+20,5.3600706402624864e+20,1.1194900157677424e+20,1.3829697564788464e+20,1.0950703433036748e+20,3.277188944306898e+20
