t(s),Total solute volume 1,Total retention volume 1,Total 1 volume 1,Total 2 volume 1,Total 3 volume 1,Total 4 volume 1,Total 5 volume 1,Total 6 volume 1
0,7.301727964015883e+19,7.389287778206276e+22,2.7111952799558177e+22,4.446286275392808e+22,1.0824339834840075e+21,2.913683953873073e+20,2.186387217058548e+20,6.52603848358451e+20
