t(s),Total solute volume 1,Total retention volume 1,Total 1 volume 1,Total 2 volume 1,Total 3 volume 1,Total 4 volume 1,Total 5 volume 1,Total 6 volume 1
0,9.026506572834251e+16,1.7754635279336338e+20,1.0582167792312242e+16,1.2864965809597988e+16,1.2333860924477197e+17,8.029900855094624e+17,1.659588909357995e+19,1.599104228056957e+20
