t(s),Total solute volume 1,Total retention volume 1,Total 1 volume 1,Total 2 volume 1,Total 3 volume 1,Total 4 volume 1,Total 5 volume 1,Total 6 volume 1
0,6.9702016393038264e+16,3.5141264945667346e+19,5944515532356725.0,6630186019767457.0,4.2845974815094424e+16,1.6311083277906336e+17,2.5614953994285716e+18,3.2291536020700283e+19
