t(s),Total solute volume 1,Total retention volume 1,Total 1 volume 1,Total 2 volume 1,Total 3 volume 1,Total 4 volume 1,Total 5 volume 1,Total 6 volume 1
0,1.122294944848212e+17,4.214611589456408e+17,1.720192593325329e+16,2.2487444393871428e+16,180112124622701.34,444894378016202.9,9394539743960126.0,2.5952274788709523e+17
