t(s),Total solute volume 1,Total retention volume 1,Total 1 volume 1,Total 2 volume 1,Total 3 volume 1,Total 4 volume 1,Total 5 volume 1,Total 6 volume 1
0,9.682243045823266e+16,1.780460129361585e+20,1.2374155389646972e+16,1.5399323190154844e+16,1.2020155492879917e+17,5.776595805038015e+17,1.1793459886596293e+19,1.654300960050931e+20
