t(s),Total solute volume 1,Total retention volume 1,Total 1 volume 1,Total 2 volume 1,Total 3 volume 1,Total 4 volume 1,Total 5 volume 1,Total 6 volume 1
0,2.69227699570376e+18,1.7766267452975282e+21,2.0606897695457464e+19,7.758321800726444e+19,4.585635421816666e+19,2.6019365328416447e+20,3.4388079236890015e+20,1.025813552727896e+21
