t(s),Total solute volume 1,Total retention volume 1,Total 1 volume 1,Total 2 volume 1,Total 3 volume 1,Total 4 volume 1,Total 5 volume 1,Total 6 volume 1
0,3.184149623986931e+17,2.8277405440366147e+18,1.761415583916261e+17,3.2597540298476077e+17,370276605005872.1,1559445562962670.5,6.999481014483861e+16,1.9352840879487322e+18
