t(s),Total solute volume 1,Total retention volume 1,Total 1 volume 1,Total 2 volume 1,Total 3 volume 1,Total 4 volume 1,Total 5 volume 1,Total 6 volume 1
0,2.0660865705208714e+17,4.038194696896632e+21,6.711558540817307e+16,1.0753082620506754e+17,8.412916471750803e+17,4.672409597455673e+18,1.6398092019586256e+20,3.8683188203874094e+21
