t(s),Total solute volume 1,Total retention volume 1,Total 1 volume 1,Total 2 volume 1,Total 3 volume 1,Total 4 volume 1,Total 5 volume 1,Total 6 volume 1
0,2.838052749429945e+17,6.34388408878136e+20,1.3626480534992328e+17,2.426887464870655e+17,1.163447670211165e+17,4.720509168411652e+17,1.9785285885732487e+19,6.13351968481761e+20
