t(s),Total solute volume 1,Total retention volume 1,Total 1 volume 1,Total 2 volume 1,Total 3 volume 1,Total 4 volume 1,Total 5 volume 1,Total 6 volume 1
0,2.838052749429945e+17,2.9798081433910485e+19,1.3626480534992328e+17,2.426887464870655e+17,5392009031224080.0,2.1433027222946348e+16,8.970351709276877e+17,2.8211462399948575e+19
