t(s),Total solute volume 1,Total retention volume 1,Total 1 volume 1,Total 2 volume 1,Total 3 volume 1,Total 4 volume 1,Total 5 volume 1,Total 6 volume 1
0,3.049370426842634e+19,2.7294238442805856e+22,4.502339012740615e+21,2.2082334505202914e+22,3.236352251888866e+20,8.891460565247114e+19,6.670769982927116e+19,1.9981368992297573e+20
