t(s),Total solute volume 1,Total retention volume 1,Total 1 volume 1,Total 2 volume 1,Total 3 volume 1,Total 4 volume 1,Total 5 volume 1,Total 6 volume 1
0,1.0410857772626118e+17,4.4363123782801555e+19,1.4548167332142294e+16,1.8548032395571572e+16,3.218700096757275e+16,8.622580141508702e+16,1.7341828830101292e+18,4.237332331995473e+19
