t(s),Total solute volume 1,Total retention volume 1,Total 1 volume 1,Total 2 volume 1,Total 3 volume 1,Total 4 volume 1,Total 5 volume 1,Total 6 volume 1
0,8.413405339804337e+17,9.914843588965245e+20,1.5388438157429548e+18,3.936856474967845e+18,1.170231788205729e+18,8.009202288899966e+18,1.993053045789348e+20,7.766825794157934e+20
