t(s),Total solute volume 1,Total retention volume 1,Total 1 volume 1,Total 2 volume 1,Total 3 volume 1,Total 4 volume 1,Total 5 volume 1,Total 6 volume 1
0,2.0660865705208714e+17,3.309334775041714e+18,6.711558540817307e+16,1.0753082620506754e+17,723724074119658.6,2443812646530919.0,8.191725897759958e+16,2.8429949106781455e+18
