t(s),Total solute volume 1,Total retention volume 1,Total 1 volume 1,Total 2 volume 1,Total 3 volume 1,Total 4 volume 1,Total 5 volume 1,Total 6 volume 1
0,6.160605045081409e+17,1.6100049362605978e+21,7.67830629749285e+17,1.7706017440084913e+18,8.613205842183351e+17,5.136255245948681e+18,2.2200099951679976e+20,1.3788518680353906e+21
