t(s),Total solute volume 1,Total retention volume 1,Total 1 volume 1,Total 2 volume 1,Total 3 volume 1,Total 4 volume 1,Total 5 volume 1,Total 6 volume 1
0,3.184149623986931e+17,4.220428546000324e+20,1.761415583916261e+17,3.259754029847607e+17,7.739519771362598e+16,3.2925797242610214e+17,1.478898224977644e+19,4.0602668725634066e+20
