t(s),Total solute volume 1,Total retention volume 1,Total 1 volume 1,Total 2 volume 1,Total 3 volume 1,Total 4 volume 1,Total 5 volume 1,Total 6 volume 1
0,6.5666411056726936e+16,1.5636464457680707e+17,5203971956357368.0,5689972671683596.0,136895381740074.33,257239788751268.1,3598990085354857.5,7.581116363619594e+16
