t(s),Total solute volume 1,Total retention volume 1,Total 1 volume 1,Total 2 volume 1,Total 3 volume 1,Total 4 volume 1,Total 5 volume 1,Total 6 volume 1
0,2.1550923634800276e+18,7.167396603817678e+22,1.2543579337050872e+19,4.387601538914759e+19,8.298909244870542e+20,9.66074814614069e+21,1.999429090335898e+22,4.113046137709988e+22
