t(s),Total solute volume 1,Total retention volume 1,Total 1 volume 1,Total 2 volume 1,Total 3 volume 1,Total 4 volume 1,Total 5 volume 1,Total 6 volume 1
0,4.999990884535286e+16,1.0083837564684882e+19,2833151015773908.0,2828700406760326.5,2.0092943883648124e+16,8.501415681271742e+16,1.0847068156717915e+18,8.838361888048692e+18
