t(s),Total solute volume 1,Total retention volume 1,Total 1 volume 1,Total 2 volume 1,Total 3 volume 1,Total 4 volume 1,Total 5 volume 1,Total 6 volume 1
0,1.122294944848212e+17,3.9912851645411975e+19,1.720192593325329e+16,2.2487444393871428e+16,2.580458050969421e+16,6.870533100480489e+16,1.458717695998283e+18,3.82077051730865e+19
