t(s),Total solute volume 1,Total retention volume 1,Total 1 volume 1,Total 2 volume 1,Total 3 volume 1,Total 4 volume 1,Total 5 volume 1,Total 6 volume 1
0,6.160605045081409e+17,1.085123444993994e+19,7.67830629749285e+17,1.7706017440084913e+18,4156839010597024.0,2.4392859524579916e+16,1.0531273337239782e+18,6.615064539414887e+18
