t(s),Total solute volume 1,Total retention volume 1,Total 1 volume 1,Total 2 volume 1,Total 3 volume 1,Total 4 volume 1,Total 5 volume 1,Total 6 volume 1
0,6.5666411056726936e+16,7.743873471717282e+16,5203971956357368.0,5689972671683596.0,1507892275621.1936,2828224392286.776,39564003759593.8,834478911978712.9
