t(s),Total solute volume 1,Total retention volume 1,Total 1 volume 1,Total 2 volume 1,Total 3 volume 1,Total 4 volume 1,Total 5 volume 1,Total 6 volume 1
0,5.859579698822926e+16,9.879963798238239e+17,4036115571689510.5,4248607036429529.5,1904009825143599.0,3495982250334704.0,4.492123572330076e+16,8.707946324286911e+17
