t(s),Total solute volume 1,Total retention volume 1,Total 1 volume 1,Total 2 volume 1,Total 3 volume 1,Total 4 volume 1,Total 5 volume 1,Total 6 volume 1
0,9.682243045823266e+16,2.7896216493560417e+18,1.2374155389646972e+16,1.5399323190154844e+16,2298543227535050.0,5314143043775614.0,1.0026078850630062e+17,2.5571522655404027e+18
