t(s),Total solute volume 1,Total retention volume 1,Total 1 volume 1,Total 2 volume 1,Total 3 volume 1,Total 4 volume 1,Total 5 volume 1,Total 6 volume 1
0,9.682243045823266e+16,2.0663910392245777e+20,1.2374155389646972e+16,1.5399323190154844e+16,1.3426340706020357e+17,7.405002283839076e+17,1.547963078868056e+19,1.9016011358929325e+20
