t(s),Total solute volume 1,Total retention volume 1,Total 1 volume 1,Total 2 volume 1,Total 3 volume 1,Total 4 volume 1,Total 5 volume 1,Total 6 volume 1
0,5.74157916659942e+18,2.643993789848437e+23,1.1155733650881687e+20,5.3600706402624864e+20,2.1136999508231405e+22,8.262548334300171e+22,7.708002829218399e+22,8.290356186172665e+22
