t(s),Total solute volume 1,Total retention volume 1,Total 1 volume 1,Total 2 volume 1,Total 3 volume 1,Total 4 volume 1,Total 5 volume 1,Total 6 volume 1
0,9.682243045823266e+16,1.613532682634737e+20,1.2374155389646972e+16,1.5399323190154844e+16,1.1138585028225229e+17,4.953432474321638e+17,9.994862926754648e+18,1.5062708032996173e+20
