t(s),Total solute volume 1,Total retention volume 1,Total 1 volume 1,Total 2 volume 1,Total 3 volume 1,Total 4 volume 1,Total 5 volume 1,Total 6 volume 1
0,6.197674773403082e+16,1.516058155629461e+19,4574148913662800.0,4905847431427061.0,2.3986112662837204e+16,7.153270282335274e+16,1.0016093743118063e+18,1.3991996622417474e+19
