t(s),Total solute volume 1,Total retention volume 1,Total 1 volume 1,Total 2 volume 1,Total 3 volume 1,Total 4 volume 1,Total 5 volume 1,Total 6 volume 1
0,6.9702016393038264e+16,4.191726924363323e+19,5944515532356725.0,6630186019767457.0,4.8938349507339e+16,2.1606127788142016e+17,3.4745570222037376e+18,3.80954358760948e+19
