t(s),Total solute volume 1,Total retention volume 1,Total 1 volume 1,Total 2 volume 1,Total 3 volume 1,Total 4 volume 1,Total 5 volume 1,Total 6 volume 1
0,3.049370426842634e+19,3.7447317208217415e+23,4.502339012740615e+21,2.2082334505202914e+22,1.0023128913635783e+23,8.73809719465197e+22,7.727128225483515e+22,8.297446152224636e+22
