t(s),Total solute volume 1,Total retention volume 1,Total 1 volume 1,Total 2 volume 1,Total 3 volume 1,Total 4 volume 1,Total 5 volume 1,Total 6 volume 1
0,1.874180731908145e+17,3.4569707035867407e+18,5.399819431922016e+16,8.374842692958085e+16,889586558545146.4,2858158576863927.0,8.912456557578059e+16,3.0389336984359265e+18
