t(s),Total solute volume 1,Total retention volume 1,Total 1 volume 1,Total 2 volume 1,Total 3 volume 1,Total 4 volume 1,Total 5 volume 1,Total 6 volume 1
0,9.954516368711946e+17,1.521466380132548e+23,2.2394775286774456e+18,6.059472535941418e+18,1.512130247447559e+20,3.480927880875346e+21,6.620777356129401e+22,8.229742914464074e+22
