t(s),Total solute volume 1,Total retention volume 1,Total 1 volume 1,Total 2 volume 1,Total 3 volume 1,Total 4 volume 1,Total 5 volume 1,Total 6 volume 1
0,1.122294944848212e+17,6.6120032308964475e+19,1.720192593325329e+16,2.2487444393871428e+16,4.200614649052372e+16,1.1763667046852555e+17,2.5074068126719734e+18,6.330106381452352e+19
