t(s),Total solute volume 1,Total retention volume 1,Total 1 volume 1,Total 2 volume 1,Total 3 volume 1,Total 4 volume 1,Total 5 volume 1,Total 6 volume 1
0,9.954516368711946e+17,1.4914392213987246e+23,2.2394775286774456e+18,6.059472535941418e+18,1.499603734759154e+20,3.391220385128244e+21,6.420769723666848e+22,8.138574974289947e+22
