t(s),Total solute volume 1,Total retention volume 1,Total 1 volume 1,Total 2 volume 1,Total 3 volume 1,Total 4 volume 1,Total 5 volume 1,Total 6 volume 1
0,6.160605045081409e+17,2.2949487147911207e+20,7.67830629749285e+17,1.7706017440084913e+18,1.2211555757282178e+17,7.181658273656806e+17,3.1010544922584523e+19,1.9448955229332298e+20
