t(s),Total solute volume 1,Total retention volume 1,Total 1 volume 1,Total 2 volume 1,Total 3 volume 1,Total 4 volume 1,Total 5 volume 1,Total 6 volume 1
0,1.7065136209902323e+17,6.344082417475704e+17,4.381099764971746e+16,6.585874551544885e+16,116312581657604.75,356014547970919.56,1.0346727405518662e+16,3.432680819482393e+17
