t(s),Total solute volume 1,Total retention volume 1,Total 1 volume 1,Total 2 volume 1,Total 3 volume 1,Total 4 volume 1,Total 5 volume 1,Total 6 volume 1
0,1.314985697153493e+17,2.2759638352196144e+17,2.4495440733375292e+16,3.375873907587926e+16,19209983954856.39,51442026200025.73,1226332102224654.8,3.654664988498422e+16
