t(s),Total solute volume 1,Total retention volume 1,Total 1 volume 1,Total 2 volume 1,Total 3 volume 1,Total 4 volume 1,Total 5 volume 1,Total 6 volume 1
0,1.0410857772626118e+17,1.5764568320351805e+19,1.4548167332142294e+16,1.8548032395571572e+16,1.17172577140979e+16,2.9031812983354964e+16,5.804390461723446e+17,1.5006175426028067e+19
