t(s),Total solute volume 1,Total retention volume 1,Total 1 volume 1,Total 2 volume 1,Total 3 volume 1,Total 4 volume 1,Total 5 volume 1,Total 6 volume 1
0,4.071819960099205e+17,2.6421308744706325e+22,3.048573828454969e+17,6.123728968341585e+17,5.235804705249029e+18,3.7306538953402e+19,1.9270171520786752e+21,2.445042483669394e+22
