t(s),Total solute volume 1,Total retention volume 1,Total 1 volume 1,Total 2 volume 1,Total 3 volume 1,Total 4 volume 1,Total 5 volume 1,Total 6 volume 1
0,1.122294944848212e+17,7.976861590606295e+18,1.720192593325329e+16,2.2487444393871428e+16,5199361361269236.0,1.3027348358677026e+16,2.7536521711048758e+17,7.53135079896387e+18
