t(s),Total solute volume 1,Total retention volume 1,Total 1 volume 1,Total 2 volume 1,Total 3 volume 1,Total 4 volume 1,Total 5 volume 1,Total 6 volume 1
0,6.197674773403082e+16,7.494048724531397e+16,4574148913662800.0,4905847431427061.0,6621779464511.256,12058047682641.066,161344025236953.28,3303719313809594.5
