t(s),Total solute volume 1,Total retention volume 1,Total 1 volume 1,Total 2 volume 1,Total 3 volume 1,Total 4 volume 1,Total 5 volume 1,Total 6 volume 1
0,1.1886142573461043e+18,3.467946212723206e+20,3.3262845753212687e+18,9.547595689902217e+18,1.0210564688397896e+18,7.891460899463352e+18,7.690211911037672e+19,2.469174902710755e+20
