t(s),Total solute volume 1,Total retention volume 1,Total 1 volume 1,Total 2 volume 1,Total 3 volume 1,Total 4 volume 1,Total 5 volume 1,Total 6 volume 1
0,7.412634750021373e+16,1.85181016044391e+19,6819284532587501.0,7763492501330356.0,2.3228513605466988e+16,5.962542218967508e+16,9.341550030097836e+17,1.741238354110068e+19
