t(s),Total solute volume 1,Total retention volume 1,Total 1 volume 1,Total 2 volume 1,Total 3 volume 1,Total 4 volume 1,Total 5 volume 1,Total 6 volume 1
0,4.6444135142887546e+17,7.766448621118817e+22,4.088535341100352e+17,8.58089529357151e+17,1.5261937632908888e+19,2.243458447219345e+20,1.3044602545654444e+22,6.437854449876399e+22
