t(s),Total solute volume 1,Total retention volume 1,Total 1 volume 1,Total 2 volume 1,Total 3 volume 1,Total 4 volume 1,Total 5 volume 1,Total 6 volume 1
0,1.122294944848212e+17,3.5402225473647396e+18,1.720192593325329e+16,2.2487444393871428e+16,2258847370269004.0,5612477460549537.0,1.185636555754759e+17,3.2618687021465533e+18
