t(s),Total solute volume 1,Total retention volume 1,Total 1 volume 1,Total 2 volume 1,Total 3 volume 1,Total 4 volume 1,Total 5 volume 1,Total 6 volume 1
0,1.4297083041559683e+17,7.747946281856379e+20,2.9520321540870584e+16,4.183413466422628e+16,2.8634134198210096e+17,1.323617152280424e+18,3.5237268232618213e+19,7.377330761721359e+20
