t(s),Total solute volume 1,Total retention volume 1,Total 1 volume 1,Total 2 volume 1,Total 3 volume 1,Total 4 volume 1,Total 5 volume 1,Total 6 volume 1
0,1.4509118010472559e+19,2.5975895020140372e+23,8.782046250079989e+20,5.232424008980733e+21,7.230995090864022e+22,6.051888588604399e+22,5.084520492918587e+22,6.995977072553691e+22
