t(s),Total solute volume 1,Total retention volume 1,Total 1 volume 1,Total 2 volume 1,Total 3 volume 1,Total 4 volume 1,Total 5 volume 1,Total 6 volume 1
0,2.0660865705208714e+17,9.207843474765746e+17,6.711558540817307e+16,1.0753082620506754e+17,133368097810730.75,450222602107915.6,1.5091293866215938e+16,5.238543942451051e+17
