t(s),Total solute volume 1,Total retention volume 1,Total 1 volume 1,Total 2 volume 1,Total 3 volume 1,Total 4 volume 1,Total 5 volume 1,Total 6 volume 1
0,3.049370426842634e+19,2.94102270463394e+23,4.502339012740615e+21,2.2082334505202914e+22,8.765618024639346e+22,6.000475098812589e+22,5.02466247278151e+22,6.957954727884292e+22
