t(s),Total solute volume 1,Total retention volume 1,Total 1 volume 1,Total 2 volume 1,Total 3 volume 1,Total 4 volume 1,Total 5 volume 1,Total 6 volume 1
0,1.1999214403838304e+20,1.2299215337495144e+23,6.152497233576406e+22,4.870349495676086e+22,6.031085399159068e+21,1.676376217079923e+21,1.2609539002144218e+21,3.6752784219351475e+21
