t(s),Total solute volume 1,Total retention volume 1,Total 1 volume 1,Total 2 volume 1,Total 3 volume 1,Total 4 volume 1,Total 5 volume 1,Total 6 volume 1
0,1.314985697153493e+17,1.058442562219925e+21,2.4495440733375292e+16,3.3758739075879252e+16,3.812824077117979e+17,3.12850581075387e+18,8.709154225984694e+19,9.676514789921034e+20
