t(s),Total solute volume 1,Total retention volume 1,Total 1 volume 1,Total 2 volume 1,Total 3 volume 1,Total 4 volume 1,Total 5 volume 1,Total 6 volume 1
0,3.049370426842634e+19,2.549128254760028e+23,4.502339012740615e+21,2.2082334505202914e+22,7.961035087937127e+22,4.79126968121454e+22,3.920215512041672e+22,6.157245544185679e+22
