t(s),Total solute volume 1,Total retention volume 1,Total 1 volume 1,Total 2 volume 1,Total 3 volume 1,Total 4 volume 1,Total 5 volume 1,Total 6 volume 1
0,1.874180731908145e+17,6.9094827487646286e+19,5.399819431922016e+16,8.374842692958085e+16,1.944559825031993e+16,6.3206171796323096e+16,1.972530568607967e+18,6.671448045455146e+19
