t(s),Total solute volume 1,Total retention volume 1,Total 1 volume 1,Total 2 volume 1,Total 3 volume 1,Total 4 volume 1,Total 5 volume 1,Total 6 volume 1
0,8.413405339804337e+17,1.383065794675513e+23,1.5388438157429553e+18,3.9368564749678444e+18,9.115079292865297e+19,1.9139762089774993e+21,5.57233823856981e+22,8.057175303912093e+22
