t(s),Total solute volume 1,Total retention volume 1,Total 1 volume 1,Total 2 volume 1,Total 3 volume 1,Total 4 volume 1,Total 5 volume 1,Total 6 volume 1
0,6.197674773403082e+16,9.651138417083187e+16,4574148913662800.0,4905847431427061.0,47610147954272.734,86754293914200.56,1160879129528021.8,2.375939652031374e+16
