t(s),Total solute volume 1,Total retention volume 1,Total 1 volume 1,Total 2 volume 1,Total 3 volume 1,Total 4 volume 1,Total 5 volume 1,Total 6 volume 1
0,7.171273444608589e+17,7.185732264501042e+22,1.0775438795249249e+18,2.613815739480852e+18,4.110606813062832e+19,5.0734138554858734e+20,1.8828577380338143e+22,5.247588932402918e+22
