t(s),Total solute volume 1,Total retention volume 1,Total 1 volume 1,Total 2 volume 1,Total 3 volume 1,Total 4 volume 1,Total 5 volume 1,Total 6 volume 1
0,3.049370426842634e+19,2.100407586219332e+23,4.502339012740615e+21,2.2082334505202914e+22,6.85516491946537e+22,3.538158319381449e+22,2.8278058758063908e+22,5.121430025319168e+22
