t(s),Total solute volume 1,Total retention volume 1,Total 1 volume 1,Total 2 volume 1,Total 3 volume 1,Total 4 volume 1,Total 5 volume 1,Total 6 volume 1
0,1.1999214403838304e+20,3.7075640706207345e+23,6.152497233576406e+22,4.870349495676086e+22,8.82150375221031e+22,5.700559459682195e+22,4.745033383333543e+22,6.7736981673248815e+22
