t(s),Total solute volume 1,Total retention volume 1,Total 1 volume 1,Total 2 volume 1,Total 3 volume 1,Total 4 volume 1,Total 5 volume 1,Total 6 volume 1
0,3.5908603530687936e+17,5.2983611213634714e+22,2.3031334757874176e+17,4.4365248646884774e+17,7.347430641773831e+18,1.0007142757679428e+20,5.567067465487029e+21,4.730809183805959e+22
