t(s),Total solute volume 1,Total retention volume 1,Total 1 volume 1,Total 2 volume 1,Total 3 volume 1,Total 4 volume 1,Total 5 volume 1,Total 6 volume 1
0,1.874180731908145e+17,1.7282979960058515e+19,5.399819431922016e+16,8.374842692958085e+16,4812247012652670.0,1.549910442989555e+16,4.833833189935737e+17,1.6454120595182973e+19
