t(s),Total solute volume 1,Total retention volume 1,Total 1 volume 1,Total 2 volume 1,Total 3 volume 1,Total 4 volume 1,Total 5 volume 1,Total 6 volume 1
0,4.632802213684205e+19,2.3233577615599864e+23,1.098131415173949e+22,3.5085054935044953e+22,7.030063184486842e+22,3.5761793979863196e+22,2.8598051118447084e+22,5.156260210390025e+22
