t(s),Total solute volume 1,Total retention volume 1,Total 1 volume 1,Total 2 volume 1,Total 3 volume 1,Total 4 volume 1,Total 5 volume 1,Total 6 volume 1
0,1.122294944848212e+17,1.2538555907476247e+18,1.720192593325329e+16,2.2487444393871428e+16,735872453619204.8,1820529850617396.0,3.844712532247748e+16,1.0609331983089499e+18
