t(s),Total solute volume 1,Total retention volume 1,Total 1 volume 1,Total 2 volume 1,Total 3 volume 1,Total 4 volume 1,Total 5 volume 1,Total 6 volume 1
0,1.213101554250879e+17,4.78925360180388e+17,2.046233060134811e+16,2.7452473202875316e+16,180711652683326.66,464495058543857.75,1.0410888987257036e+16,2.9864430525258035e+17
