t(s),Total solute volume 1,Total retention volume 1,Total 1 volume 1,Total 2 volume 1,Total 3 volume 1,Total 4 volume 1,Total 5 volume 1,Total 6 volume 1
0,5.263409243820472e+16,4.685207207192732e+18,3176956375550943.5,3226718800086626.5,1.0386545929703942e+16,2.3923551533997844e+16,2.898848431341536e+17,4.3019744989809684e+18
