t(s),Total solute volume 1,Total retention volume 1,Total 1 volume 1,Total 2 volume 1,Total 3 volume 1,Total 4 volume 1,Total 5 volume 1,Total 6 volume 1
0,5.331000576703257e+17,3.2956681758227536e+20,5.560848088934841e+17,1.2219752934206108e+18,1.2609515544771334e+17,6.91526849515274e+17,3.3601013263190503e+19,2.9283702215413744e+20
