t(s),Total solute volume 1,Total retention volume 1,Total 1 volume 1,Total 2 volume 1,Total 3 volume 1,Total 4 volume 1,Total 5 volume 1,Total 6 volume 1
0,3.41080351854199e+18,1.0109005913725306e+23,3.4926673833597542e+19,1.42115214248461e+20,3.517840757096663e+21,2.3965142172759885e+22,2.543017753100751e+22,4.799644598478878e+22
