t(s),Total solute volume 1,Total retention volume 1,Total 1 volume 1,Total 2 volume 1,Total 3 volume 1,Total 4 volume 1,Total 5 volume 1,Total 6 volume 1
0,1.7473117771507889e+18,1.70567468894515e+23,7.856350728538216e+18,2.56333736483743e+19,7.747473681920119e+20,1.854370479575743e+22,7.056005792356873e+22,8.065372177084058e+22
