t(s),Total solute volume 1,Total retention volume 1,Total 1 volume 1,Total 2 volume 1,Total 3 volume 1,Total 4 volume 1,Total 5 volume 1,Total 6 volume 1
0,1.874180731908145e+17,1.6697623020493181e+18,5.399819431922016e+16,8.374842692958085e+16,381978928939566.9,1226875405456802.5,3.825621712199121e+16,1.304732536153326e+18
