t(s),Total solute volume 1,Total retention volume 1,Total 1 volume 1,Total 2 volume 1,Total 3 volume 1,Total 4 volume 1,Total 5 volume 1,Total 6 volume 1
0,5.74157916659942e+18,2.699563923659388e+23,1.1155733650881687e+20,5.3600706402624864e+20,2.1306085909932034e+22,8.476178252249908e+22,7.94394570163548e+22,8.37957609374488e+22
