t(s),Total solute volume 1,Total retention volume 1,Total 1 volume 1,Total 2 volume 1,Total 3 volume 1,Total 4 volume 1,Total 5 volume 1,Total 6 volume 1
0,2.0660865705208714e+17,6.228233013083207e+21,6.711558540817307e+16,1.0753082620506754e+17,1.1897558111821046e+18,9.018149216416809e+18,3.30971514663106e+20,5.886672338323849e+21
