t(s),Total solute volume 1,Total retention volume 1,Total 1 volume 1,Total 2 volume 1,Total 3 volume 1,Total 4 volume 1,Total 5 volume 1,Total 6 volume 1
0,3.41080351854199e+18,4.822705175497486e+22,3.4926673833597542e+19,1.42115214248461e+20,2.0131291268623287e+21,1.0219557065096832e+22,1.0489817417525938e+22,2.532409545388916e+22
