t(s),Total solute volume 1,Total retention volume 1,Total 1 volume 1,Total 2 volume 1,Total 3 volume 1,Total 4 volume 1,Total 5 volume 1,Total 6 volume 1
0,2.073332087427378e+19,3.504284421892662e+23,1.9346913512456716e+21,1.1315073985465211e+22,9.409315373902652e+22,8.549024759069048e+22,7.535036039571584e+22,8.222418180624785e+22
