t(s),Total solute volume 1,Total retention volume 1,Total 1 volume 1,Total 2 volume 1,Total 3 volume 1,Total 4 volume 1,Total 5 volume 1,Total 6 volume 1
0,6.160605045081409e+17,7.72008802630306e+22,7.67830629749285e+17,1.7706017440084913e+18,2.9428777648499597e+19,3.8162694321071496e+20,1.7991166544688932e+22,5.879550350460476e+22
