t(s),Total solute volume 1,Total retention volume 1,Total 1 volume 1,Total 2 volume 1,Total 3 volume 1,Total 4 volume 1,Total 5 volume 1,Total 6 volume 1
0,2.286764682938004e+17,1.2239171386805309e+21,8.41666310503365e+16,1.3948910952252272e+17,2.5734128042568e+17,1.0043477845441894e+18,3.6492322491336962e+19,1.1857107949153608e+21
