t(s),Total solute volume 1,Total retention volume 1,Total 1 volume 1,Total 2 volume 1,Total 3 volume 1,Total 4 volume 1,Total 5 volume 1,Total 6 volume 1
0,1.314985697153493e+17,5.8510553251076106e+20,2.4495440733375292e+16,3.375873907587925e+16,2.4463219218516074e+17,1.153735072224766e+18,2.9042520590020317e+19,5.544748919067975e+20
