t(s),Total solute volume 1,Total retention volume 1,Total 1 volume 1,Total 2 volume 1,Total 3 volume 1,Total 4 volume 1,Total 5 volume 1,Total 6 volume 1
0,4.071819960099205e+17,8.279359928172581e+18,3.048573828454969e+17,6.123728968341585e+17,1602250460626308.8,7647465480097930.0,3.8146909379827475e+17,6.564228842744016e+18
