t(s),Total solute volume 1,Total retention volume 1,Total 1 volume 1,Total 2 volume 1,Total 3 volume 1,Total 4 volume 1,Total 5 volume 1,Total 6 volume 1
0,1.7065136209902323e+17,3.531433045229755e+21,4.381099764971746e+16,6.585874551544885e+16,8.259540091442191e+17,7.818457717770733e+18,2.6596122977333576e+20,3.256547082624218e+21
