t(s),Total solute volume 1,Total retention volume 1,Total 1 volume 1,Total 2 volume 1,Total 3 volume 1,Total 4 volume 1,Total 5 volume 1,Total 6 volume 1
0,7.171273444608589e+17,1.3622826007663423e+19,1.0775438795249249e+18,2.613815739480852e+18,7251623517818968.0,4.5761575277111384e+16,1.5853350796262019e+18,7.575990765775659e+18
