t(s),Total solute volume 1,Total retention volume 1,Total 1 volume 1,Total 2 volume 1,Total 3 volume 1,Total 4 volume 1,Total 5 volume 1,Total 6 volume 1
0,1.1999214403838304e+20,1.9875303600353766e+23,6.152497233576406e+22,4.870349495676086e+22,3.8475793526147575e+22,1.3798983831739502e+22,1.060327176506472e+22,2.5526527444024784e+22
