t(s),Total solute volume 1,Total retention volume 1,Total 1 volume 1,Total 2 volume 1,Total 3 volume 1,Total 4 volume 1,Total 5 volume 1,Total 6 volume 1
0,2.073332087427378e+19,3.707968023540731e+22,1.9346913512456716e+21,1.1315073985465211e+22,1.0707797799961132e+22,3.3649381403152404e+21,2.5401993694749005e+21,7.196246268070303e+21
