t(s),Total solute volume 1,Total retention volume 1,Total 1 volume 1,Total 2 volume 1,Total 3 volume 1,Total 4 volume 1,Total 5 volume 1,Total 6 volume 1
0,1.0410857772626118e+17,3.328442779743405e+20,1.4548167332142294e+16,1.8548032395571572e+16,1.830423699230894e+17,1.2211911278659174e+18,2.7847183302060724e+19,3.034556563970367e+20
