t(s),Total solute volume 1,Total retention volume 1,Total 1 volume 1,Total 2 volume 1,Total 3 volume 1,Total 4 volume 1,Total 5 volume 1,Total 6 volume 1
0,4.999990884535286e+16,5.757185157183407e+16,2833151015773908.0,2828700406760327.0,5297586760822.223,8641301747509.5,98023651947927.67,1798128763490309.8
