t(s),Total solute volume 1,Total retention volume 1,Total 1 volume 1,Total 2 volume 1,Total 3 volume 1,Total 4 volume 1,Total 5 volume 1,Total 6 volume 1
0,7.301727964015883e+19,1.051468530252952e+23,2.7111952799558177e+22,4.446286275392808e+22,1.5587025363936899e+22,4.6484608469037597e+21,3.5147398186819356e+21,9.74879416264775e+21
