t(s),Total solute volume 1,Total retention volume 1,Total 1 volume 1,Total 2 volume 1,Total 3 volume 1,Total 4 volume 1,Total 5 volume 1,Total 6 volume 1
0,4.999990884535286e+16,5.62802144324477e+16,2833151015773908.0,2828700406760326.5,1715342884553.9536,2797721309111.4673,31736048152688.79,582205052213760.5
