t(s),Total solute volume 1,Total retention volume 1,Total 1 volume 1,Total 2 volume 1,Total 3 volume 1,Total 4 volume 1,Total 5 volume 1,Total 6 volume 1
0,7.301727964015883e+19,4.281313528667956e+23,2.7111952799558177e+22,4.446286275392808e+22,1.036125584169607e+23,8.953699390122945e+22,7.951347513851635e+22,8.38204925769593e+22
