t(s),Total solute volume 1,Total retention volume 1,Total 1 volume 1,Total 2 volume 1,Total 3 volume 1,Total 4 volume 1,Total 5 volume 1,Total 6 volume 1
0,2.1550923634800276e+18,9.729220324230249e+22,1.2543579337050872e+19,4.387601538914759e+19,1.0221071638485369e+21,1.3966377349084581e+22,2.951796521708136e+22,5.272717882519927e+22
