t(s),Total solute volume 1,Total retention volume 1,Total 1 volume 1,Total 2 volume 1,Total 3 volume 1,Total 4 volume 1,Total 5 volume 1,Total 6 volume 1
0,4.756651887055506e+16,2.2784090182508849e+18,2534742031225772.5,2489019978208219.0,6128071203013011.0,1.2443810625190846e+16,1.3851564088665019e+17,2.0687312146560637e+18
