t(s),Total solute volume 1,Total retention volume 1,Total 1 volume 1,Total 2 volume 1,Total 3 volume 1,Total 4 volume 1,Total 5 volume 1,Total 6 volume 1
0,1.213101554250879e+17,2.8781304801580863e+20,2.046233060134811e+16,2.7452473202875316e+16,1.4572103465354106e+17,5.559713631047466e+17,1.2896057312104817e+19,2.7404607334672253e+20
