t(s),Total solute volume 1,Total retention volume 1,Total 1 volume 1,Total 2 volume 1,Total 3 volume 1,Total 4 volume 1,Total 5 volume 1,Total 6 volume 1
0,2.286764682938004e+17,3.1934827607178716e+18,8.41666310503365e+16,1.3948910952252272e+17,597400476169021.2,2124585655677703.5,7.667204675845472e+16,2.6617565189609226e+18
