t(s),Total solute volume 1,Total retention volume 1,Total 1 volume 1,Total 2 volume 1,Total 3 volume 1,Total 4 volume 1,Total 5 volume 1,Total 6 volume 1
0,1.1886142573461043e+18,9.180992144030053e+21,3.3262845753212687e+18,9.547595689902217e+18,2.7040493631610847e+19,2.247314639742627e+20,2.2015789095969675e+21,6.713578782304542e+21
