t(s),Total solute volume 1,Total retention volume 1,Total 1 volume 1,Total 2 volume 1,Total 3 volume 1,Total 4 volume 1,Total 5 volume 1,Total 6 volume 1
0,5.74157916659942e+18,3.440391473341931e+21,1.1155733650881687e+20,5.3600706402624864e+20,4.510992732582135e+20,5.634855752056418e+20,4.465301265548683e+20,1.3259705186215817e+21
