t(s),Total solute volume 1,Total retention volume 1,Total 1 volume 1,Total 2 volume 1,Total 3 volume 1,Total 4 volume 1,Total 5 volume 1,Total 6 volume 1
0,1.0417779541760956e+19,6.023969793780015e+21,4.2060845695740917e+20,2.3786086414986547e+21,1.1514338297430223e+21,5.152610158948135e+20,3.895258950888158e+20,1.1581141750555767e+21
