t(s),Total solute volume 1,Total retention volume 1,Total 1 volume 1,Total 2 volume 1,Total 3 volume 1,Total 4 volume 1,Total 5 volume 1,Total 6 volume 1
0,4.632802213684205e+19,2.9784988413418032e+23,1.098131415173949e+22,3.5085054935044953e+22,8.592047241056271e+22,5.451372986371426e+22,4.516126798969309e+22,6.614171676129275e+22
