t(s),Total solute volume 1,Total retention volume 1,Total 1 volume 1,Total 2 volume 1,Total 3 volume 1,Total 4 volume 1,Total 5 volume 1,Total 6 volume 1
0,6.5666411056726936e+16,1.0243081176288424e+17,5203971956357368.0,5689972671683596.0,44400643004113.62,83327419781671.1,1165714144639720.0,2.4577013870690916e+16
