t(s),Total solute volume 1,Total retention volume 1,Total 1 volume 1,Total 2 volume 1,Total 3 volume 1,Total 4 volume 1,Total 5 volume 1,Total 6 volume 1
0,5.859579698822926e+16,9.934132830073157e+16,4036115571689510.5,4248607036429529.5,68074600661942.58,120590789914272.12,1545576022815542.5,3.0726567290990396e+16
