t(s),Total solute volume 1,Total retention volume 1,Total 1 volume 1,Total 2 volume 1,Total 3 volume 1,Total 4 volume 1,Total 5 volume 1,Total 6 volume 1
0,3.184149623986931e+17,2.6193865370355393e+19,1.761415583916261e+17,3.259754029847607e+17,4679663814665985.0,1.9719795074485984e+16,8.851461626609847e+17,2.44637878250302e+19
