t(s),Total solute volume 1,Total retention volume 1,Total 1 volume 1,Total 2 volume 1,Total 3 volume 1,Total 4 volume 1,Total 5 volume 1,Total 6 volume 1
0,1.4297083041559683e+17,3.9753677547065536e+17,2.9520321540870584e+16,4.183413466422628e+16,80611355631796.78,225343355446734.97,5726173263048299.0,1.771793608758285e+17
