t(s),Total solute volume 1,Total retention volume 1,Total 1 volume 1,Total 2 volume 1,Total 3 volume 1,Total 4 volume 1,Total 5 volume 1,Total 6 volume 1
0,7.654339330001997e+18,2.9071388051611362e+23,2.1174029546635162e+20,1.1075853577564208e+21,3.901646936983756e+22,8.745306746105564e+22,7.920909492917596e+22,8.370826876349075e+22
