t(s),Total solute volume 1,Total retention volume 1,Total 1 volume 1,Total 2 volume 1,Total 3 volume 1,Total 4 volume 1,Total 5 volume 1,Total 6 volume 1
0,4.388031255538536e+18,6.286277013744963e+20,6.12580002685351e+19,2.7044583928840343e+20,2.686605855850734e+19,6.010479055895827e+19,5.142594538300395e+19,1.5413903606156555e+20
