t(s),Total solute volume 1,Total retention volume 1,Total 1 volume 1,Total 2 volume 1,Total 3 volume 1,Total 4 volume 1,Total 5 volume 1,Total 6 volume 1
0,6.5666411056726936e+16,2.32632391418903e+19,5203971956357369.0,5689972671683596.0,3.2352242535807756e+16,1.089297805599204e+17,1.613081760981564e+18,2.1432315002128585e+19
