t(s),Total solute volume 1,Total retention volume 1,Total 1 volume 1,Total 2 volume 1,Total 3 volume 1,Total 4 volume 1,Total 5 volume 1,Total 6 volume 1
0,6.160605045081409e+17,3.4664631388983415e+19,7.67830629749285e+17,1.7706017440084913e+18,1.7016015802917226e+16,9.987603955706371e+16,4.3120790787611397e+18,2.7081167376596386e+19
