t(s),Total solute volume 1,Total retention volume 1,Total 1 volume 1,Total 2 volume 1,Total 3 volume 1,Total 4 volume 1,Total 5 volume 1,Total 6 volume 1
0,1.4297083041559683e+17,1.402006267288541e+21,2.9520321540870584e+16,4.183413466422628e+16,4.5382206263904435e+17,3.3966740696712033e+18,9.772170847297898e+19,1.3002197373966447e+21
