t(s),Total solute volume 1,Total retention volume 1,Total 1 volume 1,Total 2 volume 1,Total 3 volume 1,Total 4 volume 1,Total 5 volume 1,Total 6 volume 1
0,5.549106202873219e+16,6.612164401154044e+16,3574543289432606.5,3695067633789086.0,7760827440712.138,13354309631557.041,164126826629565.3,3175729095884373.5
