t(s),Total solute volume 1,Total retention volume 1,Total 1 volume 1,Total 2 volume 1,Total 3 volume 1,Total 4 volume 1,Total 5 volume 1,Total 6 volume 1
0,3.184149623986931e+17,9.038594270456496e+18,1.761415583916261e+17,3.259754029847607e+17,1515924264220054.0,6385372686752256.0,2.866067281412275e+17,7.923554321589221e+18
