t(s),Total solute volume 1,Total retention volume 1,Total 1 volume 1,Total 2 volume 1,Total 3 volume 1,Total 4 volume 1,Total 5 volume 1,Total 6 volume 1
0,2.838052749429945e+17,1.870141698575957e+21,1.3626480534992328e+17,2.426887464870655e+17,3.376844500554213e+17,1.429193752597337e+18,6.00870002864705e+19,1.8076250612600521e+21
