t(s),Total solute volume 1,Total retention volume 1,Total 1 volume 1,Total 2 volume 1,Total 3 volume 1,Total 4 volume 1,Total 5 volume 1,Total 6 volume 1
0,9.026506572834251e+16,1.0100567649048009e+20,1.0582167792312242e+16,1.2864965809597988e+16,8.104666092282851e+16,3.1630496045471456e+17,5.969631618504274e+18,9.452498105126815e+19
