t(s),Total solute volume 1,Total retention volume 1,Total 1 volume 1,Total 2 volume 1,Total 3 volume 1,Total 4 volume 1,Total 5 volume 1,Total 6 volume 1
0,2.5417881604872016e+17,2.4622969490467866e+18,1.0655456735803997e+17,1.8292710984074672e+17,377795289735409.44,1418137992930952.8,5.513582692315126e+16,1.8617046955934612e+18
