t(s),Total solute volume 1,Total retention volume 1,Total 1 volume 1,Total 2 volume 1,Total 3 volume 1,Total 4 volume 1,Total 5 volume 1,Total 6 volume 1
0,1.1999214403838304e+20,3.884593571466184e+23,6.152497233576406e+22,4.870349495676086e+22,9.162217537582114e+22,6.264833598960554e+22,5.272044198719809e+22,7.111994435742758e+22
