t(s),Total solute volume 1,Total retention volume 1,Total 1 volume 1,Total 2 volume 1,Total 3 volume 1,Total 4 volume 1,Total 5 volume 1,Total 6 volume 1
0,7.654339330001997e+18,1.5632074342418798e+21,2.1174029546635185e+20,1.1075853577564208e+21,6.178075864570059e+19,4.296601165474001e+19,3.288829628919933e+19,9.85923750994481e+19
