t(s),Total solute volume 1,Total retention volume 1,Total 1 volume 1,Total 2 volume 1,Total 3 volume 1,Total 4 volume 1,Total 5 volume 1,Total 6 volume 1
0,7.301727964015883e+19,4.2900451790948743e+23,2.7111952799558177e+22,4.446286275392808e+22,1.0372397152409393e+23,8.98490733578358e+22,7.984183906709441e+22,8.394180112733983e+22
