t(s),Total solute volume 1,Total retention volume 1,Total 1 volume 1,Total 2 volume 1,Total 3 volume 1,Total 4 volume 1,Total 5 volume 1,Total 6 volume 1
0,1.874180731908145e+17,1.3126567457300984e+19,5.399819431922016e+16,8.374842692958085e+16,3633794825320058.5,1.1694999302375158e+16,3.647228725725397e+17,1.2421351096161118e+19
