t(s),Total solute volume 1,Total retention volume 1,Total 1 volume 1,Total 2 volume 1,Total 3 volume 1,Total 4 volume 1,Total 5 volume 1,Total 6 volume 1
0,1.213101554250879e+17,7.157170280839827e+20,2.046233060134811e+16,2.7452473202875316e+16,2.974224730097616e+17,2.2917496224399299e+18,5.9664616028743746e+19,6.532940150005583e+20
