t(s),Total solute volume 1,Total retention volume 1,Total 1 volume 1,Total 2 volume 1,Total 3 volume 1,Total 4 volume 1,Total 5 volume 1,Total 6 volume 1
0,1.213101554250879e+17,8.904042253391329e+17,2.046233060134811e+16,2.7452473202875316e+16,420721901422896.94,1081991427858017.0,2.4251958544824296e+16,6.95424594235724e+17
