t(s),Total solute volume 1,Total retention volume 1,Total 1 volume 1,Total 2 volume 1,Total 3 volume 1,Total 4 volume 1,Total 5 volume 1,Total 6 volume 1
0,7.412634750021373e+16,7.132145086830793e+19,6819284532587502.0,7763492501330356.0,6.9408072703877064e+16,4.132329082246616e+17,7.361110539475991e+18,6.338899022336944e+19
