t(s),Total solute volume 1,Total retention volume 1,Total 1 volume 1,Total 2 volume 1,Total 3 volume 1,Total 4 volume 1,Total 5 volume 1,Total 6 volume 1
0,2.5417881604872016e+17,1.4343200937587444e+19,1.0655456735803997e+17,1.8292710984074672e+17,2716612295814269.0,1.0203443297186758e+16,3.967163122808791e+17,1.338990407646606e+19
