t(s),Total solute volume 1,Total retention volume 1,Total 1 volume 1,Total 2 volume 1,Total 3 volume 1,Total 4 volume 1,Total 5 volume 1,Total 6 volume 1
0,4.632802213684205e+19,2.0915087264942487e+23,1.098131415173949e+22,3.5085054935044953e+22,6.36934169022853e+22,2.9894075311844602e+22,2.3648874193903635e+22,4.580180913247068e+22
