t(s),Total solute volume 1,Total retention volume 1,Total 1 volume 1,Total 2 volume 1,Total 3 volume 1,Total 4 volume 1,Total 5 volume 1,Total 6 volume 1
0,1.5593745071291005e+17,2.0078748991094673e+19,3.5828426689998184e+16,5.226428756416006e+16,7521274877673134.0,2.215770243515932e+16,6.01819668540323e+17,1.9203220180274725e+19
