t(s),Total solute volume 1,Total retention volume 1,Total 1 volume 1,Total 2 volume 1,Total 3 volume 1,Total 4 volume 1,Total 5 volume 1,Total 6 volume 1
0,1.433399386980134e+18,2.2760361947195473e+22,5.050972524890161e+18,1.5430230570377775e+19,1.063393480190236e+20,1.015708757679005e+21,5.811876581946618e+21,1.5804522657068731e+22
