t(s),Total solute volume 1,Total retention volume 1,Total 1 volume 1,Total 2 volume 1,Total 3 volume 1,Total 4 volume 1,Total 5 volume 1,Total 6 volume 1
0,4.999990884535286e+16,6.758085137262774e+18,2833151015773908.0,2828700406760326.5,1.492944642062779e+16,4.480896510228769e+16,5.398610837891298e+17,6.102823881682862e+18
