t(s),Total solute volume 1,Total retention volume 1,Total 1 volume 1,Total 2 volume 1,Total 3 volume 1,Total 4 volume 1,Total 5 volume 1,Total 6 volume 1
0,5.331000576703257e+17,1.1254254551444415e+22,5.560848088934841e+17,1.2219752934206108e+18,4.113188444098208e+18,2.5460673993185374e+19,1.248348600017791e+21,9.97402092882939e+21
