t(s),Total solute volume 1,Total retention volume 1,Total 1 volume 1,Total 2 volume 1,Total 3 volume 1,Total 4 volume 1,Total 5 volume 1,Total 6 volume 1
0,2.1550923634800276e+18,2.53926279945315e+22,1.2543579337050872e+19,4.387601538914759e+19,3.530900288417183e+20,3.006151755522689e+21,6.028307893771372e+21,1.5946503629305874e+22
