t(s),Total solute volume 1,Total retention volume 1,Total 1 volume 1,Total 2 volume 1,Total 3 volume 1,Total 4 volume 1,Total 5 volume 1,Total 6 volume 1
0,7.898873006952949e+16,6.010998646929844e+17,7857626411464600.0,9137075296732168.0,624841481196850.1,1294801140104662.0,2.0884169998305508e+16,4.8231262029564685e+17
