t(s),Total solute volume 1,Total retention volume 1,Total 1 volume 1,Total 2 volume 1,Total 3 volume 1,Total 4 volume 1,Total 5 volume 1,Total 6 volume 1
0,9.026506572834251e+16,1.7369033704309617e+20,1.0582167792312242e+16,1.2864965809597988e+16,1.2156486257200029e+17,7.698678809153644e+17,1.5809026509452376e+19,1.5687616559082815e+20
