t(s),Total solute volume 1,Total retention volume 1,Total 1 volume 1,Total 2 volume 1,Total 3 volume 1,Total 4 volume 1,Total 5 volume 1,Total 6 volume 1
0,2.1550923634800276e+18,1.0430756669931984e+20,1.2543579337050872e+19,4.387601538914759e+19,7.086595090504406e+17,5.033995286106102e+18,9.95526568579602e+18,3.0034959128687976e+19
