t(s),Total solute volume 1,Total retention volume 1,Total 1 volume 1,Total 2 volume 1,Total 3 volume 1,Total 4 volume 1,Total 5 volume 1,Total 6 volume 1
0,1.4297083041559683e+17,2.375997403929375e+20,2.9520321540870584e+16,4.183413466422628e+16,9.880232497882158e+16,3.1978522756648454e+17,8.216278687418992e+18,2.287505488663494e+20
