t(s),Total solute volume 1,Total retention volume 1,Total 1 volume 1,Total 2 volume 1,Total 3 volume 1,Total 4 volume 1,Total 5 volume 1,Total 6 volume 1
0,8.413405339804337e+17,1.308931460909747e+21,1.538843815742955e+18,3.9368564749678444e+18,1.5450684199949837e+18,1.0604404426345757e+19,2.6393792046671977e+20,1.026527026772007e+21
