t(s),Total solute volume 1,Total retention volume 1,Total 1 volume 1,Total 2 volume 1,Total 3 volume 1,Total 4 volume 1,Total 5 volume 1,Total 6 volume 1
0,7.301727964015883e+19,7.292964059713387e+22,2.7111952799558177e+22,4.446286275392808e+22,6.186717471477694e+20,1.660163703880922e+20,1.2454921661590077e+20,3.725704298573381e+20
