t(s),Total solute volume 1,Total retention volume 1,Total 1 volume 1,Total 2 volume 1,Total 3 volume 1,Total 4 volume 1,Total 5 volume 1,Total 6 volume 1
0,5.263409243820472e+16,6.156102474523761e+16,3176956375550942.0,3226718800086626.5,6394220056627.026,10708435924542.354,126365400151338.55,2379789075262505.0
