t(s),Total solute volume 1,Total retention volume 1,Total 1 volume 1,Total 2 volume 1,Total 3 volume 1,Total 4 volume 1,Total 5 volume 1,Total 6 volume 1
0,5.263409243820472e+16,5.938842569121445e+16,3176956375550942.5,3226718800086626.5,888659901535.8793,1488028287132.203,17559370666318.617,330722018516908.6
