t(s),Total solute volume 1,Total retention volume 1,Total 1 volume 1,Total 2 volume 1,Total 3 volume 1,Total 4 volume 1,Total 5 volume 1,Total 6 volume 1
0,6.5666411056726936e+16,7.927340934751582e+16,5203971956357368.0,5689972671683596.0,4657353094458.1455,8735775005923.343,122205039104713.9,2577455495544445.0
