t(s),Total solute volume 1,Total retention volume 1,Total 1 volume 1,Total 2 volume 1,Total 3 volume 1,Total 4 volume 1,Total 5 volume 1,Total 6 volume 1
0,4.756651887055506e+16,1.8387229745304625e+18,2534742031225772.5,2489019978208219.0,5008679650343467.0,9680315079209402.0,1.0728544567576997e+17,1.664158253245147e+18
