t(s),Total solute volume 1,Total retention volume 1,Total 1 volume 1,Total 2 volume 1,Total 3 volume 1,Total 4 volume 1,Total 5 volume 1,Total 6 volume 1
0,3.5908603530687936e+17,5.118541351048019e+22,2.3031334757874176e+17,4.4365248646884774e+17,7.18544872711185e+18,9.364944742283031e+19,5.155008718210998e+21,4.592853684425e+22
