t(s),Total solute volume 1,Total retention volume 1,Total 1 volume 1,Total 2 volume 1,Total 3 volume 1,Total 4 volume 1,Total 5 volume 1,Total 6 volume 1
0,1.874180731908145e+17,7.575729289984348e+20,5.399819431922016e+16,8.374842692958085e+16,2.0437539685506826e+17,7.517568094874243e+17,2.3680529483940807e+19,7.326111026137055e+20
