t(s),Total solute volume 1,Total retention volume 1,Total 1 volume 1,Total 2 volume 1,Total 3 volume 1,Total 4 volume 1,Total 5 volume 1,Total 6 volume 1
0,4.6444135142887546e+17,3.307960419883895e+22,4.088535341100352e+17,8.58089529357151e+17,8.097681029926738e+18,6.319782592531494e+19,3.31566677836274e+21,2.969091052910604e+22
