t(s),Total solute volume 1,Total retention volume 1,Total 1 volume 1,Total 2 volume 1,Total 3 volume 1,Total 4 volume 1,Total 5 volume 1,Total 6 volume 1
0,6.160605045081409e+17,4.699095524111984e+22,7.67830629749285e+17,1.7706017440084913e+18,2.0496906245787165e+19,1.9440374537566103e+20,8.769242160661355e+21,3.80036579359596e+22
