t(s),Total solute volume 1,Total retention volume 1,Total 1 volume 1,Total 2 volume 1,Total 3 volume 1,Total 4 volume 1,Total 5 volume 1,Total 6 volume 1
0,5.263409243820472e+16,9.727323535421549e+18,3176956375550942.5,3226718800086626.5,1.9146426198057784e+16,6.454669016571482e+16,8.194684656454403e+17,8.765124185798523e+18
