t(s),Total solute volume 1,Total retention volume 1,Total 1 volume 1,Total 2 volume 1,Total 3 volume 1,Total 4 volume 1,Total 5 volume 1,Total 6 volume 1
0,1.314985697153493e+17,3.4470211905672083e+17,2.4495440733375292e+16,3.375873907587926e+16,78651311253575.75,210640872715274.9,5021527564806166.0,1.4963854978334317e+17
