t(s),Total solute volume 1,Total retention volume 1,Total 1 volume 1,Total 2 volume 1,Total 3 volume 1,Total 4 volume 1,Total 5 volume 1,Total 6 volume 1
0,2.0660865705208714e+17,1.967149750433788e+20,6.711558540817307e+16,1.0753082620506754e+17,4.810697047876691e+16,1.6611441900593088e+17,5.57697354585296e+18,1.9054252503937532e+20
