t(s),Total solute volume 1,Total retention volume 1,Total 1 volume 1,Total 2 volume 1,Total 3 volume 1,Total 4 volume 1,Total 5 volume 1,Total 6 volume 1
0,7.412634750021373e+16,1.989750374827214e+18,6819284532587501.0,7763492501330356.0,2609136930244934.5,5340856989106487.0,8.215582416325557e+16,1.8109354322104305e+18
