t(s),Total solute volume 1,Total retention volume 1,Total 1 volume 1,Total 2 volume 1,Total 3 volume 1,Total 4 volume 1,Total 5 volume 1,Total 6 volume 1
0,2.5417881604872016e+17,5.030369483175536e+21,1.0655456735803997e+17,1.8292710984074672e+17,9.00963782536584e+17,4.380341309899581e+18,1.7387593365058277e+20,4.850668583939253e+21
