t(s),Total solute volume 1,Total retention volume 1,Total 1 volume 1,Total 2 volume 1,Total 3 volume 1,Total 4 volume 1,Total 5 volume 1,Total 6 volume 1
0,7.898873006952949e+16,9.778920603922216e+16,7857626411464600.0,9137075296732168.0,2238232585164.1274,4615149236529.032,74413148908387.08,1724507730764748.0
