t(s),Total solute volume 1,Total retention volume 1,Total 1 volume 1,Total 2 volume 1,Total 3 volume 1,Total 4 volume 1,Total 5 volume 1,Total 6 volume 1
0,5.263409243820472e+16,1.0123259383065499e+17,3176956375550942.0,3226718800086626.5,106811192426177.1,179350817613691.6,2116827774277211.2,3.979183643249511e+16
