t(s),Total solute volume 1,Total retention volume 1,Total 1 volume 1,Total 2 volume 1,Total 3 volume 1,Total 4 volume 1,Total 5 volume 1,Total 6 volume 1
0,2.073332087427378e+19,6.318385019214273e+22,1.9346913512456716e+21,1.1315073985465211e+22,2.171414382627581e+22,7.46853219815056e+21,5.678733181230941e+21,1.5051942328901107e+22
