t(s),Total solute volume 1,Total retention volume 1,Total 1 volume 1,Total 2 volume 1,Total 3 volume 1,Total 4 volume 1,Total 5 volume 1,Total 6 volume 1
0,9.026506572834251e+16,7.078187330417024e+17,1.0582167792312242e+16,1.2864965809597988e+16,581325517550944.4,1287555229454460.0,2.3006996200249868e+16,5.6923065676420525e+17
