t(s),Total solute volume 1,Total retention volume 1,Total 1 volume 1,Total 2 volume 1,Total 3 volume 1,Total 4 volume 1,Total 5 volume 1,Total 6 volume 1
0,2.073332087427378e+19,2.1452303914969342e+22,1.9346913512456716e+21,1.1315073985465211e+22,3.7506908588621415e+21,1.1176617662396358e+21,8.404250109935227e+20,2.473027621288958e+21
