t(s),Total solute volume 1,Total retention volume 1,Total 1 volume 1,Total 2 volume 1,Total 3 volume 1,Total 4 volume 1,Total 5 volume 1,Total 6 volume 1
0,7.898873006952949e+16,1.6584565700571625e+19,7857626411464600.0,9137075296732168.0,1.9176215187644724e+16,4.66430657343063e+16,7.61577825315307e+17,1.5661185162557053e+19
