t(s),Total solute volume 1,Total retention volume 1,Total 1 volume 1,Total 2 volume 1,Total 3 volume 1,Total 4 volume 1,Total 5 volume 1,Total 6 volume 1
0,2.286764682938004e+17,7.269400872374132e+20,8.41666310503365e+16,1.3948910952252272e+17,1.550133005066776e+17,5.823753437161702e+17,2.109958567668041e+19,7.046507807076436e+20
