t(s),Total solute volume 1,Total retention volume 1,Total 1 volume 1,Total 2 volume 1,Total 3 volume 1,Total 4 volume 1,Total 5 volume 1,Total 6 volume 1
0,7.301727964015883e+19,1.7367298740340202e+23,2.7111952799558177e+22,4.446286275392808e+22,4.357286661361832e+22,1.6411616782404823e+22,1.266981169178298e+22,2.937085948246954e+22
