t(s),Total solute volume 1,Total retention volume 1,Total 1 volume 1,Total 2 volume 1,Total 3 volume 1,Total 4 volume 1,Total 5 volume 1,Total 6 volume 1
0,3.41080351854199e+18,3.508116292897753e+20,3.4926673833597546e+19,1.42115214248461e+20,8.52510183419763e+18,3.2308868202475168e+19,3.2378872853693133e+19,9.714609479880417e+19
