t(s),Total solute volume 1,Total retention volume 1,Total 1 volume 1,Total 2 volume 1,Total 3 volume 1,Total 4 volume 1,Total 5 volume 1,Total 6 volume 1
0,2.0660865705208714e+17,1.9454698917491282e+21,6.711558540817307e+16,1.0753082620506754e+17,4.4169652020501395e+17,1.8776179639219005e+18,6.4093454780386615e+19,1.8786758674159347e+21
