t(s),Total solute volume 1,Total retention volume 1,Total 1 volume 1,Total 2 volume 1,Total 3 volume 1,Total 4 volume 1,Total 5 volume 1,Total 6 volume 1
0,9.954516368711946e+17,4.6142857714701917e+21,2.2394775286774456e+18,6.059472535941418e+18,8.485066586882693e+18,6.414235061779489e+19,1.0389161640101763e+21,3.493447788553769e+21
