t(s),Total solute volume 1,Total retention volume 1,Total 1 volume 1,Total 2 volume 1,Total 3 volume 1,Total 4 volume 1,Total 5 volume 1,Total 6 volume 1
0,2.69227699570376e+18,6.765774260677624e+21,2.0606897695457464e+19,7.758321800726443e+19,1.7872260095709272e+20,1.0489068935216988e+21,1.389632069212179e+21,4.047630304288282e+21
