t(s),Total solute volume 1,Total retention volume 1,Total 1 volume 1,Total 2 volume 1,Total 3 volume 1,Total 4 volume 1,Total 5 volume 1,Total 6 volume 1
0,8.434622358698939e+16,1.8019963058346e+17,9096397638945638.0,1.0811486824468592e+16,83830671841535.28,178866534646616.1,3033289875451392.0,7.264953545111606e+16
