t(s),Total solute volume 1,Total retention volume 1,Total 1 volume 1,Total 2 volume 1,Total 3 volume 1,Total 4 volume 1,Total 5 volume 1,Total 6 volume 1
0,3.41080351854199e+18,2.3127971774277194e+21,3.4926673833597542e+19,1.42115214248461e+20,1.0591027139643241e+20,4.0638785175564144e+20,4.076224262858447e+20,1.2124239363892629e+21
