t(s),Total solute volume 1,Total retention volume 1,Total 1 volume 1,Total 2 volume 1,Total 3 volume 1,Total 4 volume 1,Total 5 volume 1,Total 6 volume 1
0,9.954516368711946e+17,2.237371096803682e+20,2.2394775286774456e+18,6.059472535941418e+18,4.0305625259621466e+17,2.9352508412126116e+18,4.741629869424272e+19,1.6368810219082272e+20
