t(s),Total solute volume 1,Total retention volume 1,Total 1 volume 1,Total 2 volume 1,Total 3 volume 1,Total 4 volume 1,Total 5 volume 1,Total 6 volume 1
0,4.999990884535286e+16,5.6481637466968744e+16,2833151015773908.0,2828700406760327.0,2273993393139.5166,3708942707464.0327,42072569543388.8,771821693437982.2
