t(s),Total solute volume 1,Total retention volume 1,Total 1 volume 1,Total 2 volume 1,Total 3 volume 1,Total 4 volume 1,Total 5 volume 1,Total 6 volume 1
0,1.4509118010472559e+19,8.73175339417415e+21,8.782046250079989e+20,5.232424008980733e+21,1.1127202102792736e+21,3.740299277236917e+20,2.8133509167902317e+20,8.38530412492814e+20
