t(s),Total solute volume 1,Total retention volume 1,Total 1 volume 1,Total 2 volume 1,Total 3 volume 1,Total 4 volume 1,Total 5 volume 1,Total 6 volume 1
0,5.331000576703257e+17,3.0315860773183485e+21,5.560848088934841e+17,1.2219752934206106e+18,1.1519672710566427e+18,6.508538036385886e+18,3.1691648333034134e+20,2.7046979285206214e+21
