t(s),Total solute volume 1,Total retention volume 1,Total 1 volume 1,Total 2 volume 1,Total 3 volume 1,Total 4 volume 1,Total 5 volume 1,Total 6 volume 1
0,3.5908603530687936e+17,1.5111604490408798e+20,2.3031334757874176e+17,4.4365248646884774e+17,2.967828969991326e+16,1.3324211418178392e+17,6.360248593187811e+18,1.4355982403766372e+20
