t(s),Total solute volume 1,Total retention volume 1,Total 1 volume 1,Total 2 volume 1,Total 3 volume 1,Total 4 volume 1,Total 5 volume 1,Total 6 volume 1
0,4.632802213684205e+19,5.105671914147795e+22,1.098131415173949e+22,3.5085054935044953e+22,2.369156243639997e+21,6.472168656544289e+20,4.859783278925875e+20,1.4416705953702045e+21
