t(s),Total solute volume 1,Total retention volume 1,Total 1 volume 1,Total 2 volume 1,Total 3 volume 1,Total 4 volume 1,Total 5 volume 1,Total 6 volume 1
0,2.0660865705208714e+17,8.186161227339272e+21,6.711558540817307e+16,1.0753082620506754e+17,1.4465273301438807e+18,1.4995126145450168e+19,5.872690887368991e+20,7.582069230058144e+21
