t(s),Total solute volume 1,Total retention volume 1,Total 1 volume 1,Total 2 volume 1,Total 3 volume 1,Total 4 volume 1,Total 5 volume 1,Total 6 volume 1
0,1.874180731908145e+17,5.236242681291103e+19,5.399819431922016e+16,8.374842692958085e+16,1.4731266421392558e+16,4.774107913748167e+16,1.4895872941764849e+18,5.048520247873613e+19
