t(s),Total solute volume 1,Total retention volume 1,Total 1 volume 1,Total 2 volume 1,Total 3 volume 1,Total 4 volume 1,Total 5 volume 1,Total 6 volume 1
0,1.7065136209902323e+17,3.2224307109313618e+19,4.381099764971746e+16,6.585874551544885e+16,1.045822961850872e+16,3.228456577807278e+16,9.38833568731753e+17,3.0962409639920316e+19
