t(s),Total solute volume 1,Total retention volume 1,Total 1 volume 1,Total 2 volume 1,Total 3 volume 1,Total 4 volume 1,Total 5 volume 1,Total 6 volume 1
0,4.6444135142887546e+17,8.296626421677783e+22,4.088535341100352e+17,8.58089529357151e+17,1.5863864574735286e+19,2.5189203827524475e+20,1.4922443088686152e+22,6.777433384082818e+22
