t(s),Total solute volume 1,Total retention volume 1,Total 1 volume 1,Total 2 volume 1,Total 3 volume 1,Total 4 volume 1,Total 5 volume 1,Total 6 volume 1
0,3.184149623986931e+17,5.988894835025834e+19,1.761415583916261e+17,3.259754029847607e+17,1.0890633366092306e+16,4.592958248680357e+16,2.0617195433713805e+18,5.694987666725895e+19
