t(s),Total solute volume 1,Total retention volume 1,Total 1 volume 1,Total 2 volume 1,Total 3 volume 1,Total 4 volume 1,Total 5 volume 1,Total 6 volume 1
0,4.071819960099205e+17,9.161517520336014e+21,3.048573828454969e+17,6.123728968341585e+17,2.0000920453805955e+18,1.0923228780936184e+19,5.503951612632167e+20,8.596874625970792e+21
