t(s),Total solute volume 1,Total retention volume 1,Total 1 volume 1,Total 2 volume 1,Total 3 volume 1,Total 4 volume 1,Total 5 volume 1,Total 6 volume 1
0,7.171273444608589e+17,1.925521652927968e+21,1.0775438795249249e+18,2.613815739480852e+18,1.4986089959989322e+18,9.62775008961328e+18,3.3395731770913384e+20,1.5760294891697665e+21
