t(s),Total solute volume 1,Total retention volume 1,Total 1 volume 1,Total 2 volume 1,Total 3 volume 1,Total 4 volume 1,Total 5 volume 1,Total 6 volume 1
0,9.954516368711946e+17,2.0266586807036223e+21,2.2394775286774456e+18,6.059472535941418e+18,3.760866483956981e+18,2.7811788090202505e+19,4.4975880055397247e+20,1.5360328238739754e+21
