t(s),Total solute volume 1,Total retention volume 1,Total 1 volume 1,Total 2 volume 1,Total 3 volume 1,Total 4 volume 1,Total 5 volume 1,Total 6 volume 1
0,2.1550923634800276e+18,3.0652975081028046e+20,1.2543579337050872e+19,4.387601538914759e+19,3.8388991141887826e+18,2.730998128316558e+19,5.4013958935897735e+19,1.6279222438734502e+20
