t(s),Total solute volume 1,Total retention volume 1,Total 1 volume 1,Total 2 volume 1,Total 3 volume 1,Total 4 volume 1,Total 5 volume 1,Total 6 volume 1
0,4.756651887055506e+16,9.534488571498166e+16,2534742031225772.5,2489019978208219.0,129205190512490.84,206343985044785.28,2253261761771494.5,4.016579389766386e+16
