t(s),Total solute volume 1,Total retention volume 1,Total 1 volume 1,Total 2 volume 1,Total 3 volume 1,Total 4 volume 1,Total 5 volume 1,Total 6 volume 1
0,1.433399386980134e+18,5.34446244323252e+22,5.050972524890161e+18,1.5430230570377777e+19,2.1939097047004306e+20,2.6511390237417836e+21,1.5517329806470662e+22,3.503485002916111e+22
