t(s),Total solute volume 1,Total retention volume 1,Total 1 volume 1,Total 2 volume 1,Total 3 volume 1,Total 4 volume 1,Total 5 volume 1,Total 6 volume 1
0,5.859579698822926e+16,1.3146427850911343e+19,4036115571689510.5,4248607036429529.5,2.2435376329078156e+16,6.9611018397101624e+16,9.414931763907322e+17,1.2046007760198332e+19
