t(s),Total solute volume 1,Total retention volume 1,Total 1 volume 1,Total 2 volume 1,Total 3 volume 1,Total 4 volume 1,Total 5 volume 1,Total 6 volume 1
0,1.314985697153493e+17,4.204697965816555e+19,2.4495440733375292e+16,3.375873907587925e+16,2.0936726180686164e+16,5.821765578590859e+16,1.391573753324547e+18,4.038649877335007e+19
