t(s),Total solute volume 1,Total retention volume 1,Total 1 volume 1,Total 2 volume 1,Total 3 volume 1,Total 4 volume 1,Total 5 volume 1,Total 6 volume 1
0,1.314985697153493e+17,2.782028051113265e+18,2.4495440733375292e+16,3.3758739075879256e+16,1314687316434090.5,3528651291071055.0,8.413333808414954e+16,2.5032986248969887e+18
