t(s),Total solute volume 1,Total retention volume 1,Total 1 volume 1,Total 2 volume 1,Total 3 volume 1,Total 4 volume 1,Total 5 volume 1,Total 6 volume 1
0,7.898873006952949e+16,1.2648152754527086e+18,7857626411464600.0,9137075296732168.0,1442094685220630.5,3007938742197863.5,4.8538088627762056e+16,1.1158437216198255e+18
