t(s),Total solute volume 1,Total retention volume 1,Total 1 volume 1,Total 2 volume 1,Total 3 volume 1,Total 4 volume 1,Total 5 volume 1,Total 6 volume 1
0,3.049370426842634e+19,3.2962459068337834e+22,4.502339012740615e+21,2.2082334505202914e+22,3.0056539794855386e+21,8.412307472191854e+20,6.319544655411123e+20,1.8684526538803944e+21
