t(s),Total solute volume 1,Total retention volume 1,Total 1 volume 1,Total 2 volume 1,Total 3 volume 1,Total 4 volume 1,Total 5 volume 1,Total 6 volume 1
0,6.5666411056726936e+16,1.3678657710129683e+17,5203971956357368.0,5689972671683596.0,103330606741786.05,194078942066276.25,2715232262044822.5,5.721357960567431e+16
