t(s),Total solute volume 1,Total retention volume 1,Total 1 volume 1,Total 2 volume 1,Total 3 volume 1,Total 4 volume 1,Total 5 volume 1,Total 6 volume 1
0,6.9702016393038264e+16,1.445042106756698e+18,5944515532356725.0,6630186019767457.0,2085587611433669.2,4132127426391815.5,6.0620395395712776e+16,1.2959272783780193e+18
