t(s),Total solute volume 1,Total retention volume 1,Total 1 volume 1,Total 2 volume 1,Total 3 volume 1,Total 4 volume 1,Total 5 volume 1,Total 6 volume 1
0,4.6444135142887546e+17,2.944376356546205e+19,4.0885353411003526e+17,8.580895293571514e+17,8012303401242383.0,4.087919101804957e+16,2.0656362822860321e+18,2.5597851373860688e+19
