t(s),Total solute volume 1,Total retention volume 1,Total 1 volume 1,Total 2 volume 1,Total 3 volume 1,Total 4 volume 1,Total 5 volume 1,Total 6 volume 1
0,6.160605045081409e+17,6.278358904644681e+21,7.67830629749285e+17,1.7706017440084913e+18,3.291111241658312e+18,2.05707293781718e+19,8.921571403689329e+20,5.359185430777768e+21
