t(s),Total solute volume 1,Total retention volume 1,Total 1 volume 1,Total 2 volume 1,Total 3 volume 1,Total 4 volume 1,Total 5 volume 1,Total 6 volume 1
0,1.1999214403838304e+20,4.670948409553346e+23,6.152497233576406e+22,4.870349495676086e+22,1.037950614388411e+23,8.957027703351588e+22,7.954782873250629e+22,8.383321431390547e+22
