t(s),Total solute volume 1,Total retention volume 1,Total 1 volume 1,Total 2 volume 1,Total 3 volume 1,Total 4 volume 1,Total 5 volume 1,Total 6 volume 1
0,6.9702016393038264e+16,3.385726583854704e+17,5944515532356725.0,6630186019767457.0,395344498434609.06,768014201408233.0,1.1251486862420388e+16,2.4388109487804592e+17
