t(s),Total solute volume 1,Total retention volume 1,Total 1 volume 1,Total 2 volume 1,Total 3 volume 1,Total 4 volume 1,Total 5 volume 1,Total 6 volume 1
0,7.654339330001997e+18,2.560874905586815e+23,2.117402954663518e+20,1.1075853577564208e+21,3.698890820807864e+22,7.431043566636156e+22,6.550047554929752e+22,7.796069114238713e+22
