t(s),Total solute volume 1,Total retention volume 1,Total 1 volume 1,Total 2 volume 1,Total 3 volume 1,Total 4 volume 1,Total 5 volume 1,Total 6 volume 1
0,8.413405339804337e+17,2.548993868740159e+19,1.5388438157429553e+18,3.936856474967845e+18,2.2875423984680428e+16,1.552278736145922e+17,3.860463080001325e+18,1.5134331485109746e+19
