t(s),Total solute volume 1,Total retention volume 1,Total 1 volume 1,Total 2 volume 1,Total 3 volume 1,Total 4 volume 1,Total 5 volume 1,Total 6 volume 1
0,3.5908603530687936e+17,5.407561532225267e+22,2.3031334757874176e+17,4.4365248646884774e+17,7.442898408962734e+18,1.0413455698473699e+20,5.832328687327821e+21,4.81306761276618e+22
