t(s),Total solute volume 1,Total retention volume 1,Total 1 volume 1,Total 2 volume 1,Total 3 volume 1,Total 4 volume 1,Total 5 volume 1,Total 6 volume 1
0,5.549106202873219e+16,8.099166294743995e+16,3574543289432606.5,3695067633789086.0,42083986111872.0,72471253345716.94,890732431100162.0,1.7225702324928686e+16
