t(s),Total solute volume 1,Total retention volume 1,Total 1 volume 1,Total 2 volume 1,Total 3 volume 1,Total 4 volume 1,Total 5 volume 1,Total 6 volume 1
0,7.898873006952949e+16,1.2625439324035509e+17,7857626411464600.0,9137075296732168.0,37516222783705.12,77378682693639.06,1247652772382136.0,2.8908413784769812e+16
