t(s),Total solute volume 1,Total retention volume 1,Total 1 volume 1,Total 2 volume 1,Total 3 volume 1,Total 4 volume 1,Total 5 volume 1,Total 6 volume 1
0,8.434622358698939e+16,1.1481191596109155e+17,9096397638945638.0,1.0811486824468592e+16,11656192676905.818,24858657453210.59,421549139842641.94,1.0099743920714996e+16
