t(s),Total solute volume 1,Total retention volume 1,Total 1 volume 1,Total 2 volume 1,Total 3 volume 1,Total 4 volume 1,Total 5 volume 1,Total 6 volume 1
0,1.314985697153493e+17,6.597885448396792e+20,2.4495440733375292e+16,3.375873907587925e+16,2.6947845262100794e+17,1.3774094330661445e+18,3.505314093611347e+19,6.228987632683557e+20
