t(s),Total solute volume 1,Total retention volume 1,Total 1 volume 1,Total 2 volume 1,Total 3 volume 1,Total 4 volume 1,Total 5 volume 1,Total 6 volume 1
0,1.5593745071291005e+17,7.559409006450696e+17,3.5828426689998184e+16,5.226428756416006e+16,194715149402662.62,569138699447663.8,1.5449735905338786e+16,4.9569714592381344e+17
