t(s),Total solute volume 1,Total retention volume 1,Total 1 volume 1,Total 2 volume 1,Total 3 volume 1,Total 4 volume 1,Total 5 volume 1,Total 6 volume 1
0,3.049370426842634e+19,3.803814434076427e+23,4.502339012740615e+21,2.2082334505202914e+22,1.0098077284325484e+23,8.949335633377712e+22,7.948295886209856e+22,8.380918814629834e+22
