t(s),Total solute volume 1,Total retention volume 1,Total 1 volume 1,Total 2 volume 1,Total 3 volume 1,Total 4 volume 1,Total 5 volume 1,Total 6 volume 1
0,4.071819960099205e+17,2.0568193512974536e+20,3.048573828454969e+17,6.123728968341585e+17,4.7023612352131096e+16,2.2508631479619766e+17,1.1229948834133182e+19,1.9285546409277437e+20
