t(s),Total solute volume 1,Total retention volume 1,Total 1 volume 1,Total 2 volume 1,Total 3 volume 1,Total 4 volume 1,Total 5 volume 1,Total 6 volume 1
0,7.171273444608589e+17,1.1702383080628078e+23,1.0775438795249249e+18,2.613815739480852e+18,5.501149486117188e+19,1.003485985790267e+21,4.003179189948503e+22,7.592913293917855e+22
