t(s),Total solute volume 1,Total retention volume 1,Total 1 volume 1,Total 2 volume 1,Total 3 volume 1,Total 4 volume 1,Total 5 volume 1,Total 6 volume 1
0,2.286764682938004e+17,4.625967618837395e+19,8.41666310503365e+16,1.3948910952252272e+17,9970486727222228.0,3.5574153581145056e+16,1.2840906206560868e+18,4.4477708718543266e+19
