t(s),Total solute volume 1,Total retention volume 1,Total 1 volume 1,Total 2 volume 1,Total 3 volume 1,Total 4 volume 1,Total 5 volume 1,Total 6 volume 1
0,7.654339330001997e+18,2.2120626650558783e+23,2.1174029546635162e+20,1.1075853577564208e+21,3.4492711863315073e+22,6.14500267993871e+22,5.277976134295902e+22,7.115678650737248e+22
