t(s),Total solute volume 1,Total retention volume 1,Total 1 volume 1,Total 2 volume 1,Total 3 volume 1,Total 4 volume 1,Total 5 volume 1,Total 6 volume 1
0,7.301727964015883e+19,4.1755316170269305e+23,2.7111952799558177e+22,4.446286275392808e+22,1.0222575818344835e+23,8.577424780550775e+22,7.558729577323261e+22,8.2318027107375e+22
