t(s),Total solute volume 1,Total retention volume 1,Total 1 volume 1,Total 2 volume 1,Total 3 volume 1,Total 4 volume 1,Total 5 volume 1,Total 6 volume 1
0,7.171273444608589e+17,8.370459400791551e+20,1.0775438795249249e+18,2.613815739480852e+18,6.527897364780518e+17,4.151313913758493e+18,1.4389296417664824e+20,6.839403852888054e+20
