t(s),Total solute volume 1,Total retention volume 1,Total 1 volume 1,Total 2 volume 1,Total 3 volume 1,Total 4 volume 1,Total 5 volume 1,Total 6 volume 1
0,6.9702016393038264e+16,3.869335015020963e+19,5944515532356725.0,6630186019767457.0,4.611868353214307e+16,1.8959687124113475e+17,3.012793096810703e+18,3.536256478067962e+19
