t(s),Total solute volume 1,Total retention volume 1,Total 1 volume 1,Total 2 volume 1,Total 3 volume 1,Total 4 volume 1,Total 5 volume 1,Total 6 volume 1
0,4.6444135142887546e+17,8.365014899493505e+22,4.088535341100352e+17,8.58089529357151e+17,1.5937797933247429e+19,2.5558312070472375e+20,1.5179460296637948e+22,6.819743639524497e+22
