t(s),Total solute volume 1,Total retention volume 1,Total 1 volume 1,Total 2 volume 1,Total 3 volume 1,Total 4 volume 1,Total 5 volume 1,Total 6 volume 1
0,2.286764682938004e+17,8.915470684446222e+18,8.41666310503365e+16,1.3948910952252272e+17,1844126989652542.0,6561252105224710.0,2.3678957181432675e+17,8.217943524670374e+18
