t(s),Total solute volume 1,Total retention volume 1,Total 1 volume 1,Total 2 volume 1,Total 3 volume 1,Total 4 volume 1,Total 5 volume 1,Total 6 volume 1
0,7.898873006952949e+16,3.840321624708046e+17,7857626411464600.0,9137075296732168.0,356628897762898.44,737430477809089.2,1.1892422502046906e+16,2.7506224881546102e+17
