t(s),Total solute volume 1,Total retention volume 1,Total 1 volume 1,Total 2 volume 1,Total 3 volume 1,Total 4 volume 1,Total 5 volume 1,Total 6 volume 1
0,1.4509118010472559e+19,3.228073033911505e+23,8.782046250079989e+20,5.232424008980733e+21,8.08693489155585e+22,8.245029242327853e+22,7.235717255855779e+22,8.100535174176195e+22
