t(s),Total solute volume 1,Total retention volume 1,Total 1 volume 1,Total 2 volume 1,Total 3 volume 1,Total 4 volume 1,Total 5 volume 1,Total 6 volume 1
0,4.6444135142887546e+17,8.208094300249484e+22,4.088535341100352e+17,8.58089529357151e+17,1.576690126166735e+19,2.4715999473216478e+20,1.4594835425012987e+22,6.7221449297073076e+22
