t(s),Total solute volume 1,Total retention volume 1,Total 1 volume 1,Total 2 volume 1,Total 3 volume 1,Total 4 volume 1,Total 5 volume 1,Total 6 volume 1
0,2.073332087427378e+19,1.3772486238634097e+22,1.9346913512456716e+21,1.1315073985465211e+22,2.3224515252726582e+20,6.744122190233482e+19,5.0619846237992075e+19,1.51681360381128e+20
