t(s),Total solute volume 1,Total retention volume 1,Total 1 volume 1,Total 2 volume 1,Total 3 volume 1,Total 4 volume 1,Total 5 volume 1,Total 6 volume 1
0,2.838052749429945e+17,2.2467013009455245e+22,1.3626480534992328e+17,2.426887464870655e+17,3.1612840620865347e+18,2.9745150793699836e+19,1.3759729442901055e+21,2.105747087148253e+22
