t(s),Total solute volume 1,Total retention volume 1,Total 1 volume 1,Total 2 volume 1,Total 3 volume 1,Total 4 volume 1,Total 5 volume 1,Total 6 volume 1
0,7.171273444608589e+17,1.2664787975177785e+23,1.0775438795249249e+18,2.613815739480852e+18,5.7120153595822965e+19,1.1233724947493864e+21,4.564065172315834e+22,7.982232689331261e+22
