t(s),Total solute volume 1,Total retention volume 1,Total 1 volume 1,Total 2 volume 1,Total 3 volume 1,Total 4 volume 1,Total 5 volume 1,Total 6 volume 1
0,9.026506572834251e+16,1.688638276220237e+20,1.0582167792312242e+16,1.2864965809597988e+16,1.192905632826831e+17,7.299514234050714e+17,1.4874098838868324e+19,1.5302677459713996e+20
