t(s),Total solute volume 1,Total retention volume 1,Total 1 volume 1,Total 2 volume 1,Total 3 volume 1,Total 4 volume 1,Total 5 volume 1,Total 6 volume 1
0,1.874180731908145e+17,5.1203616578540275e+17,5.399819431922016e+16,8.374842692958085e+16,53091485254647.9,170489309552021.9,5316092584164658.0,1.8133179796682317e+17
