t(s),Total solute volume 1,Total retention volume 1,Total 1 volume 1,Total 2 volume 1,Total 3 volume 1,Total 4 volume 1,Total 5 volume 1,Total 6 volume 1
0,9.026506572834251e+16,1.4925146318604006e+17,1.0582167792312242e+16,1.2864965809597988e+16,34815459519212.21,76885560798536.27,1373567586074054.8,3.4053995249398816e+16
