t(s),Total solute volume 1,Total retention volume 1,Total 1 volume 1,Total 2 volume 1,Total 3 volume 1,Total 4 volume 1,Total 5 volume 1,Total 6 volume 1
0,7.171273444608589e+17,1.2084534701154014e+20,1.0775438795249249e+18,2.613815739480852e+18,9.158957856980634e+16,5.785588396870044e+17,2.0044627122352247e+19,9.572208450746422e+19
