t(s),Total solute volume 1,Total retention volume 1,Total 1 volume 1,Total 2 volume 1,Total 3 volume 1,Total 4 volume 1,Total 5 volume 1,Total 6 volume 1
0,1.122294944848212e+17,1.7323945123449523e+17,1.720192593325329e+16,2.2487444393871428e+16,14249373050640.502,35180872487835.32,742866982745696.9,2.05282891942633e+16
