t(s),Total solute volume 1,Total retention volume 1,Total 1 volume 1,Total 2 volume 1,Total 3 volume 1,Total 4 volume 1,Total 5 volume 1,Total 6 volume 1
0,2.073332087427378e+19,3.4175368534158795e+23,1.9346913512456716e+21,1.1315073985465211e+22,9.29809749129239e+22,8.240120155474025e+22,7.217283623159395e+22,8.092817398474145e+22
