t(s),Total solute volume 1,Total retention volume 1,Total 1 volume 1,Total 2 volume 1,Total 3 volume 1,Total 4 volume 1,Total 5 volume 1,Total 6 volume 1
0,7.412634750021373e+16,3.5898075814104224e+17,6819284532587502.0,7763492501330356.0,374175684521602.94,749476566960702.9,1.1511153607690876e+16,2.5763682774773293e+17
