t(s),Total solute volume 1,Total retention volume 1,Total 1 volume 1,Total 2 volume 1,Total 3 volume 1,Total 4 volume 1,Total 5 volume 1,Total 6 volume 1
0,7.654339330001997e+18,1.6484554370090076e+22,2.117402954663519e+20,1.1075853577564208e+21,3.8325892597709286e+21,2.8560990446035104e+21,2.1971505712181265e+21,6.271735501945007e+21
