t(s),Total solute volume 1,Total retention volume 1,Total 1 volume 1,Total 2 volume 1,Total 3 volume 1,Total 4 volume 1,Total 5 volume 1,Total 6 volume 1
0,5.859579698822926e+16,4.342631517050113e+18,4036115571689510.5,4248607036429529.5,8379652938112717.0,1.7659813237590732e+16,2.2937261967037568e+17,4.020338911607601e+18
