t(s),Total solute volume 1,Total retention volume 1,Total 1 volume 1,Total 2 volume 1,Total 3 volume 1,Total 4 volume 1,Total 5 volume 1,Total 6 volume 1
0,1.213101554250879e+17,2.6951798244603347e+17,2.046233060134811e+16,2.7452473202875316e+16,58527799276599.695,150396656559848.34,3370828198391968.5,9.671327056249702e+16
