t(s),Total solute volume 1,Total retention volume 1,Total 1 volume 1,Total 2 volume 1,Total 3 volume 1,Total 4 volume 1,Total 5 volume 1,Total 6 volume 1
0,9.682243045823266e+16,1.2541402201640719e+20,1.2374155389646972e+16,1.5399323190154844e+16,9.084367481141885e+16,3.441417256574046e+17,6.798227493057153e+18,1.1805621321384487e+20
