t(s),Total solute volume 1,Total retention volume 1,Total 1 volume 1,Total 2 volume 1,Total 3 volume 1,Total 4 volume 1,Total 5 volume 1,Total 6 volume 1
0,7.171273444608589e+17,1.2030561123568291e+23,1.0775438795249249e+18,2.613815739480852e+18,5.5759334434409546e+19,1.0439627182595011e+21,4.190263791001761e+22,7.729884278600486e+22
