t(s),Total solute volume 1,Total retention volume 1,Total 1 volume 1,Total 2 volume 1,Total 3 volume 1,Total 4 volume 1,Total 5 volume 1,Total 6 volume 1
0,4.071819960099205e+17,2.719726816833174e+20,3.048573828454969e+17,6.123728968341585e+17,6.225282220739674e+16,2.982707804361013e+17,1.4882251317841115e+19,2.5540549448714286e+20
