t(s),Total solute volume 1,Total retention volume 1,Total 1 volume 1,Total 2 volume 1,Total 3 volume 1,Total 4 volume 1,Total 5 volume 1,Total 6 volume 1
0,3.5908603530687936e+17,3.4940681914387235e+20,2.3031334757874176e+17,4.4365248646884774e+17,6.879043723437107e+16,3.0994853683026086e+17,1.4798959366765597e+19,3.3319606893368803e+20
