t(s),Total solute volume 1,Total retention volume 1,Total 1 volume 1,Total 2 volume 1,Total 3 volume 1,Total 4 volume 1,Total 5 volume 1,Total 6 volume 1
0,2.69227699570376e+18,9.913660079959412e+22,2.0606897695457464e+19,7.758321800726443e+19,1.8700313388347973e+21,1.949511046324228e+22,2.738043066158401e+22,5.0290145943235334e+22
