t(s),Total solute volume 1,Total retention volume 1,Total 1 volume 1,Total 2 volume 1,Total 3 volume 1,Total 4 volume 1,Total 5 volume 1,Total 6 volume 1
0,5.331000576703257e+17,7.73481244470028e+22,5.560848088934841e+17,1.2219752934206106e+18,2.0815468220152836e+19,2.795927612378504e+20,1.511569539223986e+22,6.192970966514455e+22
