t(s),Total solute volume 1,Total retention volume 1,Total 1 volume 1,Total 2 volume 1,Total 3 volume 1,Total 4 volume 1,Total 5 volume 1,Total 6 volume 1
0,3.41080351854199e+18,2.219218456102905e+23,3.4926673833597546e+19,1.42115214248461e+20,5.344089590274352e+21,6.2238107622208545e+22,7.29023918927485e+22,8.125680381345444e+22
