t(s),Total solute volume 1,Total retention volume 1,Total 1 volume 1,Total 2 volume 1,Total 3 volume 1,Total 4 volume 1,Total 5 volume 1,Total 6 volume 1
0,7.412634750021373e+16,4.765925737359848e+19,6819284532587501.0,7763492501330356.0,5.201895319185391e+16,2.0690723223583085e+17,3.4129116625407596e+18,4.3898710401095885e+19
