t(s),Total solute volume 1,Total retention volume 1,Total 1 volume 1,Total 2 volume 1,Total 3 volume 1,Total 4 volume 1,Total 5 volume 1,Total 6 volume 1
0,1.7473117771507889e+18,5.644521735382921e+19,7.856350728538234e+18,2.56333736483743e+19,1.882181719774877e+17,1.480769276956834e+18,4.833442980497279e+18,1.470575077033419e+19
