t(s),Total solute volume 1,Total retention volume 1,Total 1 volume 1,Total 2 volume 1,Total 3 volume 1,Total 4 volume 1,Total 5 volume 1,Total 6 volume 1
0,9.954516368711946e+17,1.5315299614589378e+23,2.2394775286774456e+18,6.059472535941418e+18,1.5162381135933007e+20,3.51105135839958e+21,6.688350433756664e+22,8.25975222368669e+22
