t(s),Total solute volume 1,Total retention volume 1,Total 1 volume 1,Total 2 volume 1,Total 3 volume 1,Total 4 volume 1,Total 5 volume 1,Total 6 volume 1
0,1.5593745071291005e+17,2.3098361616854294e+21,3.5828426689998184e+16,5.226428756416006e+16,6.274229819097581e+17,5.566079954573159e+18,1.7603244760781383e+20,2.1273661809761845e+21
