t(s),Total solute volume 1,Total retention volume 1,Total 1 volume 1,Total 2 volume 1,Total 3 volume 1,Total 4 volume 1,Total 5 volume 1,Total 6 volume 1
0,4.632802213684205e+19,4.825613882466279e+22,1.098131415173949e+22,3.5085054935044953e+22,1.0303338131338725e+21,2.7892621779583182e+20,2.093044657786856e+20,6.248772190337379e+20
