t(s),Total solute volume 1,Total retention volume 1,Total 1 volume 1,Total 2 volume 1,Total 3 volume 1,Total 4 volume 1,Total 5 volume 1,Total 6 volume 1
0,8.413405339804337e+17,1.7226904633495329e+19,1.5388438157429555e+18,3.936856474967845e+18,1.3017187377730708e+16,8.832546135310776e+16,2.1966122254308667e+18,8.611908934642351e+18
