t(s),Total solute volume 1,Total retention volume 1,Total 1 volume 1,Total 2 volume 1,Total 3 volume 1,Total 4 volume 1,Total 5 volume 1,Total 6 volume 1
0,1.1886142573461043e+18,4.713900981926037e+22,3.3262845753212687e+18,9.547595689902217e+18,1.1792263935186382e+20,1.329986053117172e+21,1.3389934899031792e+22,3.2287103733237505e+22
