t(s),Total solute volume 1,Total retention volume 1,Total 1 volume 1,Total 2 volume 1,Total 3 volume 1,Total 4 volume 1,Total 5 volume 1,Total 6 volume 1
0,3.049370426842634e+19,3.793527276723505e+23,4.502339012740615e+21,2.2082334505202914e+22,1.0085178245994222e+23,8.912482903611226e+22,7.909572671789566e+22,8.366522223618658e+22
