t(s),Total solute volume 1,Total retention volume 1,Total 1 volume 1,Total 2 volume 1,Total 3 volume 1,Total 4 volume 1,Total 5 volume 1,Total 6 volume 1
0,2.838052749429945e+17,2.7109885547170757e+22,1.3626480534992328e+17,2.426887464870655e+17,3.6104873374954604e+18,4.217964372153128e+19,2.0410600856445253e+21,2.5022372571640205e+22
