t(s),Total solute volume 1,Total retention volume 1,Total 1 volume 1,Total 2 volume 1,Total 3 volume 1,Total 4 volume 1,Total 5 volume 1,Total 6 volume 1
0,4.756651887055506e+16,7.947998802219609e+18,2534742031225772.5,2489019978208219.0,1.7273883828246152e+16,7.0783630017567064e+16,8.68006351051841e+17,6.93934465644199e+18
