t(s),Total solute volume 1,Total retention volume 1,Total 1 volume 1,Total 2 volume 1,Total 3 volume 1,Total 4 volume 1,Total 5 volume 1,Total 6 volume 1
0,8.434622358698939e+16,9.85122323685248e+19,9096397638945638.0,1.0811486824468592e+16,8.342301647087336e+16,3.917988646001226e+17,7.250743534342245e+18,9.06820128450613e+19
