t(s),Total solute volume 1,Total retention volume 1,Total 1 volume 1,Total 2 volume 1,Total 3 volume 1,Total 4 volume 1,Total 5 volume 1,Total 6 volume 1
0,3.049370426842634e+19,9.054207216752279e+22,4.502339012740615e+21,2.2082334505202914e+22,2.8241842491455256e+22,9.595429697427622e+21,7.319766512981833e+21,1.8769866243446088e+22
