t(s),Total solute volume 1,Total retention volume 1,Total 1 volume 1,Total 2 volume 1,Total 3 volume 1,Total 4 volume 1,Total 5 volume 1,Total 6 volume 1
0,8.434622358698939e+16,3.0080493122302203e+18,9096397638945638.0,1.0811486824468592e+16,3179240671536070.0,6923766310951111.0,1.1758537350050546e+17,2.776106823696802e+18
