t(s),Total solute volume 1,Total retention volume 1,Total 1 volume 1,Total 2 volume 1,Total 3 volume 1,Total 4 volume 1,Total 5 volume 1,Total 6 volume 1
0,1.7473117771507889e+18,8.59357941517843e+20,7.856350728538216e+18,2.56333736483743e+19,7.288161748835178e+18,5.76931872924816e+19,1.884000198948872e+20,5.7073953642757305e+20
