t(s),Total solute volume 1,Total retention volume 1,Total 1 volume 1,Total 2 volume 1,Total 3 volume 1,Total 4 volume 1,Total 5 volume 1,Total 6 volume 1
0,7.654339330001997e+18,1.7039483387672637e+23,2.1174029546635182e+20,1.1075853577564208e+21,2.9806096868731007e+22,4.37918691481658e+22,3.6337305052497144e+22,5.913258281477995e+22
