t(s),Total solute volume 1,Total retention volume 1,Total 1 volume 1,Total 2 volume 1,Total 3 volume 1,Total 4 volume 1,Total 5 volume 1,Total 6 volume 1
0,4.6444135142887546e+17,8.103733816580133e+20,4.088535341100352e+17,8.580895293571515e+17,2.328417923954121e+17,1.1995143936663818e+18,6.0652808301932765e+19,7.465568327551226e+20
