t(s),Total solute volume 1,Total retention volume 1,Total 1 volume 1,Total 2 volume 1,Total 3 volume 1,Total 4 volume 1,Total 5 volume 1,Total 6 volume 1
0,5.549106202873219e+16,1.7775774304183968e+19,3574543289432606.5,3695067633789086.0,2.8841221593801172e+16,1.4126498989809029e+17,1.9922244486988972e+18,1.5550682971041389e+19
