t(s),Total solute volume 1,Total retention volume 1,Total 1 volume 1,Total 2 volume 1,Total 3 volume 1,Total 4 volume 1,Total 5 volume 1,Total 6 volume 1
0,6.197674773403082e+16,1.0861922090888569e+19,4574148913662800.0,4905847431427061.0,1.8019975466481504e+16,4.638096491451796e+16,6.38994058053922e+17,1.008707034837442e+19
