t(s),Total solute volume 1,Total retention volume 1,Total 1 volume 1,Total 2 volume 1,Total 3 volume 1,Total 4 volume 1,Total 5 volume 1,Total 6 volume 1
0,4.999990884535286e+16,5.5927204965826744e+16,2833151015773908.0,2828700406760327.0,736245757338.8274,1200779610521.9282,13621056533849.027,249886616037530.84
