t(s),Total solute volume 1,Total retention volume 1,Total 1 volume 1,Total 2 volume 1,Total 3 volume 1,Total 4 volume 1,Total 5 volume 1,Total 6 volume 1
0,1.4297083041559683e+17,1.2084058813134461e+18,2.9520321540870584e+16,4.183413466422628e+16,437301350449154.1,1223047417906896.2,3.1079778701613504e+16,9.61340467222784e+17
