t(s),Total solute volume 1,Total retention volume 1,Total 1 volume 1,Total 2 volume 1,Total 3 volume 1,Total 4 volume 1,Total 5 volume 1,Total 6 volume 1
0,1.213101554250879e+17,2.084039874403184e+19,2.046233060134811e+16,2.7452473202875316e+16,1.193577622686735e+16,3.1509749807693176e+16,7.075724429914249e+17,1.992015581577629e+19
