t(s),Total solute volume 1,Total retention volume 1,Total 1 volume 1,Total 2 volume 1,Total 3 volume 1,Total 4 volume 1,Total 5 volume 1,Total 6 volume 1
0,1.0417779541760956e+19,1.4473596279137702e+23,4.2060845695740917e+20,2.3786086414986547e+21,3.936005728514294e+22,3.0876743490267915e+22,2.465192534691342e+22,4.703760179105255e+22
