t(s),Total solute volume 1,Total retention volume 1,Total 1 volume 1,Total 2 volume 1,Total 3 volume 1,Total 4 volume 1,Total 5 volume 1,Total 6 volume 1
0,1.122294944848212e+17,1.0473589841333983e+19,1.720192593325329e+16,2.2487444393871428e+16,6845615573234441.0,1.723331519486208e+16,3.6439063960920704e+17,9.933201406144809e+18
