t(s),Total solute volume 1,Total retention volume 1,Total 1 volume 1,Total 2 volume 1,Total 3 volume 1,Total 4 volume 1,Total 5 volume 1,Total 6 volume 1
0,1.4509118010472559e+19,2.7540626505416672e+23,8.782046250079989e+20,5.232424008980733e+21,7.469079136280376e+22,6.5789151822072605e+22,5.584543747877663e+22,7.29557466385091e+22
