t(s),Total solute volume 1,Total retention volume 1,Total 1 volume 1,Total 2 volume 1,Total 3 volume 1,Total 4 volume 1,Total 5 volume 1,Total 6 volume 1
0,4.6444135142887546e+17,1.850193515251353e+22,4.088535341100352e+17,8.58089529357151e+17,4.86669265066318e+18,3.1349828557381046e+19,1.6136118383520097e+21,1.6850375408538618e+22
