t(s),Total solute volume 1,Total retention volume 1,Total 1 volume 1,Total 2 volume 1,Total 3 volume 1,Total 4 volume 1,Total 5 volume 1,Total 6 volume 1
0,3.184149623986931e+17,1.5261598424357237e+19,1.761415583916261e+17,3.2597540298476077e+17,2663677268905302.5,1.1221612792254652e+16,5.0368605830941536e+17,1.3923495152211593e+19
