t(s),Total solute volume 1,Total retention volume 1,Total 1 volume 1,Total 2 volume 1,Total 3 volume 1,Total 4 volume 1,Total 5 volume 1,Total 6 volume 1
0,4.999990884535286e+16,3.5990734113603784e+18,2833151015773908.0,2828700406760327.0,8729467311565629.0,1.9422604651103132e+16,2.2605015032248944e+17,3.2892094288073436e+18
