t(s),Total solute volume 1,Total retention volume 1,Total 1 volume 1,Total 2 volume 1,Total 3 volume 1,Total 4 volume 1,Total 5 volume 1,Total 6 volume 1
0,1.874180731908145e+17,3.536589724820503e+20,5.399819431922016e+16,8.374842692958085e+16,9.798421169906648e+16,3.350417130115984e+17,1.049439619985206e+19,3.4240638566304665e+20
