t(s),Total solute volume 1,Total retention volume 1,Total 1 volume 1,Total 2 volume 1,Total 3 volume 1,Total 4 volume 1,Total 5 volume 1,Total 6 volume 1
0,2.838052749429945e+17,2.2645484771184017e+19,1.3626480534992328e+17,2.426887464870655e+17,4068681480549603.5,1.6168935694142578e+16,6.767060574050099e+17,2.1285782269824303e+19
