t(s),Total solute volume 1,Total retention volume 1,Total 1 volume 1,Total 2 volume 1,Total 3 volume 1,Total 4 volume 1,Total 5 volume 1,Total 6 volume 1
0,6.5666411056726936e+16,5.060789431999993e+17,5203971956357368.0,5689972671683596.0,734350000984489.4,1391317816519536.8,1.947687026440703e+16,4.0791604943332525e+17
