t(s),Total solute volume 1,Total retention volume 1,Total 1 volume 1,Total 2 volume 1,Total 3 volume 1,Total 4 volume 1,Total 5 volume 1,Total 6 volume 1
0,4.071819960099205e+17,3.596510593106619e+20,3.048573828454969e+17,6.123728968341585e+17,8.237701405939626e+16,3.9519498944387795e+17,1.9720052972371083e+19,3.3812902205909814e+20
