t(s),Total solute volume 1,Total retention volume 1,Total 1 volume 1,Total 2 volume 1,Total 3 volume 1,Total 4 volume 1,Total 5 volume 1,Total 6 volume 1
0,6.9702016393038264e+16,9.101339962420504e+16,5944515532356725.0,6630186019767457.0,13500500040133.932,26111665821098.695,382421296581248.44,8314648216598975.0
