t(s),Total solute volume 1,Total retention volume 1,Total 1 volume 1,Total 2 volume 1,Total 3 volume 1,Total 4 volume 1,Total 5 volume 1,Total 6 volume 1
0,1.1999214403838304e+20,4.57233059666248e+23,6.152497233576406e+22,4.870349495676086e+22,1.0250309865731426e+23,8.606173272981109e+22,7.588452765900378e+22,8.243524118355851e+22
