t(s),Total solute volume 1,Total retention volume 1,Total 1 volume 1,Total 2 volume 1,Total 3 volume 1,Total 4 volume 1,Total 5 volume 1,Total 6 volume 1
0,4.388031255538536e+18,1.1951155991893903e+23,6.12580002685351e+19,2.7044583928840323e+20,7.427361405932721e+21,3.1427005438347214e+22,2.8670777202848802e+22,5.165032400099838e+22
