t(s),Total solute volume 1,Total retention volume 1,Total 1 volume 1,Total 2 volume 1,Total 3 volume 1,Total 4 volume 1,Total 5 volume 1,Total 6 volume 1
0,4.388031255538536e+18,5.960484103320151e+22,6.12580002685351e+19,2.7044583928840333e+20,4.4655289500816916e+21,1.392677396993346e+22,1.2252413184486142e+22,2.8624033057887874e+22
