t(s),Total solute volume 1,Total retention volume 1,Total 1 volume 1,Total 2 volume 1,Total 3 volume 1,Total 4 volume 1,Total 5 volume 1,Total 6 volume 1
0,2.838052749429945e+17,4.003200554969917e+21,1.3626480534992328e+17,2.426887464870655e+17,7.03320044459563e+17,3.205031222375875e+18,1.3552244795911895e+20,3.863106996917185e+21
