t(s),Total solute volume 1,Total retention volume 1,Total 1 volume 1,Total 2 volume 1,Total 3 volume 1,Total 4 volume 1,Total 5 volume 1,Total 6 volume 1
0,1.0410857772626118e+17,8.865115914270083e+19,1.4548167332142294e+16,1.8548032395571572e+16,6.158844947523631e+16,1.8677469928907302e+17,3.796123466666589e+18,8.446946774981607e+19
