t(s),Total solute volume 1,Total retention volume 1,Total 1 volume 1,Total 2 volume 1,Total 3 volume 1,Total 4 volume 1,Total 5 volume 1,Total 6 volume 1
0,3.184149623986931e+17,2.845430653259164e+21,1.761415583916261e+17,3.259754029847607e+17,5.108831836699226e+17,2.304854481517452e+18,1.0396737759289975e+20,2.737827006077298e+21
