t(s),Total solute volume 1,Total retention volume 1,Total 1 volume 1,Total 2 volume 1,Total 3 volume 1,Total 4 volume 1,Total 5 volume 1,Total 6 volume 1
0,7.898873006952949e+16,9.221236710525944e+19,7857626411464600.0,9137075296732168.0,8.154093070202243e+16,4.770429042342389e+17,8.819362785644432e+18,8.273843705290036e+19
