t(s),Total solute volume 1,Total retention volume 1,Total 1 volume 1,Total 2 volume 1,Total 3 volume 1,Total 4 volume 1,Total 5 volume 1,Total 6 volume 1
0,1.314985697153493e+17,3.9516112334774694e+17,2.4495440733375292e+16,3.3758739075879256e+16,104262116395204.14,279243368932263.78,6656982918093505.0,1.9836788541972006e+17
