t(s),Total solute volume 1,Total retention volume 1,Total 1 volume 1,Total 2 volume 1,Total 3 volume 1,Total 4 volume 1,Total 5 volume 1,Total 6 volume 1
0,2.838052749429945e+17,9.046264702201219e+19,1.3626480534992328e+17,2.426887464870655e+17,1.6605648922363556e+16,6.614254665716573e+16,2.768656579462018e+18,8.694848342019074e+19
