t(s),Total solute volume 1,Total retention volume 1,Total 1 volume 1,Total 2 volume 1,Total 3 volume 1,Total 4 volume 1,Total 5 volume 1,Total 6 volume 1
0,2.286764682938004e+17,1.0882404519463489e+22,8.41666310503365e+16,1.3948910952252272e+17,1.770050440462353e+18,1.62119366956702e+19,6.571153522968497e+20,1.0206854847821701e+22
