t(s),Total solute volume 1,Total retention volume 1,Total 1 volume 1,Total 2 volume 1,Total 3 volume 1,Total 4 volume 1,Total 5 volume 1,Total 6 volume 1
0,7.412634750021373e+16,2.587540371879956e+18,6819284532587500.0,7763492501330356.0,3418742053007905.5,7054205986179592.0,1.0857368204186888e+17,2.3797846172648013e+18
