t(s),Total solute volume 1,Total retention volume 1,Total 1 volume 1,Total 2 volume 1,Total 3 volume 1,Total 4 volume 1,Total 5 volume 1,Total 6 volume 1
0,5.331000576703257e+17,9.538634312406407e+22,5.560848088934841e+17,1.2219752934206108e+18,2.3556346170643317e+19,3.915894606458418e+20,2.2173660660963085e+22,7.279522549612456e+22
