t(s),Total solute volume 1,Total retention volume 1,Total 1 volume 1,Total 2 volume 1,Total 3 volume 1,Total 4 volume 1,Total 5 volume 1,Total 6 volume 1
0,1.1999214403838304e+20,1.1999117329292652e+23,6.152497233576406e+22,4.870349495676086e+22,4.6151075967462094e+21,1.270324079430652e+21,9.548503390328226e+20,2.8024318411550034e+21
