t(s),Total solute volume 1,Total retention volume 1,Total 1 volume 1,Total 2 volume 1,Total 3 volume 1,Total 4 volume 1,Total 5 volume 1,Total 6 volume 1
0,4.756651887055506e+16,4.446316034421592e+17,2534742031225772.5,2489019978208219.0,1166798337725997.8,1934867477112536.5,2.11854356468051e+16,3.6775422110052614e+17
