t(s),Total solute volume 1,Total retention volume 1,Total 1 volume 1,Total 2 volume 1,Total 3 volume 1,Total 4 volume 1,Total 5 volume 1,Total 6 volume 1
0,3.184149623986931e+17,3.4814673670180777e+18,1.761415583916261e+17,3.2597540298476077e+17,490868760798398.7,2067360244839423.5,9.279236764520293e+16,2.5655848465921695e+18
