t(s),Total solute volume 1,Total retention volume 1,Total 1 volume 1,Total 2 volume 1,Total 3 volume 1,Total 4 volume 1,Total 5 volume 1,Total 6 volume 1
0,6.197674773403082e+16,2.5369386642104013e+19,4574148913662800.0,4905847431427061.0,3.5818059202998388e+16,1.5586415411689725e+17,2.3088820221811753e+18,2.279736566252331e+19
