t(s),Total solute volume 1,Total retention volume 1,Total 1 volume 1,Total 2 volume 1,Total 3 volume 1,Total 4 volume 1,Total 5 volume 1,Total 6 volume 1
0,4.999990884535286e+16,1.5375809830835664e+17,2833151015773908.0,2828700406760327.0,271161523482961.2,445939127159810.56,5061453113169595.0,9.231778427665755e+16
