t(s),Total solute volume 1,Total retention volume 1,Total 1 volume 1,Total 2 volume 1,Total 3 volume 1,Total 4 volume 1,Total 5 volume 1,Total 6 volume 1
0,5.263409243820472e+16,5.923728944547451e+16,3176956375550942.5,3226718800086626.5,505642937380.49445,846671957217.7404,9991084470811.445,188178432266628.38
