t(s),Total solute volume 1,Total retention volume 1,Total 1 volume 1,Total 2 volume 1,Total 3 volume 1,Total 4 volume 1,Total 5 volume 1,Total 6 volume 1
0,3.184149623986931e+17,4.539284721101773e+19,1.761415583916261e+17,3.2597540298476077e+17,8219074857895068.0,3.4650620649471748e+16,1.5553837815809413e+18,4.297406181015441e+19
