t(s),Total solute volume 1,Total retention volume 1,Total 1 volume 1,Total 2 volume 1,Total 3 volume 1,Total 4 volume 1,Total 5 volume 1,Total 6 volume 1
0,1.314985697153493e+17,8.156251622557644e+18,2.4495440733375292e+16,3.3758739075879252e+16,4032583137691041.0,1.0875894070518316e+16,2.5940056119036362e+17,7.692189834634528e+18
