t(s),Total solute volume 1,Total retention volume 1,Total 1 volume 1,Total 2 volume 1,Total 3 volume 1,Total 4 volume 1,Total 5 volume 1,Total 6 volume 1
0,8.413405339804337e+17,4.311077082139391e+20,1.538843815742956e+18,3.936856474967845e+18,5.058828544038933e+17,3.445175299448014e+18,8.570178554748468e+19,3.351378236879116e+20
