t(s),Total solute volume 1,Total retention volume 1,Total 1 volume 1,Total 2 volume 1,Total 3 volume 1,Total 4 volume 1,Total 5 volume 1,Total 6 volume 1
0,3.049370426842634e+19,3.7622597525864565e+23,4.502339012740615e+21,2.2082334505202914e+22,1.0045583374192154e+23,8.800657843906846e+22,7.7924299215856e+22,8.322409663958363e+22
