t(s),Total solute volume 1,Total retention volume 1,Total 1 volume 1,Total 2 volume 1,Total 3 volume 1,Total 4 volume 1,Total 5 volume 1,Total 6 volume 1
0,3.184149623986931e+17,1.2737064121764573e+21,1.761415583916261e+17,3.259754029847607e+17,2.320019950915896e+17,1.0074832876371032e+18,4.5318403643553595e+19,1.2263279913263974e+21
