t(s),Total solute volume 1,Total retention volume 1,Total 1 volume 1,Total 2 volume 1,Total 3 volume 1,Total 4 volume 1,Total 5 volume 1,Total 6 volume 1
0,6.5666411056726936e+16,7.810409103657054e+16,5203971956357369.0,5689972671683596.0,2650076791375.257,4970599795025.068,69533748295155.51,1466580926922193.0
