t(s),Total solute volume 1,Total retention volume 1,Total 1 volume 1,Total 2 volume 1,Total 3 volume 1,Total 4 volume 1,Total 5 volume 1,Total 6 volume 1
0,8.413405339804337e+17,5.688269758761398e+20,1.538843815742956e+18,3.9368564749678444e+18,6.694706303806957e+17,4.564810903301073e+18,1.1356340021960344e+20,4.437122532981633e+20
