t(s),Total solute volume 1,Total retention volume 1,Total 1 volume 1,Total 2 volume 1,Total 3 volume 1,Total 4 volume 1,Total 5 volume 1,Total 6 volume 1
0,4.071819960099205e+17,3.5921023573326654e+22,3.048573828454969e+17,6.123728968341585e+17,6.75849688953904e+18,5.621607072249179e+19,2.957012600988018e+21,3.28997119924509e+22
