t(s),Total solute volume 1,Total retention volume 1,Total 1 volume 1,Total 2 volume 1,Total 3 volume 1,Total 4 volume 1,Total 5 volume 1,Total 6 volume 1
0,5.549106202873219e+16,6.5296006655591896e+16,3574543289432606.5,3695067633789086.0,5854448252203.313,10073508559397.37,123804831768365.36,2395600915058248.5
