t(s),Total solute volume 1,Total retention volume 1,Total 1 volume 1,Total 2 volume 1,Total 3 volume 1,Total 4 volume 1,Total 5 volume 1,Total 6 volume 1
0,3.184149623986931e+17,3.4451244782542627e+19,1.761415583916261e+17,3.2597540298476077e+17,6202104165565320.0,2.614044408742373e+16,1.1733607474063424e+18,3.2425009563108237e+19
