t(s),Total solute volume 1,Total retention volume 1,Total 1 volume 1,Total 2 volume 1,Total 3 volume 1,Total 4 volume 1,Total 5 volume 1,Total 6 volume 1
0,7.898873006952949e+16,9.837735277294421e+16,7857626411464600.0,9137075296732168.0,2967225546984.564,6118340019664.884,98650142619743.67,2286185287030920.5
