t(s),Total solute volume 1,Total retention volume 1,Total 1 volume 1,Total 2 volume 1,Total 3 volume 1,Total 4 volume 1,Total 5 volume 1,Total 6 volume 1
0,4.632802213684205e+19,2.552842328484406e+23,1.098131415173949e+22,3.5085054935044953e+22,7.626851331433468e+22,4.1976849614965125e+22,3.3958805868559974e+22,5.696736694165812e+22
