t(s),Total solute volume 1,Total retention volume 1,Total 1 volume 1,Total 2 volume 1,Total 3 volume 1,Total 4 volume 1,Total 5 volume 1,Total 6 volume 1
0,1.1886142573461043e+18,7.753022405952058e+22,3.3262845753212687e+18,9.547595689902217e+18,1.7079992317863775e+20,2.4315010674236546e+21,2.5174338001668097e+22,4.973952257272719e+22
