t(s),Total solute volume 1,Total retention volume 1,Total 1 volume 1,Total 2 volume 1,Total 3 volume 1,Total 4 volume 1,Total 5 volume 1,Total 6 volume 1
0,2.073332087427378e+19,1.3935592019698054e+22,1.9346913512456716e+21,1.1315073985465211e+22,3.076466154791393e+20,8.938576368764784e+19,6.7093477964051644e+19,2.0096750498181605e+20
