t(s),Total solute volume 1,Total retention volume 1,Total 1 volume 1,Total 2 volume 1,Total 3 volume 1,Total 4 volume 1,Total 5 volume 1,Total 6 volume 1
0,7.412634750021373e+16,1.548981057506289e+17,6819284532587502.0,7763492501330356.0,91734829213346.61,183248021581048.3,2813960168925402.0,6.310003819677554e+16
