t(s),Total solute volume 1,Total retention volume 1,Total 1 volume 1,Total 2 volume 1,Total 3 volume 1,Total 4 volume 1,Total 5 volume 1,Total 6 volume 1
0,7.412634750021373e+16,9.334336981662919e+18,6819284532587502.0,7763492501330356.0,1.2210863275216896e+16,2.759851214081765e+16,4.277196696810434e+17,8.778098812031747e+18
