t(s),Total solute volume 1,Total retention volume 1,Total 1 volume 1,Total 2 volume 1,Total 3 volume 1,Total 4 volume 1,Total 5 volume 1,Total 6 volume 1
0,1.213101554250879e+17,7.799574947478279e+19,2.046233060134811e+16,2.7452473202875316e+16,4.365254125064712e+16,1.2431972984662466e+17,2.807529885977927e+18,7.485102235847823e+19
