t(s),Total solute volume 1,Total retention volume 1,Total 1 volume 1,Total 2 volume 1,Total 3 volume 1,Total 4 volume 1,Total 5 volume 1,Total 6 volume 1
0,6.197674773403082e+16,7.3439042804366e+16,4574148913662800.0,4905847431427061.0,3767956189330.1636,6861009218426.233,91804187810215.31,1879865572025438.8
