t(s),Total solute volume 1,Total retention volume 1,Total 1 volume 1,Total 2 volume 1,Total 3 volume 1,Total 4 volume 1,Total 5 volume 1,Total 6 volume 1
0,2.073332087427378e+19,3.466286259187877e+23,1.9346913512456716e+21,1.1315073985465211e+22,9.361169969094299e+22,8.413409963900293e+22,7.3950450453296106e+22,8.166187747795641e+22
