t(s),Total solute volume 1,Total retention volume 1,Total 1 volume 1,Total 2 volume 1,Total 3 volume 1,Total 4 volume 1,Total 5 volume 1,Total 6 volume 1
0,6.160605045081409e+17,1.0297231638145867e+23,7.67830629749285e+17,1.7706017440084913e+18,3.493739462125582e+19,5.8573065202694953e+20,2.9041543854905155e+22,7.330694998702545e+22
