t(s),Total solute volume 1,Total retention volume 1,Total 1 volume 1,Total 2 volume 1,Total 3 volume 1,Total 4 volume 1,Total 5 volume 1,Total 6 volume 1
0,2.286764682938004e+17,2.4518533682960482e+20,8.41666310503365e+16,1.3948910952252272e+17,5.295831259241361e+16,1.918121749915729e+17,6.931011879275251e+18,2.3755722225388116e+20
