t(s),Total solute volume 1,Total retention volume 1,Total 1 volume 1,Total 2 volume 1,Total 3 volume 1,Total 4 volume 1,Total 5 volume 1,Total 6 volume 1
0,7.301727964015883e+19,3.2692994857388057e+23,2.7111952799558177e+22,4.446286275392808e+22,8.706257503068344e+22,5.545129628325681e+22,4.601909745416282e+22,6.674914697264808e+22
