t(s),Total solute volume 1,Total retention volume 1,Total 1 volume 1,Total 2 volume 1,Total 3 volume 1,Total 4 volume 1,Total 5 volume 1,Total 6 volume 1
0,9.682243045823266e+16,2.345776467938546e+19,1.2374155389646972e+16,1.5399323190154844e+16,1.9517241826157556e+16,4.882309228401405e+16,9.264789008582292e+17,2.2338349535378784e+19
