t(s),Total solute volume 1,Total retention volume 1,Total 1 volume 1,Total 2 volume 1,Total 3 volume 1,Total 4 volume 1,Total 5 volume 1,Total 6 volume 1
0,6.5666411056726936e+16,1.2088411640608473e+19,5203971956357369.0,5689972671683596.0,1.8471385074948564e+16,4.637206221067694e+16,6.643482049452394e+17,1.128265963269277e+19
