t(s),Total solute volume 1,Total retention volume 1,Total 1 volume 1,Total 2 volume 1,Total 3 volume 1,Total 4 volume 1,Total 5 volume 1,Total 6 volume 1
0,6.160605045081409e+17,1.6680824188492399e+19,7.67830629749285e+17,1.7706017440084913e+18,7305070153584403.0,4.286959109619643e+16,1.8508417266774656e+18,1.162531492229924e+19
