t(s),Total solute volume 1,Total retention volume 1,Total 1 volume 1,Total 2 volume 1,Total 3 volume 1,Total 4 volume 1,Total 5 volume 1,Total 6 volume 1
0,2.073332087427378e+19,2.1591312877247612e+23,1.9346913512456716e+21,1.1315073985465211e+22,7.046969575623434e+22,4.168966990205886e+22,3.3730594582464395e+22,5.675266987413245e+22
