t(s),Total solute volume 1,Total retention volume 1,Total 1 volume 1,Total 2 volume 1,Total 3 volume 1,Total 4 volume 1,Total 5 volume 1,Total 6 volume 1
0,5.74157916659942e+18,7.4756337834329075e+22,1.1155733650881687e+20,5.3600706402624864e+20,9.766459440788964e+21,1.7589477382880913e+22,1.4388063662840366e+22,3.235903136811898e+22
