t(s),Total solute volume 1,Total retention volume 1,Total 1 volume 1,Total 2 volume 1,Total 3 volume 1,Total 4 volume 1,Total 5 volume 1,Total 6 volume 1
0,2.1550923634800276e+18,1.991036037458609e+22,1.2543579337050872e+19,4.387601538914759e+19,2.830161260966174e+20,2.3180375746526585e+21,4.6335262890824795e+21,1.2617205697664879e+22
