t(s),Total solute volume 1,Total retention volume 1,Total 1 volume 1,Total 2 volume 1,Total 3 volume 1,Total 4 volume 1,Total 5 volume 1,Total 6 volume 1
0,8.434622358698939e+16,6.228662560369234e+19,9096397638945638.0,1.0811486824468592e+16,5.791135717879503e+16,1.9886177202052314e+17,3.5218231637009633e+18,5.840377520274308e+19
