t(s),Total solute volume 1,Total retention volume 1,Total 1 volume 1,Total 2 volume 1,Total 3 volume 1,Total 4 volume 1,Total 5 volume 1,Total 6 volume 1
0,3.049370426842634e+19,3.0262334125748034e+22,4.502339012740615e+21,2.2082334505202914e+22,1.732363727774761e+21,4.8058548552754174e+20,3.6080206927565724e+20,1.0734156209585598e+21
