t(s),Total solute volume 1,Total retention volume 1,Total 1 volume 1,Total 2 volume 1,Total 3 volume 1,Total 4 volume 1,Total 5 volume 1,Total 6 volume 1
0,1.433399386980134e+18,1.3894538924954762e+22,5.050972524890161e+18,1.5430230570377775e+19,6.7422274572059296e+19,6.0065556587442e+20,3.4175206802194574e+21,9.78702580180671e+21
