t(s),Total solute volume 1,Total retention volume 1,Total 1 volume 1,Total 2 volume 1,Total 3 volume 1,Total 4 volume 1,Total 5 volume 1,Total 6 volume 1
0,5.74157916659942e+18,8.990678126976161e+22,1.1155733650881687e+20,5.3600706402624864e+20,1.1268180326707532e+22,2.1850317985990824e+22,1.8018787902530527e+22,3.811618907483138e+22
