t(s),Total solute volume 1,Total retention volume 1,Total 1 volume 1,Total 2 volume 1,Total 3 volume 1,Total 4 volume 1,Total 5 volume 1,Total 6 volume 1
0,7.898873006952949e+16,3.1342014026584256e+17,7857626411464600.0,9137075296732168.0,269280287092261.25,556425599853163.2,8972950580599381.0,2.0763805202057046e+17
