t(s),Total solute volume 1,Total retention volume 1,Total 1 volume 1,Total 2 volume 1,Total 3 volume 1,Total 4 volume 1,Total 5 volume 1,Total 6 volume 1
0,6.160605045081409e+17,1.0042157151138765e+20,7.67830629749285e+17,1.7706017440084913e+18,5.250962140696668e+16,3.084105984654245e+17,1.3316027500666497e+19,8.359013091258278e+19
