t(s),Total solute volume 1,Total retention volume 1,Total 1 volume 1,Total 2 volume 1,Total 3 volume 1,Total 4 volume 1,Total 5 volume 1,Total 6 volume 1
0,1.1886142573461043e+18,1.9641265063245826e+22,3.3262845753212687e+18,9.547595689902217e+18,5.528700444857582e+19,5.004080692916839e+20,4.935406290871918e+21,1.4136101204111315e+22
