t(s),Total solute volume 1,Total retention volume 1,Total 1 volume 1,Total 2 volume 1,Total 3 volume 1,Total 4 volume 1,Total 5 volume 1,Total 6 volume 1
0,6.197674773403082e+16,2.1728808063004713e+19,4574148913662800.0,4905847431427061.0,3.1959411752763756e+16,1.2096064903743064e+17,1.7498773890325652e+18,1.9754553869102772e+19
