t(s),Total solute volume 1,Total retention volume 1,Total 1 volume 1,Total 2 volume 1,Total 3 volume 1,Total 4 volume 1,Total 5 volume 1,Total 6 volume 1
0,5.859579698822926e+16,8.137153891724306e+18,4036115571689510.5,4248607036429529.5,1.4919915851988504e+16,3.695972845307892e+16,4.8722973634472026e+17,7.531163991478017e+18
