t(s),Total solute volume 1,Total retention volume 1,Total 1 volume 1,Total 2 volume 1,Total 3 volume 1,Total 4 volume 1,Total 5 volume 1,Total 6 volume 1
0,1.0410857772626118e+17,3.414635997897733e+20,1.4548167332142294e+16,1.8548032395571572e+16,1.8621125711595357e+17,1.2824851748337275e+18,2.9457763050406654e+19,3.103999355299602e+20
