t(s),Total solute volume 1,Total retention volume 1,Total 1 volume 1,Total 2 volume 1,Total 3 volume 1,Total 4 volume 1,Total 5 volume 1,Total 6 volume 1
0,4.6444135142887546e+17,4.638713481872655e+20,4.088535341100352e+17,8.580895293571515e+17,1.3331129047571878e+17,6.838286714640238e+17,3.456701890061602e+19,4.267558049098135e+20
