t(s),Total solute volume 1,Total retention volume 1,Total 1 volume 1,Total 2 volume 1,Total 3 volume 1,Total 4 volume 1,Total 5 volume 1,Total 6 volume 1
0,2.69227699570376e+18,2.053986776604351e+23,2.0606897695457464e+19,7.758321800726443e+19,2.7397227395532744e+21,4.7538527103597e+22,7.34820569024039e+22,8.153748852218206e+22
