t(s),Total solute volume 1,Total retention volume 1,Total 1 volume 1,Total 2 volume 1,Total 3 volume 1,Total 4 volume 1,Total 5 volume 1,Total 6 volume 1
0,9.954516368711946e+17,1.364150824961374e+23,2.2394775286774456e+18,6.059472535941418e+18,1.441722496846506e+20,3.01469655640914e+21,5.600791787068515e+22,7.723900141765428e+22
