t(s),Total solute volume 1,Total retention volume 1,Total 1 volume 1,Total 2 volume 1,Total 3 volume 1,Total 4 volume 1,Total 5 volume 1,Total 6 volume 1
0,7.171273444608589e+17,1.5871809571514774e+20,1.0775438795249249e+18,2.613815739480852e+18,1.2135912692541933e+17,7.668807445527302e+17,2.656984419224983e+19,1.2685152468795322e+20
