t(s),Total solute volume 1,Total retention volume 1,Total 1 volume 1,Total 2 volume 1,Total 3 volume 1,Total 4 volume 1,Total 5 volume 1,Total 6 volume 1
0,5.263409243820472e+16,1.066442879805699e+19,3176956375550943.5,3226718800086626.5,2.052029690456072e+16,7.460301787829811e+16,9.584711853988923e+17,9.551796530261338e+18
