t(s),Total solute volume 1,Total retention volume 1,Total 1 volume 1,Total 2 volume 1,Total 3 volume 1,Total 4 volume 1,Total 5 volume 1,Total 6 volume 1
0,4.632802213684205e+19,7.1034363666141e+22,1.098131415173949e+22,3.5085054935044953e+22,1.1673968576897164e+22,3.405081147958336e+21,2.5691020501112555e+21,7.273514782252801e+21
