t(s),Total solute volume 1,Total retention volume 1,Total 1 volume 1,Total 2 volume 1,Total 3 volume 1,Total 4 volume 1,Total 5 volume 1,Total 6 volume 1
0,8.413405339804337e+17,1.873523253399961e+22,1.5388438157429558e+18,3.9368564749678444e+18,2.053756690663787e+19,1.6441546124113363e+20,4.140765397185334e+21,1.440319706784147e+22
