t(s),Total solute volume 1,Total retention volume 1,Total 1 volume 1,Total 2 volume 1,Total 3 volume 1,Total 4 volume 1,Total 5 volume 1,Total 6 volume 1
0,1.7065136209902323e+17,4.753782766500631e+18,4.381099764971746e+16,6.585874551544885e+16,1468829170329666.0,4500843188580523.0,1.3081654652962654e+17,4.336675442347951e+18
