t(s),Total solute volume 1,Total retention volume 1,Total 1 volume 1,Total 2 volume 1,Total 3 volume 1,Total 4 volume 1,Total 5 volume 1,Total 6 volume 1
0,3.41080351854199e+18,3.0650967961915447e+22,3.4926673833597542e+19,1.42115214248461e+20,1.3610199452644464e+21,6.222015243031656e+21,6.32641682283539e+21,1.6561063259183392e+22
