t(s),Total solute volume 1,Total retention volume 1,Total 1 volume 1,Total 2 volume 1,Total 3 volume 1,Total 4 volume 1,Total 5 volume 1,Total 6 volume 1
0,7.412634750021373e+16,2.2667106036560314e+19,6819284532587502.0,7763492501330356.0,2.7874754158243216e+16,7.589568100802933e+16,1.1956912253182659e+18,2.1278935251541373e+19
