t(s),Total solute volume 1,Total retention volume 1,Total 1 volume 1,Total 2 volume 1,Total 3 volume 1,Total 4 volume 1,Total 5 volume 1,Total 6 volume 1
0,1.1886142573461043e+18,7.547769280698764e+19,3.3262845753212687e+18,9.547595689902217e+18,1.886957219397527e+17,1.455115763799418e+18,1.4177859580993282e+19,4.559352721768714e+19
