t(s),Total solute volume 1,Total retention volume 1,Total 1 volume 1,Total 2 volume 1,Total 3 volume 1,Total 4 volume 1,Total 5 volume 1,Total 6 volume 1
0,1.0417779541760956e+19,4.6489418185747674e+21,4.2060845695740917e+20,2.3786086414986547e+21,6.60408202317581e+20,2.939069888039283e+20,2.2210112879674887e+20,6.628906206585997e+20
