t(s),Total solute volume 1,Total retention volume 1,Total 1 volume 1,Total 2 volume 1,Total 3 volume 1,Total 4 volume 1,Total 5 volume 1,Total 6 volume 1
0,8.413405339804337e+17,3.270169740300765e+20,1.5388438157429548e+18,3.9368564749678444e+18,3.8210326299655085e+17,2.5998098806244337e+18,6.466840704921998e+19,2.5304961301254465e+20
