t(s),Total solute volume 1,Total retention volume 1,Total 1 volume 1,Total 2 volume 1,Total 3 volume 1,Total 4 volume 1,Total 5 volume 1,Total 6 volume 1
0,1.5593745071291005e+17,5.353280080649671e+17,3.5828426689998184e+16,5.226428756416006e+16,110804677233730.5,323845235958439.7,8790989150252626.0,2.8207220403446304e+17
