t(s),Total solute volume 1,Total retention volume 1,Total 1 volume 1,Total 2 volume 1,Total 3 volume 1,Total 4 volume 1,Total 5 volume 1,Total 6 volume 1
0,4.071819960099205e+17,1.901267085895255e+21,3.048573828454969e+17,6.123728968341585e+17,4.3280480360170714e+17,2.1235105617096614e+18,1.0613097716297656e+20,1.7912553810912784e+21
