t(s),Total solute volume 1,Total retention volume 1,Total 1 volume 1,Total 2 volume 1,Total 3 volume 1,Total 4 volume 1,Total 5 volume 1,Total 6 volume 1
0,2.69227699570376e+18,1.1489412772778857e+22,2.0606897695457464e+19,7.758321800726443e+19,2.996251432319734e+20,1.8151817755823104e+21,2.4105003838796123e+21,6.863223077386513e+21
