t(s),Total solute volume 1,Total retention volume 1,Total 1 volume 1,Total 2 volume 1,Total 3 volume 1,Total 4 volume 1,Total 5 volume 1,Total 6 volume 1
0,8.413405339804337e+17,1.889986921425857e+20,1.538843815742956e+18,3.936856474967845e+18,2.1779664321598902e+17,1.480065511643967e+18,3.6812428099626942e+19,1.4417136106340791e+20
