t(s),Total solute volume 1,Total retention volume 1,Total 1 volume 1,Total 2 volume 1,Total 3 volume 1,Total 4 volume 1,Total 5 volume 1,Total 6 volume 1
0,8.413405339804337e+17,8.80152409414402e+21,1.5388438157429548e+18,3.9368564749678444e+18,1.0083374322052311e+19,7.394935611485235e+19,1.8494909379526787e+21,6.861683384929662e+21
