t(s),Total solute volume 1,Total retention volume 1,Total 1 volume 1,Total 2 volume 1,Total 3 volume 1,Total 4 volume 1,Total 5 volume 1,Total 6 volume 1
0,4.388031255538536e+18,2.3139914952136764e+23,6.12580002685351e+19,2.7044583928840333e+20,1.0496907489486762e+22,7.046589336384269e+22,7.006380033867733e+22,8.003645645855152e+22
