t(s),Total solute volume 1,Total retention volume 1,Total 1 volume 1,Total 2 volume 1,Total 3 volume 1,Total 4 volume 1,Total 5 volume 1,Total 6 volume 1
0,8.413405339804337e+17,1.1401834980379164e+22,1.538843815742956e+18,3.9368564749678444e+18,1.291245467481971e+19,9.689772247621198e+19,2.427702762250659e+21,8.858005000152787e+21
