t(s),Total solute volume 1,Total retention volume 1,Total 1 volume 1,Total 2 volume 1,Total 3 volume 1,Total 4 volume 1,Total 5 volume 1,Total 6 volume 1
0,6.5666411056726936e+16,6.440367074387308e+17,5203971956357368.0,5689972671683596.0,968949691599998.1,1841772156079104.5,2.578862543472616e+16,5.388770044715543e+17
