t(s),Total solute volume 1,Total retention volume 1,Total 1 volume 1,Total 2 volume 1,Total 3 volume 1,Total 4 volume 1,Total 5 volume 1,Total 6 volume 1
0,1.213101554250879e+17,4.91796153431712e+20,2.046233060134811e+16,2.7452473202875316e+16,2.2664132272669053e+17,1.1833898832691418e+18,2.857572066031993e+19,4.61641176606157e+20
