t(s),Total solute volume 1,Total retention volume 1,Total 1 volume 1,Total 2 volume 1,Total 3 volume 1,Total 4 volume 1,Total 5 volume 1,Total 6 volume 1
0,2.0660865705208714e+17,2.140789403805733e+19,6.711558540817307e+16,1.0753082620506754e+17,5192845395112745.0,1.7571400751984816e+16,5.890837457609627e+17,2.0414790977483928e+19
