t(s),Total solute volume 1,Total retention volume 1,Total 1 volume 1,Total 2 volume 1,Total 3 volume 1,Total 4 volume 1,Total 5 volume 1,Total 6 volume 1
0,2.0660865705208714e+17,2.9037121849884887e+21,6.711558540817307e+16,1.0753082620506754e+17,6.33464854344809e+17,3.0344455688923996e+18,1.0476867153620492e+20,2.794894347960382e+21
