t(s),Total solute volume 1,Total retention volume 1,Total 1 volume 1,Total 2 volume 1,Total 3 volume 1,Total 4 volume 1,Total 5 volume 1,Total 6 volume 1
0,2.0660865705208714e+17,4.437827888183075e+20,6.711558540817307e+16,1.0753082620506754e+17,1.0745430988509085e+17,3.818493390292052e+17,1.2846540665286814e+19,4.3006568943544245e+20
