t(s),Total solute volume 1,Total retention volume 1,Total 1 volume 1,Total 2 volume 1,Total 3 volume 1,Total 4 volume 1,Total 5 volume 1,Total 6 volume 1
0,1.874180731908145e+17,9.987068113443774e+18,5.399819431922016e+16,8.374842692958085e+16,2743214955026592.5,8823863839918552.0,2.7517235522515706e+17,9.375163984983929e+18
