t(s),Total solute volume 1,Total retention volume 1,Total 1 volume 1,Total 2 volume 1,Total 3 volume 1,Total 4 volume 1,Total 5 volume 1,Total 6 volume 1
0,5.263409243820472e+16,4.5184332355622886e+17,3176956375550943.0,3226718800086626.5,984939946883695.9,1693043236474951.5,2.0015627093288716e+16,3.7011194566573555e+17
