t(s),Total solute volume 1,Total retention volume 1,Total 1 volume 1,Total 2 volume 1,Total 3 volume 1,Total 4 volume 1,Total 5 volume 1,Total 6 volume 1
0,2.0660865705208714e+17,5.738768613009784e+21,6.711558540817307e+16,1.0753082620506754e+17,1.117576021809855e+18,7.875925016691385e+18,2.8561797230432374e+20,5.443775884598261e+21
