t(s),Total solute volume 1,Total retention volume 1,Total 1 volume 1,Total 2 volume 1,Total 3 volume 1,Total 4 volume 1,Total 5 volume 1,Total 6 volume 1
0,4.6444135142887546e+17,3.211746795873118e+21,4.088535341100352e+17,8.580895293571515e+17,9.127863787541809e+17,4.844705151327116e+18,2.454927718910226e+20,2.958765148037117e+21
