t(s),Total solute volume 1,Total retention volume 1,Total 1 volume 1,Total 2 volume 1,Total 3 volume 1,Total 4 volume 1,Total 5 volume 1,Total 6 volume 1
0,1.7473117771507889e+18,1.8050588329087798e+23,7.856350728538216e+18,2.56333736483743e+19,7.924865989810759e+20,1.9899072330828062e+22,7.66457576385773e+22,8.313332968633848e+22
