t(s),Total solute volume 1,Total retention volume 1,Total 1 volume 1,Total 2 volume 1,Total 3 volume 1,Total 4 volume 1,Total 5 volume 1,Total 6 volume 1
0,1.7473117771507889e+18,6.577276114983231e+20,7.856350728538216e+18,2.56333736483743e+19,5.50990537113454e+18,4.354895208647069e+19,1.4219587827840773e+20,4.3123583960825594e+20
