t(s),Total solute volume 1,Total retention volume 1,Total 1 volume 1,Total 2 volume 1,Total 3 volume 1,Total 4 volume 1,Total 5 volume 1,Total 6 volume 1
0,2.1550923634800276e+18,1.7757777246332605e+23,1.2543579337050872e+19,4.387601538914759e+19,1.4073041562444222e+21,2.9507632302447927e+22,6.753000334265421e+22,7.907425797489133e+22
