t(s),Total solute volume 1,Total retention volume 1,Total 1 volume 1,Total 2 volume 1,Total 3 volume 1,Total 4 volume 1,Total 5 volume 1,Total 6 volume 1
0,1.0410857772626118e+17,2.751361435259471e+20,1.4548167332142294e+16,1.8548032395571572e+16,1.599063547833149e+17,8.683479551529757e+17,1.901037904636789e+19,2.5496030539219685e+20
