t(s),Total solute volume 1,Total retention volume 1,Total 1 volume 1,Total 2 volume 1,Total 3 volume 1,Total 4 volume 1,Total 5 volume 1,Total 6 volume 1
0,9.026506572834251e+16,1.7616360379067142e+17,1.0582167792312242e+16,1.2864965809597988e+16,61176044940917.51,135118684235866.06,2413931410444781.5,5.9841178320796456e+16
