t(s),Total solute volume 1,Total retention volume 1,Total 1 volume 1,Total 2 volume 1,Total 3 volume 1,Total 4 volume 1,Total 5 volume 1,Total 6 volume 1
0,7.654339330001997e+18,1.4614510324959997e+21,2.1174029546635192e+20,1.1075853577564208e+21,3.517636950600053e+19,2.4452219839776727e+19,1.8716316441447297e+19,5.612613415599339e+19
