t(s),Total solute volume 1,Total retention volume 1,Total 1 volume 1,Total 2 volume 1,Total 3 volume 1,Total 4 volume 1,Total 5 volume 1,Total 6 volume 1
0,7.171273444608589e+17,8.03680362948448e+22,1.0775438795249249e+18,2.613815739480852e+18,4.430130239001204e+19,5.90670680414417e+20,2.2180766956172685e+22,5.754788886890542e+22
