t(s),Total solute volume 1,Total retention volume 1,Total 1 volume 1,Total 2 volume 1,Total 3 volume 1,Total 4 volume 1,Total 5 volume 1,Total 6 volume 1
0,7.301727964015883e+19,3.95683207247385e+23,2.7111952799558177e+22,4.446286275392808e+22,9.91297862389926e+22,7.811432445474792e+22,6.777803841761008e+22,7.901322530290898e+22
