t(s),Total solute volume 1,Total retention volume 1,Total 1 volume 1,Total 2 volume 1,Total 3 volume 1,Total 4 volume 1,Total 5 volume 1,Total 6 volume 1
0,5.859579698822926e+16,2.985505056386275e+17,4036115571689510.5,4248607036429529.5,484266313724960.9,864757830231674.1,1.1089561779188176e+16,2.1923140011912467e+17
