t(s),Total solute volume 1,Total retention volume 1,Total 1 volume 1,Total 2 volume 1,Total 3 volume 1,Total 4 volume 1,Total 5 volume 1,Total 6 volume 1
0,4.388031255538536e+18,1.9624886864727744e+23,6.12580002685351e+19,2.704458392884032e+20,9.772660983706117e+21,5.762876887205093e+22,5.5655052232433756e+22,7.285629468827179e+22
