t(s),Total solute volume 1,Total retention volume 1,Total 1 volume 1,Total 2 volume 1,Total 3 volume 1,Total 4 volume 1,Total 5 volume 1,Total 6 volume 1
0,1.4509118010472559e+19,1.648287174875316e+22,8.782046250079989e+20,5.232424008980733e+21,4.3751608963076535e+21,1.51212792823738e+21,1.1396396113844809e+21,3.330805560824481e+21
