t(s),Total solute volume 1,Total retention volume 1,Total 1 volume 1,Total 2 volume 1,Total 3 volume 1,Total 4 volume 1,Total 5 volume 1,Total 6 volume 1
0,5.331000576703257e+17,1.3454448758797253e+19,5.560848088934841e+17,1.2219752934206108e+18,4300264958176856.0,2.3501507306512816e+16,1.1416519936115918e+18,9.97383483293657e+18
