t(s),Total solute volume 1,Total retention volume 1,Total 1 volume 1,Total 2 volume 1,Total 3 volume 1,Total 4 volume 1,Total 5 volume 1,Total 6 volume 1
0,2.073332087427378e+19,1.0820778257776644e+23,1.9346913512456716e+21,1.1315073985465211e+22,3.885573906481564e+22,1.5670704571924743e+22,1.208982772527345e+22,2.8321012558166233e+22
