t(s),Total solute volume 1,Total retention volume 1,Total 1 volume 1,Total 2 volume 1,Total 3 volume 1,Total 4 volume 1,Total 5 volume 1,Total 6 volume 1
0,1.1886142573461043e+18,1.5351463296597722e+22,3.3262845753212687e+18,9.547595689902217e+18,4.40243625044202e+19,3.8480410319053934e+20,3.7844951498069393e+21,1.1124077186573157e+22
