t(s),Total solute volume 1,Total retention volume 1,Total 1 volume 1,Total 2 volume 1,Total 3 volume 1,Total 4 volume 1,Total 5 volume 1,Total 6 volume 1
0,1.874180731908145e+17,2.9260184109950776e+21,5.399819431922016e+16,8.374842692958085e+16,6.880835676098985e+17,3.860197009190793e+18,1.2696715213534136e+20,2.7941778135884633e+21
