t(s),Total solute volume 1,Total retention volume 1,Total 1 volume 1,Total 2 volume 1,Total 3 volume 1,Total 4 volume 1,Total 5 volume 1,Total 6 volume 1
0,4.6444135142887546e+17,7.949256221158721e+22,4.088535341100352e+17,8.580895293571511e+17,1.5475265119105532e+19,2.3362793645503083e+20,1.3669555162704272e+22,6.557217246289386e+22
