t(s),Total solute volume 1,Total retention volume 1,Total 1 volume 1,Total 2 volume 1,Total 3 volume 1,Total 4 volume 1,Total 5 volume 1,Total 6 volume 1
0,6.9702016393038264e+16,4.2152765499953056e+17,5944515532356725.0,6630186019767457.0,522994885538308.75,1017491966738173.4,1.490789920732421e+16,3.228025509947699e+17
