t(s),Total solute volume 1,Total retention volume 1,Total 1 volume 1,Total 2 volume 1,Total 3 volume 1,Total 4 volume 1,Total 5 volume 1,Total 6 volume 1
0,4.388031255538536e+18,7.237252250759084e+20,6.12580002685351e+19,2.704458392884035e+20,3.558802434737603e+19,7.966183247338571e+19,6.816168465731852e+19,2.0422181278535136e+20
