t(s),Total solute volume 1,Total retention volume 1,Total 1 volume 1,Total 2 volume 1,Total 3 volume 1,Total 4 volume 1,Total 5 volume 1,Total 6 volume 1
0,1.4297083041559683e+17,1.343304215266214e+21,2.9520321540870584e+16,4.183413466422628e+16,4.402864613189374e+17,3.1383242788106035e+18,8.939024601591973e+19,1.25012103322355e+21
