t(s),Total solute volume 1,Total retention volume 1,Total 1 volume 1,Total 2 volume 1,Total 3 volume 1,Total 4 volume 1,Total 5 volume 1,Total 6 volume 1
0,7.171273444608589e+17,6.336210143499463e+20,1.0775438795249249e+18,2.613815739480852e+18,4.937681021755464e+17,3.134068653769031e+18,1.0861868201952027e+20,5.1696600861101516e+20
