t(s),Total solute volume 1,Total retention volume 1,Total 1 volume 1,Total 2 volume 1,Total 3 volume 1,Total 4 volume 1,Total 5 volume 1,Total 6 volume 1
0,3.5908603530687936e+17,4.6188928665818995e+20,2.3031334757874176e+17,4.4365248646884774e+17,9.09272355905274e+16,4.1052564381897466e+17,1.960396584635194e+19,4.4075081606307316e+20
