t(s),Total solute volume 1,Total retention volume 1,Total 1 volume 1,Total 2 volume 1,Total 3 volume 1,Total 4 volume 1,Total 5 volume 1,Total 6 volume 1
0,5.549106202873219e+16,1.1339051698489004e+19,3574543289432606.5,3695067633789086.0,2.0808028411162684e+16,6.72976113436639e+16,8.810389612543357e+17,1.0307146424527786e+19
