t(s),Total solute volume 1,Total retention volume 1,Total 1 volume 1,Total 2 volume 1,Total 3 volume 1,Total 4 volume 1,Total 5 volume 1,Total 6 volume 1
0,4.6444135142887546e+17,6.837656714374999e+18,4.088535341100352e+17,8.580895293571512e+17,1476519230907092.2,7531171485799334.0,3.8054466813093664e+17,4.716719940631286e+18
