t(s),Total solute volume 1,Total retention volume 1,Total 1 volume 1,Total 2 volume 1,Total 3 volume 1,Total 4 volume 1,Total 5 volume 1,Total 6 volume 1
0,4.6444135142887546e+17,6.132334325655484e+20,4.088535341100352e+17,8.580895293571511e+17,1.762589633188907e+17,9.058055806367675e+17,4.579371994251807e+19,5.6462626366417935e+20
