t(s),Total solute volume 1,Total retention volume 1,Total 1 volume 1,Total 2 volume 1,Total 3 volume 1,Total 4 volume 1,Total 5 volume 1,Total 6 volume 1
0,1.874180731908145e+17,7.605460922751493e+17,5.399819431922016e+16,8.374842692958085e+16,123692757032364.77,397224111795266.5,1.2386035283610798e+16,4.224744456830913e+17
