t(s),Total solute volume 1,Total retention volume 1,Total 1 volume 1,Total 2 volume 1,Total 3 volume 1,Total 4 volume 1,Total 5 volume 1,Total 6 volume 1
0,2.073332087427378e+19,3.6204335445074355e+23,1.9346913512456716e+21,1.1315073985465211e+22,9.55113709925857e+22,8.96628855615422e+22,7.970665064254905e+22,8.389194859648056e+22
