t(s),Total solute volume 1,Total retention volume 1,Total 1 volume 1,Total 2 volume 1,Total 3 volume 1,Total 4 volume 1,Total 5 volume 1,Total 6 volume 1
0,2.1550923634800276e+18,4.938475078369629e+20,1.2543579337050872e+19,4.387601538914759e+19,6.733605833129549e+18,4.796833353132328e+19,9.488128630351744e+19,2.8568959507931677e+20
