t(s),Total solute volume 1,Total retention volume 1,Total 1 volume 1,Total 2 volume 1,Total 3 volume 1,Total 4 volume 1,Total 5 volume 1,Total 6 volume 1
0,4.756651887055506e+16,5.515143787621172e+16,2534742031225772.5,2489019978208219.0,7753556755880.554,12329327317407.377,134594866811878.17,2406479245337370.5
