t(s),Total solute volume 1,Total retention volume 1,Total 1 volume 1,Total 2 volume 1,Total 3 volume 1,Total 4 volume 1,Total 5 volume 1,Total 6 volume 1
0,3.41080351854199e+18,2.1195592852650874e+23,3.4926673833597542e+19,1.42115214248461e+20,5.246898623441013e+21,5.888274395426577e+22,6.834972059347488e+22,7.929611266372193e+22
