t(s),Total solute volume 1,Total retention volume 1,Total 1 volume 1,Total 2 volume 1,Total 3 volume 1,Total 4 volume 1,Total 5 volume 1,Total 6 volume 1
0,2.286764682938004e+17,2.012156447144564e+18,8.41666310503365e+16,1.3948910952252272e+17,339956597712404.9,1208908704065227.2,4.362682684479095e+16,1.5146485461313423e+18
