t(s),Total solute volume 1,Total retention volume 1,Total 1 volume 1,Total 2 volume 1,Total 3 volume 1,Total 4 volume 1,Total 5 volume 1,Total 6 volume 1
0,4.756651887055506e+16,5.3215863490053384e+16,2534742031225772.5,2489019978208219.0,1894028153981.1628,3011165742073.235,32871346806152.99,587806069362144.5
