t(s),Total solute volume 1,Total retention volume 1,Total 1 volume 1,Total 2 volume 1,Total 3 volume 1,Total 4 volume 1,Total 5 volume 1,Total 6 volume 1
0,1.213101554250879e+17,7.256068888646067e+20,2.046233060134811e+16,2.7452473202875316e+16,3.001186538738843e+17,2.3552036011310546e+18,6.159219093768863e+19,6.611901507126901e+20
