t(s),Total solute volume 1,Total retention volume 1,Total 1 volume 1,Total 2 volume 1,Total 3 volume 1,Total 4 volume 1,Total 5 volume 1,Total 6 volume 1
0,4.756651887055506e+16,3.356500763154291e+18,2534742031225772.5,2489019978208219.0,8701488168294059.0,1.999872203198499e+16,2.2530373025022643e+17,3.049906541823821e+18
