t(s),Total solute volume 1,Total retention volume 1,Total 1 volume 1,Total 2 volume 1,Total 3 volume 1,Total 4 volume 1,Total 5 volume 1,Total 6 volume 1
0,2.1550923634800276e+18,1.5488946581826175e+22,1.2543579337050872e+19,4.387601538914759e+19,2.2406481195764554e+20,1.7783753523253365e+21,3.5458874426945726e+21,9.88204428775893e+21
