t(s),Total solute volume 1,Total retention volume 1,Total 1 volume 1,Total 2 volume 1,Total 3 volume 1,Total 4 volume 1,Total 5 volume 1,Total 6 volume 1
0,1.1999214403838304e+20,4.038687587011447e+23,6.152497233576406e+22,4.870349495676086e+22,9.437158437060339e+22,6.770349443419905e+22,5.754113771677126e+22,7.390408274300633e+22
