t(s),Total solute volume 1,Total retention volume 1,Total 1 volume 1,Total 2 volume 1,Total 3 volume 1,Total 4 volume 1,Total 5 volume 1,Total 6 volume 1
0,7.898873006952949e+16,4.774851938204108e+17,7857626411464600.0,9137075296732168.0,472157441591846.9,977217322942684.9,1.5760439470884458e+16,3.6429194780725786e+17
