t(s),Total solute volume 1,Total retention volume 1,Total 1 volume 1,Total 2 volume 1,Total 3 volume 1,Total 4 volume 1,Total 5 volume 1,Total 6 volume 1
0,1.0410857772626118e+17,9.200283824483706e+18,1.4548167332142294e+16,1.8548032395571572e+16,6842681060451832.0,1.6656182423181032e+16,3.325850432527042e+17,8.706995140293431e+18
