t(s),Total solute volume 1,Total retention volume 1,Total 1 volume 1,Total 2 volume 1,Total 3 volume 1,Total 4 volume 1,Total 5 volume 1,Total 6 volume 1
0,6.197674773403082e+16,3.0657259778701877e+19,4574148913662800.0,4905847431427061.0,4.072373745045496e+16,2.188792565100131e+17,3.3890849529861535e+18,2.693711508767589e+19
