t(s),Total solute volume 1,Total retention volume 1,Total 1 volume 1,Total 2 volume 1,Total 3 volume 1,Total 4 volume 1,Total 5 volume 1,Total 6 volume 1
0,2.838052749429945e+17,7.848476885089505e+21,1.3626480534992328e+17,2.426887464870655e+17,1.313926885030771e+18,6.867317580970324e+18,2.9386360327292807e+20,7.545769278523803e+21
