t(s),Total solute volume 1,Total retention volume 1,Total 1 volume 1,Total 2 volume 1,Total 3 volume 1,Total 4 volume 1,Total 5 volume 1,Total 6 volume 1
0,4.071819960099205e+17,3.110157404932852e+22,3.048573828454969e+17,6.123728968341585e+17,6.007302453578077e+18,4.615662512101141e+19,2.4044208520519326e+21,2.8643664857426597e+22
