t(s),Total solute volume 1,Total retention volume 1,Total 1 volume 1,Total 2 volume 1,Total 3 volume 1,Total 4 volume 1,Total 5 volume 1,Total 6 volume 1
0,5.859579698822926e+16,6.723759368795633e+16,4036115571689510.5,4248607036429529.5,749224289255.2681,1325501918298.0483,16987034002123.932,338012331398210.7
