t(s),Total solute volume 1,Total retention volume 1,Total 1 volume 1,Total 2 volume 1,Total 3 volume 1,Total 4 volume 1,Total 5 volume 1,Total 6 volume 1
0,1.874180731908145e+17,1.5787651899709745e+20,5.399819431922016e+16,8.374842692958085e+16,4.427870138943814e+16,1.462079229912741e+17,4.567950079772955e+18,1.5279291759850514e+20
