t(s),Total solute volume 1,Total retention volume 1,Total 1 volume 1,Total 2 volume 1,Total 3 volume 1,Total 4 volume 1,Total 5 volume 1,Total 6 volume 1
0,7.412634750021373e+16,5.65525542387335e+18,6819284532587502.0,7763492501330356.0,7493815175185924.0,1.6112855213865586e+16,2.4875276343346883e+17,5.294186865516664e+18
