t(s),Total solute volume 1,Total retention volume 1,Total 1 volume 1,Total 2 volume 1,Total 3 volume 1,Total 4 volume 1,Total 5 volume 1,Total 6 volume 1
0,1.1999214403838304e+20,1.318492761472862e+23,6.152497233576406e+22,4.870349495676086e+22,1.0153445285550998e+22,2.9052566581037886e+21,2.1899917593476622e+21,6.252123007718942e+21
