t(s),Total solute volume 1,Total retention volume 1,Total 1 volume 1,Total 2 volume 1,Total 3 volume 1,Total 4 volume 1,Total 5 volume 1,Total 6 volume 1
0,5.859579698822926e+16,2.051097993675811e+19,4036115571689510.5,4248607036429529.5,3.143344008659411e+16,1.3979277348472445e+17,2.002480663922987e+18,1.827039253966757e+19
