t(s),Total solute volume 1,Total retention volume 1,Total 1 volume 1,Total 2 volume 1,Total 3 volume 1,Total 4 volume 1,Total 5 volume 1,Total 6 volume 1
0,4.6444135142887546e+17,2.653458970939561e+20,4.088535341100352e+17,8.580895293571511e+17,7.612284957048587e+16,3.8951833782195226e+17,1.9686471427065274e+19,2.434624000646025e+20
