t(s),Total solute volume 1,Total retention volume 1,Total 1 volume 1,Total 2 volume 1,Total 3 volume 1,Total 4 volume 1,Total 5 volume 1,Total 6 volume 1
0,1.1886142573461043e+18,1.8008622371383065e+21,3.3262845753212687e+18,9.547595689902217e+18,5.447389633212474e+18,4.2609133589395096e+19,4.155749422526909e+20,1.3231682771404613e+21
