t(s),Total solute volume 1,Total retention volume 1,Total 1 volume 1,Total 2 volume 1,Total 3 volume 1,Total 4 volume 1,Total 5 volume 1,Total 6 volume 1
0,9.682243045823266e+16,1.0743357922090603e+20,1.2374155389646972e+16,1.5399323190154844e+16,7.973173750591309e+16,2.7963758402321088e+17,5.474980324271197e+18,1.0147463366606532e+20
