t(s),Total solute volume 1,Total retention volume 1,Total 1 volume 1,Total 2 volume 1,Total 3 volume 1,Total 4 volume 1,Total 5 volume 1,Total 6 volume 1
0,3.5908603530687936e+17,8.653445999047888e+21,2.3031334757874176e+17,4.4365248646884774e+17,1.6107202281614351e+18,8.456173215809506e+18,4.0848007495111626e+20,8.233865978783453e+21
