t(s),Total solute volume 1,Total retention volume 1,Total 1 volume 1,Total 2 volume 1,Total 3 volume 1,Total 4 volume 1,Total 5 volume 1,Total 6 volume 1
0,4.999990884535286e+16,1.5043097223064177e+18,2833151015773908.0,2828700406760327.0,3824099268580274.5,7062833649869281.0,8.086256526670182e+16,1.3568984638533706e+18
