t(s),Total solute volume 1,Total retention volume 1,Total 1 volume 1,Total 2 volume 1,Total 3 volume 1,Total 4 volume 1,Total 5 volume 1,Total 6 volume 1
0,7.412634750021373e+16,6.9939018876296634e+19,6819284532587502.0,7763492501330356.0,6.853439538487926e+16,3.980941620987183e+17,7.050085846395363e+18,6.233359534788319e+19
