t(s),Total solute volume 1,Total retention volume 1,Total 1 volume 1,Total 2 volume 1,Total 3 volume 1,Total 4 volume 1,Total 5 volume 1,Total 6 volume 1
0,7.412634750021373e+16,9.791331767339264e+16,6819284532587502.0,7763492501330356.0,12760466585398.582,25470820123263.797,391109797259642.6,8774852055291999.0
