t(s),Total solute volume 1,Total retention volume 1,Total 1 volume 1,Total 2 volume 1,Total 3 volume 1,Total 4 volume 1,Total 5 volume 1,Total 6 volume 1
0,1.0417779541760956e+19,8.824126357906326e+22,4.2060845695740917e+20,2.3786086414986547e+21,2.6412627853701647e+22,1.6507630482131419e+22,1.2838706934287876e+22,2.967266343094425e+22
