t(s),Total solute volume 1,Total retention volume 1,Total 1 volume 1,Total 2 volume 1,Total 3 volume 1,Total 4 volume 1,Total 5 volume 1,Total 6 volume 1
0,1.213101554250879e+17,5.327806511467055e+18,2.046233060134811e+16,2.7452473202875316e+16,3002518088354240.5,7766706115505223.0,1.7415507923298234e+17,4.973657248800851e+18
