t(s),Total solute volume 1,Total retention volume 1,Total 1 volume 1,Total 2 volume 1,Total 3 volume 1,Total 4 volume 1,Total 5 volume 1,Total 6 volume 1
0,4.632802213684205e+19,3.5856990669564324e+23,1.098131415173949e+22,3.5085054935044953e+22,9.686390142910364e+22,7.433268363453739e+22,6.401295531278294e+22,7.724766921029681e+22
