t(s),Total solute volume 1,Total retention volume 1,Total 1 volume 1,Total 2 volume 1,Total 3 volume 1,Total 4 volume 1,Total 5 volume 1,Total 6 volume 1
0,4.632802213684205e+19,4.733631189147057e+22,1.098131415173949e+22,3.5085054935044953e+22,5.8878090115613236e+20,1.5891756990700588e+20,1.1922588355834287e+20,3.5669042792828895e+20
