t(s),Total solute volume 1,Total retention volume 1,Total 1 volume 1,Total 2 volume 1,Total 3 volume 1,Total 4 volume 1,Total 5 volume 1,Total 6 volume 1
0,1.0417779541760956e+19,3.121051383847006e+23,4.2060845695740917e+20,2.3786086414986547e+21,6.181066507146757e+22,8.696882995570314e+22,7.746643971555139e+22,8.304956876398507e+22
