t(s),Total solute volume 1,Total retention volume 1,Total 1 volume 1,Total 2 volume 1,Total 3 volume 1,Total 4 volume 1,Total 5 volume 1,Total 6 volume 1
0,7.654339330001997e+18,2.8257968767987604e+23,2.11740295466352e+20,1.1075853577564208e+21,3.857536930392749e+22,8.434136724914368e+22,7.58955697876638e+22,8.244040134658297e+22
