t(s),Total solute volume 1,Total retention volume 1,Total 1 volume 1,Total 2 volume 1,Total 3 volume 1,Total 4 volume 1,Total 5 volume 1,Total 6 volume 1
0,5.263409243820472e+16,1.5697007382976112e+17,3176956375550942.0,3226718800086626.5,247528891280444.8,417182936029836.25,4925174127957264.0,9.234242026065206e+16
