t(s),Total solute volume 1,Total retention volume 1,Total 1 volume 1,Total 2 volume 1,Total 3 volume 1,Total 4 volume 1,Total 5 volume 1,Total 6 volume 1
0,4.388031255538536e+18,2.4806672581943807e+23,6.12580002685351e+19,2.704458392884034e+20,1.0786133454173883e+22,7.664321228166327e+22,7.730530594514594e+22,8.299598226763781e+22
