t(s),Total solute volume 1,Total retention volume 1,Total 1 volume 1,Total 2 volume 1,Total 3 volume 1,Total 4 volume 1,Total 5 volume 1,Total 6 volume 1
0,7.654339330001997e+18,1.505215116059879e+21,2.1174029546635182e+20,1.1075853577564208e+21,4.6620058034287665e+19,3.2413658429683294e+19,2.481054277518754e+19,7.439086426793773e+19
