t(s),Total solute volume 1,Total retention volume 1,Total 1 volume 1,Total 2 volume 1,Total 3 volume 1,Total 4 volume 1,Total 5 volume 1,Total 6 volume 1
0,1.314985697153493e+17,8.239707263131825e+17,2.4495440733375292e+16,3.375873907587925e+16,321870356719493.2,862391266401124.1,2.0559405508992424e+16,6.124743096564635e+17
