t(s),Total solute volume 1,Total retention volume 1,Total 1 volume 1,Total 2 volume 1,Total 3 volume 1,Total 4 volume 1,Total 5 volume 1,Total 6 volume 1
0,1.874180731908145e+17,2.687861689908956e+18,5.399819431922016e+16,8.374842692958085e+16,671157584758056.1,2156073837066833.0,6.723116363166685e+16,2.2926386004158556e+18
