t(s),Total solute volume 1,Total retention volume 1,Total 1 volume 1,Total 2 volume 1,Total 3 volume 1,Total 4 volume 1,Total 5 volume 1,Total 6 volume 1
0,8.434622358698939e+16,1.3686009714893014e+17,9096397638945638.0,1.0811486824468592e+16,35995865939383.26,76779055521742.33,1302021389376260.0,3.1191192787690772e+16
