t(s),Total solute volume 1,Total retention volume 1,Total 1 volume 1,Total 2 volume 1,Total 3 volume 1,Total 4 volume 1,Total 5 volume 1,Total 6 volume 1
0,9.954516368711946e+17,9.028419955330909e+22,2.2394775286774456e+18,6.059472535941418e+18,1.1508279674102e+20,1.7455147735253592e+21,3.0499880038956246e+22,5.791442754238561e+22
