t(s),Total solute volume 1,Total retention volume 1,Total 1 volume 1,Total 2 volume 1,Total 3 volume 1,Total 4 volume 1,Total 5 volume 1,Total 6 volume 1
0,3.41080351854199e+18,2.3301946042565255e+23,3.4926673833597542e+19,1.42115214248461e+20,5.444716375625079e+21,6.59899489045114e+22,7.809221302844577e+22,8.33121294254686e+22
