t(s),Total solute volume 1,Total retention volume 1,Total 1 volume 1,Total 2 volume 1,Total 3 volume 1,Total 4 volume 1,Total 5 volume 1,Total 6 volume 1
0,5.74157916659942e+18,2.594749429361973e+23,1.1155733650881687e+20,5.3600706402624864e+20,2.098237850816011e+22,8.073602165509541e+22,7.501128801227145e+22,8.209194878096513e+22
