t(s),Total solute volume 1,Total retention volume 1,Total 1 volume 1,Total 2 volume 1,Total 3 volume 1,Total 4 volume 1,Total 5 volume 1,Total 6 volume 1
0,1.433399386980134e+18,9.748002831456661e+22,5.050972524890161e+18,1.5430230570377775e+19,3.3452975492607096e+20,5.537916645018856e+21,3.3779898224407235e+22,5.7805769087731345e+22
