t(s),Total solute volume 1,Total retention volume 1,Total 1 volume 1,Total 2 volume 1,Total 3 volume 1,Total 4 volume 1,Total 5 volume 1,Total 6 volume 1
0,6.197674773403082e+16,2.6852609270109544e+19,4574148913662800.0,4905847431427061.0,3.727782118755593e+16,1.7195729214330282e+17,2.575757017553427e+18,2.399616039514565e+19
