t(s),Total solute volume 1,Total retention volume 1,Total 1 volume 1,Total 2 volume 1,Total 3 volume 1,Total 4 volume 1,Total 5 volume 1,Total 6 volume 1
0,1.7473117771507889e+18,1.7794628791408684e+23,7.856350728538216e+18,2.56333736483743e+19,7.880700860028182e+20,1.954934246402733e+22,7.5061203407119025e+22,8.251243492078244e+22
