t(s),Total solute volume 1,Total retention volume 1,Total 1 volume 1,Total 2 volume 1,Total 3 volume 1,Total 4 volume 1,Total 5 volume 1,Total 6 volume 1
0,7.898873006952949e+16,9.624547493343165e+19,7857626411464600.0,9137075296732168.0,8.385500341756478e+16,5.1756803532139584e+17,9.689251246668012e+18,8.585881721624845e+19
