t(s),Total solute volume 1,Total retention volume 1,Total 1 volume 1,Total 2 volume 1,Total 3 volume 1,Total 4 volume 1,Total 5 volume 1,Total 6 volume 1
0,2.69227699570376e+18,1.6572729011135667e+23,2.0606897695457464e+19,7.758321800726443e+19,2.4974331560399004e+21,3.656598842328239e+22,5.438131439525976e+22,7.218167174407549e+22
