t(s),Total solute volume 1,Total retention volume 1,Total 1 volume 1,Total 2 volume 1,Total 3 volume 1,Total 4 volume 1,Total 5 volume 1,Total 6 volume 1
0,6.9702016393038264e+16,4.9236809905262985e+19,5944515532356725.0,6630186019767457.0,5.481115729230074e+16,2.8602886782473424e+17,4.750559463037711e+18,4.4063133699162685e+19
