t(s),Total solute volume 1,Total retention volume 1,Total 1 volume 1,Total 2 volume 1,Total 3 volume 1,Total 4 volume 1,Total 5 volume 1,Total 6 volume 1
0,1.314985697153493e+17,1.0273953090406676e+21,2.4495440733375292e+16,3.375873907587925e+16,3.7383145160408934e+17,2.9484356719147817e+18,8.129381778470904e+19,9.425894713829149e+20
