t(s),Total solute volume 1,Total retention volume 1,Total 1 volume 1,Total 2 volume 1,Total 3 volume 1,Total 4 volume 1,Total 5 volume 1,Total 6 volume 1
0,6.160605045081409e+17,1.3357899676455477e+19,7.67830629749285e+17,1.7706017440084913e+18,5510568085964410.0,3.233752827447553e+16,1.3961296583026988e+18,8.769429043526462e+18
