t(s),Total solute volume 1,Total retention volume 1,Total 1 volume 1,Total 2 volume 1,Total 3 volume 1,Total 4 volume 1,Total 5 volume 1,Total 6 volume 1
0,4.999990884535286e+16,1.0511499950690705e+19,2833151015773908.0,2828700406760326.5,2.066018763982614e+16,9.153396304487331e+16,1.1791795934052792e+18,9.164464446332935e+18
