t(s),Total solute volume 1,Total retention volume 1,Total 1 volume 1,Total 2 volume 1,Total 3 volume 1,Total 4 volume 1,Total 5 volume 1,Total 6 volume 1
0,4.388031255538536e+18,3.9004343118146634e+20,6.12580002685351e+19,2.7044583928840346e+20,4.958902619661006e+18,1.1078609835487336e+19,9.4779908144294e+18,2.8436057099414573e+19
