t(s),Total solute volume 1,Total retention volume 1,Total 1 volume 1,Total 2 volume 1,Total 3 volume 1,Total 4 volume 1,Total 5 volume 1,Total 6 volume 1
0,5.549106202873219e+16,7.058968669676265e+16,3574543289432606.5,3695067633789086.0,18076287929977.594,31111680147600.047,382374228304338.94,7397451548427433.0
