t(s),Total solute volume 1,Total retention volume 1,Total 1 volume 1,Total 2 volume 1,Total 3 volume 1,Total 4 volume 1,Total 5 volume 1,Total 6 volume 1
0,7.171273444608589e+17,4.7968427491085766e+20,1.0775438795249249e+18,2.613815739480852e+18,3.732333420090923e+17,2.3655943453367173e+18,8.19770932695837e+19,3.90559866990462e+20
