t(s),Total solute volume 1,Total retention volume 1,Total 1 volume 1,Total 2 volume 1,Total 3 volume 1,Total 4 volume 1,Total 5 volume 1,Total 6 volume 1
0,9.682243045823266e+16,4.8581532219057226e+19,1.2374155389646972e+16,1.5399323190154844e+16,3.9084931127048536e+16,1.0781939332853442e+17,2.0622304349965245e+18,4.6247801550567285e+19
