t(s),Total solute volume 1,Total retention volume 1,Total 1 volume 1,Total 2 volume 1,Total 3 volume 1,Total 4 volume 1,Total 5 volume 1,Total 6 volume 1
0,1.213101554250879e+17,4.6582981214041145e+19,2.046233060134811e+16,2.7452473202875316e+16,2.6449729291790036e+16,7.224008828703861e+16,1.6262278203733138e+18,4.4688838616859206e+19
