t(s),Total solute volume 1,Total retention volume 1,Total 1 volume 1,Total 2 volume 1,Total 3 volume 1,Total 4 volume 1,Total 5 volume 1,Total 6 volume 1
0,2.69227699570376e+18,3.1188606401792702e+22,2.0606897695457464e+19,7.758321800726443e+19,7.564705381799311e+20,5.218771603023548e+21,7.003804107934639e+21,1.8108677759956301e+22
