t(s),Total solute volume 1,Total retention volume 1,Total 1 volume 1,Total 2 volume 1,Total 3 volume 1,Total 4 volume 1,Total 5 volume 1,Total 6 volume 1
0,4.6444135142887546e+17,1.1508842314219251e+20,4.0885353411003526e+17,8.580895293571511e+17,3.2759461202880784e+16,1.6731771637181523e+17,8.455232431779573e+18,1.0470172911794224e+20
