t(s),Total solute volume 1,Total retention volume 1,Total 1 volume 1,Total 2 volume 1,Total 3 volume 1,Total 4 volume 1,Total 5 volume 1,Total 6 volume 1
0,5.549106202873219e+16,2.3525386885514403e+17,3574543289432606.5,3695067633789086.0,396883345465554.3,688961590369524.6,8472668259666655.0,1.629346827076867e+17
