t(s),Total solute volume 1,Total retention volume 1,Total 1 volume 1,Total 2 volume 1,Total 3 volume 1,Total 4 volume 1,Total 5 volume 1,Total 6 volume 1
0,6.5666411056726936e+16,6.258279621812679e+18,5203971956357368.0,5689972671683596.0,1.0018124782482286e+16,2.1776726129836636e+16,3.080418744376095e+17,5.841882540778012e+18
