t(s),Total solute volume 1,Total retention volume 1,Total 1 volume 1,Total 2 volume 1,Total 3 volume 1,Total 4 volume 1,Total 5 volume 1,Total 6 volume 1
0,7.301727964015883e+19,3.452003625011517e+23,2.7111952799558177e+22,4.446286275392808e+22,9.064972326901074e+22,6.122561146774288e+22,5.138117219510292e+22,7.0296022736167814e+22
