t(s),Total solute volume 1,Total retention volume 1,Total 1 volume 1,Total 2 volume 1,Total 3 volume 1,Total 4 volume 1,Total 5 volume 1,Total 6 volume 1
0,1.5593745071291005e+17,1.5215146859658415e+21,3.5828426689998184e+16,5.226428756416006e+16,4.6201684482718886e+17,2.667263348335144e+18,7.767744933537499e+19,1.4404639262723316e+21
