t(s),Total solute volume 1,Total retention volume 1,Total 1 volume 1,Total 2 volume 1,Total 3 volume 1,Total 4 volume 1,Total 5 volume 1,Total 6 volume 1
0,3.5908603530687936e+17,3.1483041437732375e+21,2.3031334757874176e+17,4.4365248646884774e+17,6.090715585273028e+17,2.887729334338887e+18,1.3838577387495006e+20,3.0053885171360685e+21
