t(s),Total solute volume 1,Total retention volume 1,Total 1 volume 1,Total 2 volume 1,Total 3 volume 1,Total 4 volume 1,Total 5 volume 1,Total 6 volume 1
0,1.1999214403838304e+20,4.494102594401439e+23,6.152497233576406e+22,4.870349495676086e+22,1.0143469836468442e+23,8.330061208165317e+22,7.303830347918489e+22,8.128818607806062e+22
