t(s),Total solute volume 1,Total retention volume 1,Total 1 volume 1,Total 2 volume 1,Total 3 volume 1,Total 4 volume 1,Total 5 volume 1,Total 6 volume 1
0,1.7473117771507889e+18,1.4874465490072059e+23,7.856350728538216e+18,2.56333736483743e+19,7.296100501166069e+20,1.560594429650948e+22,5.786246462846692e+22,7.45113988894741e+22
