t(s),Total solute volume 1,Total retention volume 1,Total 1 volume 1,Total 2 volume 1,Total 3 volume 1,Total 4 volume 1,Total 5 volume 1,Total 6 volume 1
0,1.874180731908145e+17,2.5415486710961967e+21,5.399819431922016e+16,8.374842692958085e+16,6.119568556030556e+17,3.1710267730873953e+18,1.032880955304089e+20,2.4341524272426857e+21
