t(s),Total solute volume 1,Total retention volume 1,Total 1 volume 1,Total 2 volume 1,Total 3 volume 1,Total 4 volume 1,Total 5 volume 1,Total 6 volume 1
0,1.433399386980134e+18,1.6144220901310052e+21,5.050972524890161e+18,1.5430230570377775e+19,8.170349457719474e+18,6.602434528222008e+19,3.729404180831318e+20,1.1453723748256996e+21
