t(s),Total solute volume 1,Total retention volume 1,Total 1 volume 1,Total 2 volume 1,Total 3 volume 1,Total 4 volume 1,Total 5 volume 1,Total 6 volume 1
0,2.69227699570376e+18,2.1353358803810193e+23,2.0606897695457464e+19,7.758321800726444e+19,2.780919728448477e+21,4.982140082312852e+22,7.764651674589235e+22,8.31838683479364e+22
