t(s),Total solute volume 1,Total retention volume 1,Total 1 volume 1,Total 2 volume 1,Total 3 volume 1,Total 4 volume 1,Total 5 volume 1,Total 6 volume 1
0,1.7065136209902323e+17,2.1107565318721314e+21,4.381099764971746e+16,6.585874551544885e+16,5.635596754353774e+17,3.204209257713072e+18,9.903369969089497e+19,2.007674742142866e+21
