t(s),Total solute volume 1,Total retention volume 1,Total 1 volume 1,Total 2 volume 1,Total 3 volume 1,Total 4 volume 1,Total 5 volume 1,Total 6 volume 1
0,4.071819960099205e+17,8.918740544646744e+19,3.048573828454969e+17,6.123728968341585e+17,2.0231727592083716e+16,9.667867588522782e+16,4.822898108005738e+18,8.29231846592948e+19
