t(s),Total solute volume 1,Total retention volume 1,Total 1 volume 1,Total 2 volume 1,Total 3 volume 1,Total 4 volume 1,Total 5 volume 1,Total 6 volume 1
0,6.9702016393038264e+16,8.510549055555206e+16,5944515532356725.0,6630186019767457.0,4371392000667.692,8453935774299.383,123812150107953.69,2692135132505392.5
