t(s),Total solute volume 1,Total retention volume 1,Total 1 volume 1,Total 2 volume 1,Total 3 volume 1,Total 4 volume 1,Total 5 volume 1,Total 6 volume 1
0,7.898873006952949e+16,8.185710022963456e+19,7857626411464600.0,9137075296732168.0,7.514242769422926e+16,3.8421536364833043e+17,6.906180286389844e+18,7.43955787201236e+19
