t(s),Total solute volume 1,Total retention volume 1,Total 1 volume 1,Total 2 volume 1,Total 3 volume 1,Total 4 volume 1,Total 5 volume 1,Total 6 volume 1
0,1.1999214403838304e+20,1.1139097281742723e+23,6.152497233576406e+22,4.870349495676086e+22,5.037362965444227e+20,1.3484818921717837e+20,1.0115997610298063e+20,3.027689189983914e+20
