t(s),Total solute volume 1,Total retention volume 1,Total 1 volume 1,Total 2 volume 1,Total 3 volume 1,Total 4 volume 1,Total 5 volume 1,Total 6 volume 1
0,1.1886142573461043e+18,9.90607129019413e+22,3.3262845753212687e+18,9.547595689902217e+18,1.998408975403432e+20,3.323582955463731e+21,3.5219831035616934e+22,6.030339551879789e+22
