t(s),Total solute volume 1,Total retention volume 1,Total 1 volume 1,Total 2 volume 1,Total 3 volume 1,Total 4 volume 1,Total 5 volume 1,Total 6 volume 1
0,7.412634750021373e+16,9.2659791149483e+16,6819284532587502.0,7763492501330356.0,5477260664283.871,10932248277633.244,167866155319586.53,3766390951089262.0
