t(s),Total solute volume 1,Total retention volume 1,Total 1 volume 1,Total 2 volume 1,Total 3 volume 1,Total 4 volume 1,Total 5 volume 1,Total 6 volume 1
0,1.314985697153493e+17,1.5299498339169367e+20,2.4495440733375292e+16,3.3758739075879252e+16,7.356156234277154e+16,2.2640820806736422e+17,5.45405804320937e+18,1.4705120282855028e+20
