t(s),Total solute volume 1,Total retention volume 1,Total 1 volume 1,Total 2 volume 1,Total 3 volume 1,Total 4 volume 1,Total 5 volume 1,Total 6 volume 1
0,4.388031255538536e+18,4.3089292498157345e+20,6.12580002685351e+19,2.7044583928840336e+20,8.712316868588976e+18,1.946870312164141e+19,1.6656174287913146e+19,4.996385989095167e+19
