t(s),Total solute volume 1,Total retention volume 1,Total 1 volume 1,Total 2 volume 1,Total 3 volume 1,Total 4 volume 1,Total 5 volume 1,Total 6 volume 1
0,1.7065136209902323e+17,2.442974466634789e+19,4.381099764971746e+16,6.585874551544885e+16,7912844380910501.0,2.437568761344786e+16,7.08739299153047e+17,2.3408395729936257e+19
