t(s),Total solute volume 1,Total retention volume 1,Total 1 volume 1,Total 2 volume 1,Total 3 volume 1,Total 4 volume 1,Total 5 volume 1,Total 6 volume 1
0,8.413405339804337e+17,1.2990700194819017e+23,1.538843815742955e+18,3.9368564749678444e+18,8.860243691345012e+19,1.7575295215319397e+21,5.0464580766155095e+22,7.758997218276727e+22
