t(s),Total solute volume 1,Total retention volume 1,Total 1 volume 1,Total 2 volume 1,Total 3 volume 1,Total 4 volume 1,Total 5 volume 1,Total 6 volume 1
0,1.122294944848212e+17,4.4298585382387725e+20,1.720192593325329e+16,2.2487444393871428e+16,2.1835764375881267e+17,1.4022589686790556e+18,3.3322652952109765e+19,4.078906653945212e+20
