t(s),Total solute volume 1,Total retention volume 1,Total 1 volume 1,Total 2 volume 1,Total 3 volume 1,Total 4 volume 1,Total 5 volume 1,Total 6 volume 1
0,4.756651887055506e+16,7.053211152818409e+18,2534742031225772.5,2489019978208219.0,1.588584592150015e+16,5.777198949312885e+16,6.927413798013974e+17,6.234221656722409e+18
