t(s),Total solute volume 1,Total retention volume 1,Total 1 volume 1,Total 2 volume 1,Total 3 volume 1,Total 4 volume 1,Total 5 volume 1,Total 6 volume 1
0,1.314985697153493e+17,9.017710474929026e+20,2.4495440733375292e+16,3.3758739075879252e+16,3.414900766623018e+17,2.3053639822111242e+18,6.14640399913387e+19,8.374704006931444e+20
