t(s),Total solute volume 1,Total retention volume 1,Total 1 volume 1,Total 2 volume 1,Total 3 volume 1,Total 4 volume 1,Total 5 volume 1,Total 6 volume 1
0,2.1550923634800276e+18,1.3954767556409096e+21,1.2543579337050872e+19,4.387601538914759e+19,2.0602229837211537e+19,1.4773039235032944e+20,2.9234482190500223e+20,8.762246244586971e+20
