t(s),Total solute volume 1,Total retention volume 1,Total 1 volume 1,Total 2 volume 1,Total 3 volume 1,Total 4 volume 1,Total 5 volume 1,Total 6 volume 1
0,5.74157916659942e+18,3.131950450938164e+22,1.1155733650881687e+20,5.3600706402624864e+20,4.578589220210054e+21,6.617798816959799e+21,5.30312850643673e+21,1.4166681986073606e+22
