t(s),Total solute volume 1,Total retention volume 1,Total 1 volume 1,Total 2 volume 1,Total 3 volume 1,Total 4 volume 1,Total 5 volume 1,Total 6 volume 1
0,5.263409243820472e+16,5.950263534423139e+16,3176956375550943.0,3226718800086626.5,1178093575067.1174,1972689327011.1829,23278590699288.11,438438356787271.5
