t(s),Total solute volume 1,Total retention volume 1,Total 1 volume 1,Total 2 volume 1,Total 3 volume 1,Total 4 volume 1,Total 5 volume 1,Total 6 volume 1
0,4.388031255538536e+18,1.1167693367858317e+22,6.12580002685351e+19,2.7044583928840317e+20,9.594707492697051e+20,2.282057907258808e+21,1.9611727854881203e+21,5.628900055029166e+21
