t(s),Total solute volume 1,Total retention volume 1,Total 1 volume 1,Total 2 volume 1,Total 3 volume 1,Total 4 volume 1,Total 5 volume 1,Total 6 volume 1
0,7.898873006952949e+16,7.926214355797153e+18,7857626411464600.0,9137075296732168.0,9412985674968458.0,2.0976958672508188e+16,3.401376249257735e+17,7.459703354746211e+18
