t(s),Total solute volume 1,Total retention volume 1,Total 1 volume 1,Total 2 volume 1,Total 3 volume 1,Total 4 volume 1,Total 5 volume 1,Total 6 volume 1
0,1.314985697153493e+17,3.6236303283115054e+18,2.4495440733375292e+16,3.3758739075879256e+16,1740992099673132.8,4676393659780023.0,1.1150474093401109e+17,3.315955452093356e+18
