t(s),Total solute volume 1,Total retention volume 1,Total 1 volume 1,Total 2 volume 1,Total 3 volume 1,Total 4 volume 1,Total 5 volume 1,Total 6 volume 1
0,1.4509118010472559e+19,6.766493809581004e+21,8.782046250079989e+20,5.232424008980733e+21,2.745106109820246e+20,9.16285457764251e+19,6.888661683814492e+19,2.063302839852343e+20
