t(s),Total solute volume 1,Total retention volume 1,Total 1 volume 1,Total 2 volume 1,Total 3 volume 1,Total 4 volume 1,Total 5 volume 1,Total 6 volume 1
0,6.9702016393038264e+16,8.602679006177131e+16,5944515532356725.0,6630186019767457.0,5795067105333.519,11207397119226.93,164138165992472.56,3568931486389923.0
