t(s),Total solute volume 1,Total retention volume 1,Total 1 volume 1,Total 2 volume 1,Total 3 volume 1,Total 4 volume 1,Total 5 volume 1,Total 6 volume 1
0,1.1886142573461043e+18,2.3726969505761135e+21,3.3262845753212687e+18,9.547595689902217e+18,7.172280824196007e+18,5.636604072404636e+19,5.4993225693188935e+20,1.7451638775734023e+21
