t(s),Total solute volume 1,Total retention volume 1,Total 1 volume 1,Total 2 volume 1,Total 3 volume 1,Total 4 volume 1,Total 5 volume 1,Total 6 volume 1
0,1.433399386980134e+18,1.4914177357694602e+20,5.050972524890161e+18,1.5430230570377775e+19,6.570164018119388e+17,5.247494789619805e+18,2.9616291971671335e+19,9.170636793159729e+19
