t(s),Total solute volume 1,Total retention volume 1,Total 1 volume 1,Total 2 volume 1,Total 3 volume 1,Total 4 volume 1,Total 5 volume 1,Total 6 volume 1
0,2.1550923634800276e+18,1.2324155512441441e+23,1.2543579337050872e+19,4.387601538914759e+19,1.1772533222654956e+21,1.8711339979183984e+22,4.04921201174587e+22,6.28022670184157e+22
