t(s),Total solute volume 1,Total retention volume 1,Total 1 volume 1,Total 2 volume 1,Total 3 volume 1,Total 4 volume 1,Total 5 volume 1,Total 6 volume 1
0,9.954516368711946e+17,1.701885162130363e+22,2.2394775286774456e+18,6.059472535941418e+18,2.965274068882177e+19,2.4895549962283388e+20,4.064977256252396e+21,1.2665971723038204e+22
