t(s),Total solute volume 1,Total retention volume 1,Total 1 volume 1,Total 2 volume 1,Total 3 volume 1,Total 4 volume 1,Total 5 volume 1,Total 6 volume 1
0,2.073332087427378e+19,3.5562865029011475e+23,1.9346913512456716e+21,1.1315073985465211e+22,9.473792614300473e+22,8.735350655829921e+22,7.728642730446778e+22,8.298029162675395e+22
