t(s),Total solute volume 1,Total retention volume 1,Total 1 volume 1,Total 2 volume 1,Total 3 volume 1,Total 4 volume 1,Total 5 volume 1,Total 6 volume 1
0,1.1999214403838304e+20,1.8216669649658294e+23,6.152497233576406e+22,4.870349495676086e+22,3.1926102803515603e+22,1.0816178585361982e+22,8.267392134665236e+21,2.0808563536477592e+22
