t(s),Total solute volume 1,Total retention volume 1,Total 1 volume 1,Total 2 volume 1,Total 3 volume 1,Total 4 volume 1,Total 5 volume 1,Total 6 volume 1
0,1.213101554250879e+17,6.992282181513837e+18,2.046233060134811e+16,2.7452473202875316e+16,3967902567587422.0,1.0286301343168976e+16,2.3068798538763862e+17,6.578115032986007e+18
