t(s),Total solute volume 1,Total retention volume 1,Total 1 volume 1,Total 2 volume 1,Total 3 volume 1,Total 4 volume 1,Total 5 volume 1,Total 6 volume 1
0,1.4509118010472559e+19,3.400128338595061e+23,8.782046250079989e+20,5.232424008980733e+21,8.277435202521834e+22,8.869991064760527e+22,7.884271733754548e+22,8.357071609714094e+22
