t(s),Total solute volume 1,Total retention volume 1,Total 1 volume 1,Total 2 volume 1,Total 3 volume 1,Total 4 volume 1,Total 5 volume 1,Total 6 volume 1
0,6.197674773403082e+16,1.2950947278614858e+19,4574148913662800.0,4905847431427061.0,2.099701090905491e+16,5.800717758979521e+16,8.051508909951931e+17,1.1995335455041761e+19
