t(s),Total solute volume 1,Total retention volume 1,Total 1 volume 1,Total 2 volume 1,Total 3 volume 1,Total 4 volume 1,Total 5 volume 1,Total 6 volume 1
0,1.314985697153493e+17,5.507072369427313e+17,2.4495440733375292e+16,3.3758739075879256e+16,183204826402209.2,490742682055726.3,1.1699104587275806e+16,3.48581435322404e+17
