t(s),Total solute volume 1,Total retention volume 1,Total 1 volume 1,Total 2 volume 1,Total 3 volume 1,Total 4 volume 1,Total 5 volume 1,Total 6 volume 1
0,1.4509118010472559e+19,1.4013830455834685e+22,8.782046250079989e+20,5.232424008980733e+21,3.3434905870979716e+21,1.1453547894036097e+21,8.62663122793587e+20,2.5371842045402394e+21
