t(s),Total solute volume 1,Total retention volume 1,Total 1 volume 1,Total 2 volume 1,Total 3 volume 1,Total 4 volume 1,Total 5 volume 1,Total 6 volume 1
0,5.859579698822926e+16,7.02869134788998e+16,4036115571689510.5,4248607036429529.5,7147048631854.84,12645863339031.203,162065056424727.97,3224535914154864.5
