t(s),Total solute volume 1,Total retention volume 1,Total 1 volume 1,Total 2 volume 1,Total 3 volume 1,Total 4 volume 1,Total 5 volume 1,Total 6 volume 1
0,3.41080351854199e+18,1.4767011464904517e+23,3.4926673833597546e+19,1.42115214248461e+20,4.4207932278448304e+21,3.789243543710258e+22,4.163441789735617e+22,6.354201539514016e+22
