t(s),Total solute volume 1,Total retention volume 1,Total 1 volume 1,Total 2 volume 1,Total 3 volume 1,Total 4 volume 1,Total 5 volume 1,Total 6 volume 1
0,4.071819960099205e+17,4.755302102551553e+20,3.048573828454969e+17,6.123728968341585e+17,1.0894169083969002e+17,5.235178645180346e+17,2.612639132613278e+19,4.474469470979748e+20
