t(s),Total solute volume 1,Total retention volume 1,Total 1 volume 1,Total 2 volume 1,Total 3 volume 1,Total 4 volume 1,Total 5 volume 1,Total 6 volume 1
0,6.160605045081409e+17,2.7939695940706794e+21,7.67830629749285e+17,1.7706017440084913e+18,1.4876778646934e+18,8.977693450083731e+18,3.883665461777867e+20,2.3919831836998395e+21
