t(s),Total solute volume 1,Total retention volume 1,Total 1 volume 1,Total 2 volume 1,Total 3 volume 1,Total 4 volume 1,Total 5 volume 1,Total 6 volume 1
0,7.898873006952949e+16,7.14470453030509e+19,7857626411464600.0,9137075296732168.0,6.8055386140905944e+16,3.0535998927035494e+17,5.36242023200258e+18,6.561522626385987e+19
