t(s),Total solute volume 1,Total retention volume 1,Total 1 volume 1,Total 2 volume 1,Total 3 volume 1,Total 4 volume 1,Total 5 volume 1,Total 6 volume 1
0,5.74157916659942e+18,7.255717077276937e+20,1.1155733650881687e+20,5.3600706402624864e+20,1.1788871965133742e+19,1.4516165989636633e+19,1.1491658957178384e+19,3.4469031114075476e+19
