t(s),Total solute volume 1,Total retention volume 1,Total 1 volume 1,Total 2 volume 1,Total 3 volume 1,Total 4 volume 1,Total 5 volume 1,Total 6 volume 1
0,4.071819960099205e+17,1.8070333030546522e+22,3.048573828454969e+17,6.123728968341585e+17,3.750662731151102e+18,2.344586179540999e+19,1.195285605170708e+21,1.6846526488573504e+22
