t(s),Total solute volume 1,Total retention volume 1,Total 1 volume 1,Total 2 volume 1,Total 3 volume 1,Total 4 volume 1,Total 5 volume 1,Total 6 volume 1
0,4.071819960099205e+17,1.0544351388776405e+19,3.048573828454969e+17,6.123728968341585e+17,2124020602408060.0,1.013818327221685e+16,5.057116575965364e+17,8.701965251615673e+18
