t(s),Total solute volume 1,Total retention volume 1,Total 1 volume 1,Total 2 volume 1,Total 3 volume 1,Total 4 volume 1,Total 5 volume 1,Total 6 volume 1
0,3.184149623986931e+17,3.028728750671442e+22,1.761415583916261e+17,3.2597540298476077e+17,4.282550558663574e+18,4.077488401084811e+19,2.0061832028356818e+21,2.823522633738512e+22
