t(s),Total solute volume 1,Total retention volume 1,Total 1 volume 1,Total 2 volume 1,Total 3 volume 1,Total 4 volume 1,Total 5 volume 1,Total 6 volume 1
0,1.7065136209902323e+17,3.2068032511766257e+21,4.381099764971746e+16,6.585874551544885e+16,7.73455232433329e+17,6.461896072103905e+18,2.1349962800141366e+20,2.9857879507654536e+21
