t(s),Total solute volume 1,Total retention volume 1,Total 1 volume 1,Total 2 volume 1,Total 3 volume 1,Total 4 volume 1,Total 5 volume 1,Total 6 volume 1
0,5.859579698822926e+16,7.481575181219365e+16,4036115571689510.5,4248607036429529.5,16647897078393.08,29461862311082.7,377577928881959.4,7511544527574594.0
