t(s),Total solute volume 1,Total retention volume 1,Total 1 volume 1,Total 2 volume 1,Total 3 volume 1,Total 4 volume 1,Total 5 volume 1,Total 6 volume 1
0,4.999990884535286e+16,1.1168539086732474e+17,2833151015773908.0,2828700406760327.0,155088564137769.0,254141390540050.8,2883807594616856.5,5.2730593050142264e+16
