t(s),Total solute volume 1,Total retention volume 1,Total 1 volume 1,Total 2 volume 1,Total 3 volume 1,Total 4 volume 1,Total 5 volume 1,Total 6 volume 1
0,6.197674773403082e+16,7.957249088425346e+16,4574148913662800.0,4905847431427061.0,15425238910776.695,28092880626256.816,375903601200815.6,7696325084395097.0
