t(s),Total solute volume 1,Total retention volume 1,Total 1 volume 1,Total 2 volume 1,Total 3 volume 1,Total 4 volume 1,Total 5 volume 1,Total 6 volume 1
0,5.74157916659942e+18,1.9218317974742986e+22,1.1155733650881687e+20,5.3600706402624864e+20,2.8705550462098116e+21,3.895772014508731e+21,3.106165344160637e+21,8.692519590162395e+21
