t(s),Total solute volume 1,Total retention volume 1,Total 1 volume 1,Total 2 volume 1,Total 3 volume 1,Total 4 volume 1,Total 5 volume 1,Total 6 volume 1
0,5.549106202873219e+16,1.5791497430704007e+19,3574543289432606.5,3695067633789086.0,2.6634412100816548e+16,1.1430246176680866e+17,1.567841403220263e+18,1.4019958480663951e+19
