t(s),Total solute volume 1,Total retention volume 1,Total 1 volume 1,Total 2 volume 1,Total 3 volume 1,Total 4 volume 1,Total 5 volume 1,Total 6 volume 1
0,7.654339330001997e+18,1.513962995835812e+23,2.1174029546635182e+20,1.1075853577564208e+21,2.7661472761173246e+22,3.762281542472758e+22,3.085279609632669e+22,5.393223530879837e+22
