t(s),Total solute volume 1,Total retention volume 1,Total 1 volume 1,Total 2 volume 1,Total 3 volume 1,Total 4 volume 1,Total 5 volume 1,Total 6 volume 1
0,9.026506572834251e+16,5.628530106395564e+18,1.0582167792312242e+16,1.2864965809597988e+16,5341025724263736.0,1.2140207348131662e+16,2.1732868210750352e+17,5.280007991885326e+18
