t(s),Total solute volume 1,Total retention volume 1,Total 1 volume 1,Total 2 volume 1,Total 3 volume 1,Total 4 volume 1,Total 5 volume 1,Total 6 volume 1
0,2.69227699570376e+18,2.1221556423914628e+23,2.0606897695457464e+19,7.758321800726443e+19,2.774414580048444e+21,4.945111317160791e+22,7.696636574012908e+22,8.292278835466401e+22
