t(s),Total solute volume 1,Total retention volume 1,Total 1 volume 1,Total 2 volume 1,Total 3 volume 1,Total 4 volume 1,Total 5 volume 1,Total 6 volume 1
0,1.5593745071291005e+17,2.0249981158288253e+21,3.5828426689998184e+16,5.226428756416006e+16,5.729263809952074e+17,4.3189542455248635e+18,1.3171967572271466e+20,1.8881425293146294e+21
