t(s),Total solute volume 1,Total retention volume 1,Total 1 volume 1,Total 2 volume 1,Total 3 volume 1,Total 4 volume 1,Total 5 volume 1,Total 6 volume 1
0,4.071819960099205e+17,1.7526851767437652e+19,3.048573828454969e+17,6.123728968341585e+17,3732441346982562.5,1.7817159455627594e+16,8.887597148374004e+17,1.5292130176108057e+19
