t(s),Total solute volume 1,Total retention volume 1,Total 1 volume 1,Total 2 volume 1,Total 3 volume 1,Total 4 volume 1,Total 5 volume 1,Total 6 volume 1
0,3.184149623986931e+17,1.045169864175428e+20,1.761415583916261e+17,3.2597540298476077e+17,1.9110728792761412e+16,8.068306825225306e+16,3.622029470629359e+18,9.99746312260934e+19
