t(s),Total solute volume 1,Total retention volume 1,Total 1 volume 1,Total 2 volume 1,Total 3 volume 1,Total 4 volume 1,Total 5 volume 1,Total 6 volume 1
0,9.954516368711946e+17,4.164006452860366e+22,2.2394775286774456e+18,6.059472535941418e+18,6.518571992633431e+19,6.720854291085532e+20,1.11810801520277e+22,2.9712418825839783e+22
