t(s),Total solute volume 1,Total retention volume 1,Total 1 volume 1,Total 2 volume 1,Total 3 volume 1,Total 4 volume 1,Total 5 volume 1,Total 6 volume 1
0,2.286764682938004e+17,4.243389161881742e+20,8.41666310503365e+16,1.3948910952252272e+17,9.124611189420773e+16,3.350044830591598e+17,1.2116928275126299e+19,4.113434051092284e+20
