t(s),Total solute volume 1,Total retention volume 1,Total 1 volume 1,Total 2 volume 1,Total 3 volume 1,Total 4 volume 1,Total 5 volume 1,Total 6 volume 1
0,1.4297083041559683e+17,5.595736585187597e+18,2.9520321540870584e+16,4.183413466422628e+16,2364827830045205.0,6631625172972440.0,1.6855255801114826e+17,5.2038622875527e+18
