t(s),Total solute volume 1,Total retention volume 1,Total 1 volume 1,Total 2 volume 1,Total 3 volume 1,Total 4 volume 1,Total 5 volume 1,Total 6 volume 1
0,4.071819960099205e+17,6.570747584213956e+18,3.048573828454969e+17,6.123728968341585e+17,1208640130546552.2,5768638823495255.0,2.877494024500247e+17,4.951608627120351e+18
