t(s),Total solute volume 1,Total retention volume 1,Total 1 volume 1,Total 2 volume 1,Total 3 volume 1,Total 4 volume 1,Total 5 volume 1,Total 6 volume 1
0,6.197674773403082e+16,7.607501379268e+16,4574148913662800.0,4905847431427061.0,8778123967805.789,15985241498926.715,213892792743224.6,4379613555348657.0
