t(s),Total solute volume 1,Total retention volume 1,Total 1 volume 1,Total 2 volume 1,Total 3 volume 1,Total 4 volume 1,Total 5 volume 1,Total 6 volume 1
0,5.74157916659942e+18,1.0641473647982795e+23,1.1155733650881687e+20,5.3600706402624864e+20,1.2746598902366514e+22,2.6735512844708744e+22,2.2254901655871657e+22,4.4024417097180795e+22
