t(s),Total solute volume 1,Total retention volume 1,Total 1 volume 1,Total 2 volume 1,Total 3 volume 1,Total 4 volume 1,Total 5 volume 1,Total 6 volume 1
0,1.0410857772626118e+17,7.016601173564475e+18,1.4548167332142294e+16,1.8548032395571572e+16,5206019574399653.0,1.2597962109629872e+16,2.5144652116997197e+17,6.610145893256598e+18
