t(s),Total solute volume 1,Total retention volume 1,Total 1 volume 1,Total 2 volume 1,Total 3 volume 1,Total 4 volume 1,Total 5 volume 1,Total 6 volume 1
0,7.301727964015883e+19,7.334462211275817e+22,2.7111952799558177e+22,4.446286275392808e+22,8.185906788383029e+20,2.199576339790008e+20,1.650326258643448e+20,4.932083409513084e+20
