t(s),Total solute volume 1,Total retention volume 1,Total 1 volume 1,Total 2 volume 1,Total 3 volume 1,Total 4 volume 1,Total 5 volume 1,Total 6 volume 1
0,3.5908603530687936e+17,2.364491597407631e+22,2.3031334757874176e+17,4.4365248646884774e+17,3.977464359848124e+18,2.797376024411617e+19,1.3902889887205464e+21,2.222164270888253e+22
