t(s),Total solute volume 1,Total retention volume 1,Total 1 volume 1,Total 2 volume 1,Total 3 volume 1,Total 4 volume 1,Total 5 volume 1,Total 6 volume 1
0,4.071819960099205e+17,2.2037472769765146e+22,3.048573828454969e+17,6.123728968341585e+17,4.474065239740011e+18,2.9745469041867846e+19,1.5254762978045762e+21,2.047645252540331e+22
