t(s),Total solute volume 1,Total retention volume 1,Total 1 volume 1,Total 2 volume 1,Total 3 volume 1,Total 4 volume 1,Total 5 volume 1,Total 6 volume 1
0,3.049370426842634e+19,3.80970198392872e+23,4.502339012740615e+21,2.2082334505202914e+22,1.0105431403343752e+23,8.970440702230509e+22,7.970498592332121e+22,8.389132419159585e+22
