t(s),Total solute volume 1,Total retention volume 1,Total 1 volume 1,Total 2 volume 1,Total 3 volume 1,Total 4 volume 1,Total 5 volume 1,Total 6 volume 1
0,4.756651887055506e+16,7.534135570302894e+18,2534742031225772.5,2489019978208219.0,1.664841168512957e+16,6.453408928254683e+16,7.828447489108556e+17,6.617518039544406e+18
