t(s),Total solute volume 1,Total retention volume 1,Total 1 volume 1,Total 2 volume 1,Total 3 volume 1,Total 4 volume 1,Total 5 volume 1,Total 6 volume 1
0,1.213101554250879e+17,6.670997647023753e+20,2.046233060134811e+16,2.7452473202875316e+16,2.8362945407382688e+17,2.0000574098193546e+18,5.102115176022245e+19,6.136257011190221e+20
