t(s),Total solute volume 1,Total retention volume 1,Total 1 volume 1,Total 2 volume 1,Total 3 volume 1,Total 4 volume 1,Total 5 volume 1,Total 6 volume 1
0,5.74157916659942e+18,1.1622563824116437e+22,1.1155733650881687e+20,5.3600706402624864e+20,1.7338079974957203e+21,2.2611744105833782e+21,1.7974496391195785e+21,5.176825797216242e+21
