t(s),Total solute volume 1,Total retention volume 1,Total 1 volume 1,Total 2 volume 1,Total 3 volume 1,Total 4 volume 1,Total 5 volume 1,Total 6 volume 1
0,1.7065136209902323e+17,5.474198674352193e+17,4.381099764971746e+16,6.585874551544885e+16,87738945875407.61,268548848546913.8,7804729383405260.0,2.589377449931975e+17
