t(s),Total solute volume 1,Total retention volume 1,Total 1 volume 1,Total 2 volume 1,Total 3 volume 1,Total 4 volume 1,Total 5 volume 1,Total 6 volume 1
0,2.0660865705208714e+17,5.780873672560565e+20,6.711558540817307e+16,1.0753082620506754e+17,1.3917120462372138e+17,5.0237852073408864e+17,1.6921173413505137e+19,5.601433890485282e+20
