t(s),Total solute volume 1,Total retention volume 1,Total 1 volume 1,Total 2 volume 1,Total 3 volume 1,Total 4 volume 1,Total 5 volume 1,Total 6 volume 1
0,1.7473117771507889e+18,1.4775967548805549e+21,7.856350728538216e+18,2.56333736483743e+19,1.2721056076564656e+19,1.0117942291531024e+20,3.30516762363833e+20,9.979424773707833e+20
