t(s),Total solute volume 1,Total retention volume 1,Total 1 volume 1,Total 2 volume 1,Total 3 volume 1,Total 4 volume 1,Total 5 volume 1,Total 6 volume 1
0,4.388031255538536e+18,3.050053152934265e+22,6.12580002685351e+19,2.704458392884035e+20,2.5027552944850946e+21,6.647204199308209e+21,5.762581767124277e+21,1.525189839761237e+22
