t(s),Total solute volume 1,Total retention volume 1,Total 1 volume 1,Total 2 volume 1,Total 3 volume 1,Total 4 volume 1,Total 5 volume 1,Total 6 volume 1
0,1.314985697153493e+17,1.0303791368541271e+18,2.4495440733375292e+16,3.375873907587925e+16,426592981019399.3,1143187538396580.0,2.725393930049221e+16,8.118026675096045e+17
