t(s),Total solute volume 1,Total retention volume 1,Total 1 volume 1,Total 2 volume 1,Total 3 volume 1,Total 4 volume 1,Total 5 volume 1,Total 6 volume 1
0,2.5417881604872016e+17,1.9909468149694218e+18,1.0655456735803997e+17,1.8292710984074672e+17,284985198378748.94,1069729707064203.8,4.158998338526825e+16,1.404341623431219e+18
