t(s),Total solute volume 1,Total retention volume 1,Total 1 volume 1,Total 2 volume 1,Total 3 volume 1,Total 4 volume 1,Total 5 volume 1,Total 6 volume 1
0,1.1999214403838304e+20,4.278232732263673e+23,6.152497233576406e+22,4.870349495676086e+22,9.827401606806947e+22,7.579696735599852e+22,6.546211083371986e+22,7.794171953202186e+22
