t(s),Total solute volume 1,Total retention volume 1,Total 1 volume 1,Total 2 volume 1,Total 3 volume 1,Total 4 volume 1,Total 5 volume 1,Total 6 volume 1
0,3.184149623986931e+17,1.171457576594158e+19,1.761415583916261e+17,3.2597540298476077e+17,2009491272831730.8,8464918678274295.0,3.7994861420015686e+17,1.0503620818015246e+19
