t(s),Total solute volume 1,Total retention volume 1,Total 1 volume 1,Total 2 volume 1,Total 3 volume 1,Total 4 volume 1,Total 5 volume 1,Total 6 volume 1
0,4.756651887055506e+16,1.0918305343968994e+17,2534742031225772.5,2489019978208219.0,170920414427710.22,273370176697556.3,2985493533978834.0,5.316298843459629e+16
