t(s),Total solute volume 1,Total retention volume 1,Total 1 volume 1,Total 2 volume 1,Total 3 volume 1,Total 4 volume 1,Total 5 volume 1,Total 6 volume 1
0,1.0410857772626118e+17,5.351162281063611e+18,1.4548167332142294e+16,1.8548032395571572e+16,3952670253989789.0,9522233790224532.0,1.8999682910792083e+17,5.010485770457572e+18
