t(s),Total solute volume 1,Total retention volume 1,Total 1 volume 1,Total 2 volume 1,Total 3 volume 1,Total 4 volume 1,Total 5 volume 1,Total 6 volume 1
0,1.0410857772626118e+17,5.5505833983721434e+17,1.4548167332142294e+16,1.8548032395571572e+16,318393132474078.06,757211716621613.6,1.509497245980352e+16,4.0168298507433126e+17
