t(s),Total solute volume 1,Total retention volume 1,Total 1 volume 1,Total 2 volume 1,Total 3 volume 1,Total 4 volume 1,Total 5 volume 1,Total 6 volume 1
0,1.213101554250879e+17,3.908612979695061e+20,2.046233060134811e+16,2.7452473202875316e+16,1.8865070086298755e+17,8.397308154554903e+17,1.9831541351366414e+19,3.698321501425932e+20
