t(s),Total solute volume 1,Total retention volume 1,Total 1 volume 1,Total 2 volume 1,Total 3 volume 1,Total 4 volume 1,Total 5 volume 1,Total 6 volume 1
0,2.0660865705208714e+17,7.200314890955758e+18,6.711558540817307e+16,1.0753082620506754e+17,1685149253523777.8,5692827545513520.0,1.9083107398288598e+17,6.620850771508524e+18
