t(s),Total solute volume 1,Total retention volume 1,Total 1 volume 1,Total 2 volume 1,Total 3 volume 1,Total 4 volume 1,Total 5 volume 1,Total 6 volume 1
0,2.0660865705208714e+17,5.199912271370493e+21,6.711558540817307e+16,1.0753082620506754e+17,1.0343827818845267e+18,6.743591920079972e+18,2.4170821927436773e+20,4.950044822325637e+21
