t(s),Total solute volume 1,Total retention volume 1,Total 1 volume 1,Total 2 volume 1,Total 3 volume 1,Total 4 volume 1,Total 5 volume 1,Total 6 volume 1
0,1.5593745071291005e+17,1.0274766286451796e+21,3.5828426689998184e+16,5.226428756416006e+16,3.346222962602788e+17,1.5223229685327342e+18,4.298984268623696e+19,9.823858105291815e+20
