t(s),Total solute volume 1,Total retention volume 1,Total 1 volume 1,Total 2 volume 1,Total 3 volume 1,Total 4 volume 1,Total 5 volume 1,Total 6 volume 1
0,5.263409243820472e+16,1.9634613219648594e+18,3176956375550942.0,3226718800086626.5,4586721153521487.0,8733108506920947.0,1.0404703181864022e+17,1.7870566928719165e+18
