t(s),Total solute volume 1,Total retention volume 1,Total 1 volume 1,Total 2 volume 1,Total 3 volume 1,Total 4 volume 1,Total 5 volume 1,Total 6 volume 1
0,1.1886142573461043e+18,6.682461742291817e+22,3.3262845753212687e+18,9.547595689902217e+18,1.5389919895962164e+20,2.0214771587957855e+21,2.071042988872952e+22,4.392474868190976e+22
