t(s),Total solute volume 1,Total retention volume 1,Total 1 volume 1,Total 2 volume 1,Total 3 volume 1,Total 4 volume 1,Total 5 volume 1,Total 6 volume 1
0,9.682243045823266e+16,4.771376981467154e+18,1.2374155389646972e+16,1.5399323190154844e+16,3995896867734525.5,9307893133921680.0,1.7570303914944045e+17,4.457774243278035e+18
