t(s),Total solute volume 1,Total retention volume 1,Total 1 volume 1,Total 2 volume 1,Total 3 volume 1,Total 4 volume 1,Total 5 volume 1,Total 6 volume 1
0,1.874180731908145e+17,5.174952042047525e+21,5.399819431922016e+16,8.374842692958085e+16,1.0614218313418615e+18,1.0013589132154452e+19,3.6091227899502395e+20,4.802639587394601e+21
