t(s),Total solute volume 1,Total retention volume 1,Total 1 volume 1,Total 2 volume 1,Total 3 volume 1,Total 4 volume 1,Total 5 volume 1,Total 6 volume 1
0,5.859579698822926e+16,1.2729324685491692e+18,4036115571689510.5,4248607036429529.5,2481552880317051.5,4609348771181110.0,5.927718313537372e+16,1.139683864165966e+18
