t(s),Total solute volume 1,Total retention volume 1,Total 1 volume 1,Total 2 volume 1,Total 3 volume 1,Total 4 volume 1,Total 5 volume 1,Total 6 volume 1
0,2.69227699570376e+18,1.913252849236152e+23,2.0606897695457464e+19,7.758321800726443e+19,2.662162787824058e+21,4.360877013141298e+22,6.647083466594559e+22,7.848263494573645e+22
