t(s),Total solute volume 1,Total retention volume 1,Total 1 volume 1,Total 2 volume 1,Total 3 volume 1,Total 4 volume 1,Total 5 volume 1,Total 6 volume 1
0,8.434622358698939e+16,3.6346988800311583e+19,9096397638945638.0,1.0811486824468592e+16,3.616247740534971e+16,1.0102440481310915e+17,1.7509241451621793e+18,3.4354623664880476e+19
