t(s),Total solute volume 1,Total retention volume 1,Total 1 volume 1,Total 2 volume 1,Total 3 volume 1,Total 4 volume 1,Total 5 volume 1,Total 6 volume 1
0,6.160605045081409e+17,2.6924774190767596e+19,7.67830629749285e+17,1.7706017440084913e+18,1.2836828179936416e+16,7.534030662850629e+16,3.2527481316784215e+18,2.042935604601496e+19
