t(s),Total solute volume 1,Total retention volume 1,Total 1 volume 1,Total 2 volume 1,Total 3 volume 1,Total 4 volume 1,Total 5 volume 1,Total 6 volume 1
0,4.388031255538536e+18,2.249838492889103e+23,6.12580002685351e+19,2.7044583928840307e+20,1.0376992883578115e+22,6.810048774670929e+22,6.734514028126697e+22,7.882513650654526e+22
