t(s),Total solute volume 1,Total retention volume 1,Total 1 volume 1,Total 2 volume 1,Total 3 volume 1,Total 4 volume 1,Total 5 volume 1,Total 6 volume 1
0,1.433399386980134e+18,1.695783464854888e+23,5.050972524890161e+18,1.5430230570377777e+19,4.429766401569544e+20,1.1254603249963953e+22,7.4901232182368445e+22,8.295761981051777e+22
