t(s),Total solute volume 1,Total retention volume 1,Total 1 volume 1,Total 2 volume 1,Total 3 volume 1,Total 4 volume 1,Total 5 volume 1,Total 6 volume 1
0,9.954516368711946e+17,6.693812606414148e+20,2.2394775286774456e+18,6.059472535941418e+18,1.23815993699933e+18,9.051144875834542e+18,1.4625173849018953e+20,5.035458156369082e+20
