t(s),Total solute volume 1,Total retention volume 1,Total 1 volume 1,Total 2 volume 1,Total 3 volume 1,Total 4 volume 1,Total 5 volume 1,Total 6 volume 1
0,6.160605045081409e+17,1.7206606301069557e+22,7.67830629749285e+17,1.7706017440084913e+18,8.579624021591898e+18,5.990459924911771e+19,2.620927987877594e+21,1.4514039597042724e+22
