t(s),Total solute volume 1,Total retention volume 1,Total 1 volume 1,Total 2 volume 1,Total 3 volume 1,Total 4 volume 1,Total 5 volume 1,Total 6 volume 1
0,2.286764682938004e+17,3.1446628015856775e+21,8.41666310503365e+16,1.3948910952252272e+17,6.266131355878977e+17,2.843955002630039e+18,1.0464443856532601e+20,3.0360954626732757e+21
