t(s),Total solute volume 1,Total retention volume 1,Total 1 volume 1,Total 2 volume 1,Total 3 volume 1,Total 4 volume 1,Total 5 volume 1,Total 6 volume 1
0,2.838052749429945e+17,2.3776873345749084e+22,1.3626480534992328e+17,2.426887464870655e+17,3.294528936432663e+18,3.2897771707410952e+19,1.5389923559212345e+21,2.2201025930357207e+22
