t(s),Total solute volume 1,Total retention volume 1,Total 1 volume 1,Total 2 volume 1,Total 3 volume 1,Total 4 volume 1,Total 5 volume 1,Total 6 volume 1
0,1.1886142573461043e+18,2.035841328034377e+20,3.3262845753212687e+18,9.547595689902217e+18,5.819613814308118e+17,4.492506368182797e+18,4.377577144324044e+19,1.4067139908801036e+20
