t(s),Total solute volume 1,Total retention volume 1,Total 1 volume 1,Total 2 volume 1,Total 3 volume 1,Total 4 volume 1,Total 5 volume 1,Total 6 volume 1
0,2.838052749429945e+17,3.128956924192626e+21,1.3626480534992328e+17,2.426887464870655e+17,5.5590682814802157e+17,2.4572712495583396e+18,1.036530397031593e+20,3.021627947584978e+21
