t(s),Total solute volume 1,Total retention volume 1,Total 1 volume 1,Total 2 volume 1,Total 3 volume 1,Total 4 volume 1,Total 5 volume 1,Total 6 volume 1
0,2.0660865705208714e+17,1.0964999017227484e+18,6.711558540817307e+16,1.0753082620506754e+17,176802427824375.38,596859836696995.5,2.0006547528787828e+16,6.944646232641056e+17
