t(s),Total solute volume 1,Total retention volume 1,Total 1 volume 1,Total 2 volume 1,Total 3 volume 1,Total 4 volume 1,Total 5 volume 1,Total 6 volume 1
0,4.756651887055506e+16,5.279282010914706e+16,2534742031225772.5,2489019978208219.0,613223798607.5123,974871831236.915,10642140481397.174,190308993046767.84
