t(s),Total solute volume 1,Total retention volume 1,Total 1 volume 1,Total 2 volume 1,Total 3 volume 1,Total 4 volume 1,Total 5 volume 1,Total 6 volume 1
0,4.071819960099205e+17,3.269895989157179e+21,3.048573828454969e+17,6.123728968341585e+17,7.385856452809878e+17,3.697089242737931e+18,1.8504520916512712e+20,3.0790906928283444e+21
