t(s),Total solute volume 1,Total retention volume 1,Total 1 volume 1,Total 2 volume 1,Total 3 volume 1,Total 4 volume 1,Total 5 volume 1,Total 6 volume 1
0,2.1550923634800276e+18,1.646037469723729e+23,1.2543579337050872e+19,4.387601538914759e+19,1.3617867134734828e+21,2.6857040923062056e+22,6.06077826387984e+22,7.571856200995065e+22
