t(s),Total solute volume 1,Total retention volume 1,Total 1 volume 1,Total 2 volume 1,Total 3 volume 1,Total 4 volume 1,Total 5 volume 1,Total 6 volume 1
0,7.171273444608589e+17,3.286526591311272e+19,1.0775438795249249e+18,2.613815739480852e+18,2.2393301432951228e+16,1.413390099533661e+17,4.896520665630551e+18,2.339652597262917e+19
