t(s),Total solute volume 1,Total retention volume 1,Total 1 volume 1,Total 2 volume 1,Total 3 volume 1,Total 4 volume 1,Total 5 volume 1,Total 6 volume 1
0,1.1999214403838304e+20,1.145691415554368e+23,6.152497233576406e+22,4.870349495676086e+22,2.0322772148171928e+21,5.4964309867558856e+20,4.1262668740175797e+20,1.226135117979746e+21
