t(s),Total solute volume 1,Total retention volume 1,Total 1 volume 1,Total 2 volume 1,Total 3 volume 1,Total 4 volume 1,Total 5 volume 1,Total 6 volume 1
0,3.5908603530687936e+17,1.6592630466186521e+22,2.3031334757874176e+17,4.4365248646884774e+17,2.9253748087123564e+18,1.7875442235124228e+19,8.75333540463295e+20,1.5695463056809975e+22
