t(s),Total solute volume 1,Total retention volume 1,Total 1 volume 1,Total 2 volume 1,Total 3 volume 1,Total 4 volume 1,Total 5 volume 1,Total 6 volume 1
0,1.213101554250879e+17,6.128076314689024e+20,2.046233060134811e+16,2.7452473202875316e+16,2.6718578731318464e+17,1.7110436512723658e+18,4.279393442309028e+19,5.6786624264798516e+20
