t(s),Total solute volume 1,Total retention volume 1,Total 1 volume 1,Total 2 volume 1,Total 3 volume 1,Total 4 volume 1,Total 5 volume 1,Total 6 volume 1
0,9.954516368711946e+17,3.913387207881273e+19,2.2394775286774456e+18,6.059472535941418e+18,5.613189340151265e+16,4.081377703550599e+17,6.592371435050855e+18,2.278282927851532e+19
