t(s),Total solute volume 1,Total retention volume 1,Total 1 volume 1,Total 2 volume 1,Total 3 volume 1,Total 4 volume 1,Total 5 volume 1,Total 6 volume 1
0,5.263409243820472e+16,1.4194485936269443e+19,3176956375550944.0,3226718800086626.5,2.5016321192348804e+16,1.2234469035559186e+17,1.6664787412146025e+18,1.2321608415893037e+19
