t(s),Total solute volume 1,Total retention volume 1,Total 1 volume 1,Total 2 volume 1,Total 3 volume 1,Total 4 volume 1,Total 5 volume 1,Total 6 volume 1
0,4.756651887055506e+16,2.2513288355908717e+17,2534742031225772.5,2489019978208219.0,518466520840086.0,839638090179869.4,9177807075307272.0,1.6200669099277107e+17
