t(s),Total solute volume 1,Total retention volume 1,Total 1 volume 1,Total 2 volume 1,Total 3 volume 1,Total 4 volume 1,Total 5 volume 1,Total 6 volume 1
0,1.7473117771507889e+18,1.2756488906464633e+22,7.856350728538216e+18,2.56333736483743e+19,1.068326208897766e+20,9.260806290561921e+20,3.0444409188238067e+21,8.643897701540654e+21
