t(s),Total solute volume 1,Total retention volume 1,Total 1 volume 1,Total 2 volume 1,Total 3 volume 1,Total 4 volume 1,Total 5 volume 1,Total 6 volume 1
0,1.213101554250879e+17,1.877017110061562e+17,2.046233060134811e+16,2.7452473202875316e+16,10782897873022.256,27705437056053.555,620955113426017.6,1.7817308328486462e+16
