t(s),Total solute volume 1,Total retention volume 1,Total 1 volume 1,Total 2 volume 1,Total 3 volume 1,Total 4 volume 1,Total 5 volume 1,Total 6 volume 1
0,6.5666411056726936e+16,8.288108200432342e+16,5203971956357368.0,5689972671683596.0,10850078287445.266,20353165955115.18,284722777259562.2,6004800298054480.0
