t(s),Total solute volume 1,Total retention volume 1,Total 1 volume 1,Total 2 volume 1,Total 3 volume 1,Total 4 volume 1,Total 5 volume 1,Total 6 volume 1
0,4.071819960099205e+17,6.186183257690153e+22,3.048573828454969e+17,6.123728968341585e+17,1.0095956514582268e+19,1.32632043381828e+20,7.534953232884714e+21,5.418282693184399e+22
