t(s),Total solute volume 1,Total retention volume 1,Total 1 volume 1,Total 2 volume 1,Total 3 volume 1,Total 4 volume 1,Total 5 volume 1,Total 6 volume 1
0,1.122294944848212e+17,2.0853960368290125e+18,1.720192593325329e+16,2.2487444393871428e+16,1290372814925405.5,3197358069415068.0,6.7531262557412536e+16,1.861458178575348e+18
