t(s),Total solute volume 1,Total retention volume 1,Total 1 volume 1,Total 2 volume 1,Total 3 volume 1,Total 4 volume 1,Total 5 volume 1,Total 6 volume 1
0,2.073332087427378e+19,3.6179311543146615e+23,1.9346913512456716e+21,1.1315073985465211e+22,9.548164393956428e+22,8.957257959544863e+22,7.961157813744462e+22,8.385681510142221e+22
