t(s),Total solute volume 1,Total retention volume 1,Total 1 volume 1,Total 2 volume 1,Total 3 volume 1,Total 4 volume 1,Total 5 volume 1,Total 6 volume 1
0,6.160605045081409e+17,3.0299968472901465e+20,7.67830629749285e+17,1.7706017440084913e+18,1.6171701111129395e+17,9.517661896489364e+17,4.1099574456712045e+19,2.57632134193277e+20
