t(s),Total solute volume 1,Total retention volume 1,Total 1 volume 1,Total 2 volume 1,Total 3 volume 1,Total 4 volume 1,Total 5 volume 1,Total 6 volume 1
0,2.286764682938004e+17,1.0341500620481021e+22,8.41666310503365e+16,1.3948910952252272e+17,1.7057554893483953e+18,1.477716899290749e+19,5.925009209794703e+20,9.73206444281046e+21
