t(s),Total solute volume 1,Total retention volume 1,Total 1 volume 1,Total 2 volume 1,Total 3 volume 1,Total 4 volume 1,Total 5 volume 1,Total 6 volume 1
0,4.756651887055506e+16,3.515028562260988e+17,2534742031225772.5,2489019978208219.0,893243938420342.5,1466413921705004.5,1.6044505829414944e+16,2.8050841165657094e+17
