t(s),Total solute volume 1,Total retention volume 1,Total 1 volume 1,Total 2 volume 1,Total 3 volume 1,Total 4 volume 1,Total 5 volume 1,Total 6 volume 1
0,3.41080351854199e+18,1.875981630086556e+22,3.4926673833597546e+19,1.42115214248461e+20,8.672744154660059e+20,3.6871678773238537e+21,3.7267824463551613e+21,1.0298138870119764e+22
