t(s),Total solute volume 1,Total retention volume 1,Total 1 volume 1,Total 2 volume 1,Total 3 volume 1,Total 4 volume 1,Total 5 volume 1,Total 6 volume 1
0,1.314985697153493e+17,2.1829890705955542e+17,2.4495440733375292e+16,3.3758739075879252e+16,14490496188187.848,38803482114531.24,925039927366128.9,2.7567823629286604e+16
