t(s),Total solute volume 1,Total retention volume 1,Total 1 volume 1,Total 2 volume 1,Total 3 volume 1,Total 4 volume 1,Total 5 volume 1,Total 6 volume 1
0,4.071819960099205e+17,5.950399008800642e+22,3.048573828454969e+17,6.123728968341585e+17,9.840541538004673e+18,1.2378775674617707e+20,6.967952499738756e+21,5.240108487770824e+22
