t(s),Total solute volume 1,Total retention volume 1,Total 1 volume 1,Total 2 volume 1,Total 3 volume 1,Total 4 volume 1,Total 5 volume 1,Total 6 volume 1
0,6.160605045081409e+17,1.3530098273507825e+22,7.67830629749285e+17,1.7706017440084913e+18,6.860605887375751e+18,4.614590685199897e+19,2.012769139360922e+21,1.1461168128529306e+22
