t(s),Total solute volume 1,Total retention volume 1,Total 1 volume 1,Total 2 volume 1,Total 3 volume 1,Total 4 volume 1,Total 5 volume 1,Total 6 volume 1
0,5.263409243820472e+16,5.9654041600701624e+16,3176956375550943.0,3226718800086626.5,1561789271515.29,2615204911747.6772,30860575275889.3,581236417399886.4
