t(s),Total solute volume 1,Total retention volume 1,Total 1 volume 1,Total 2 volume 1,Total 3 volume 1,Total 4 volume 1,Total 5 volume 1,Total 6 volume 1
0,1.213101554250879e+17,1.1249923398628928e+18,2.046233060134811e+16,2.7452473202875316e+16,557508333488431.4,1434211970674906.5,3.214738315161443e+16,9.216282771778154e+17
