t(s),Total solute volume 1,Total retention volume 1,Total 1 volume 1,Total 2 volume 1,Total 3 volume 1,Total 4 volume 1,Total 5 volume 1,Total 6 volume 1
0,7.654339330001997e+18,6.561769907425008e+22,2.1174029546635172e+20,1.1075853577564208e+21,1.4509938073640836e+22,1.3559937684233332e+22,1.0634141214922722e+22,2.558670210889987e+22
