t(s),Total solute volume 1,Total retention volume 1,Total 1 volume 1,Total 2 volume 1,Total 3 volume 1,Total 4 volume 1,Total 5 volume 1,Total 6 volume 1
0,5.263409243820472e+16,6.0120840761133016e+16,3176956375550943.0,3226718800086626.5,2744737856162.018,4596186749707.287,54237155006446.51,1021495067678922.8
