t(s),Total solute volume 1,Total retention volume 1,Total 1 volume 1,Total 2 volume 1,Total 3 volume 1,Total 4 volume 1,Total 5 volume 1,Total 6 volume 1
0,4.6444135142887546e+17,8.50068542847521e+18,4.088535341100352e+17,8.580895293571512e+17,1957380107585316.8,9984068122692062.0,5.0448849009382534e+17,6.252871075255045e+18
