t(s),Total solute volume 1,Total retention volume 1,Total 1 volume 1,Total 2 volume 1,Total 3 volume 1,Total 4 volume 1,Total 5 volume 1,Total 6 volume 1
0,1.874180731908145e+17,1.8104853982447615e+21,5.399819431922016e+16,8.374842692958085e+16,4.5630457077972026e+17,2.045223324391466e+18,6.557919371125748e+19,1.742079511943897e+21
