t(s),Total solute volume 1,Total retention volume 1,Total 1 volume 1,Total 2 volume 1,Total 3 volume 1,Total 4 volume 1,Total 5 volume 1,Total 6 volume 1
0,1.0417779541760956e+19,3.003721073177301e+21,4.2060845695740917e+20,2.3786086414986547e+21,6.988099575183714e+19,3.0895735377699127e+19,2.333670972950634e+19,6.997275432040583e+19
