t(s),Total solute volume 1,Total retention volume 1,Total 1 volume 1,Total 2 volume 1,Total 3 volume 1,Total 4 volume 1,Total 5 volume 1,Total 6 volume 1
0,6.9702016393038264e+16,8.661783688575864e+17,5944515532356724.0,6630186019767457.0,1204645216309347.8,2362252571841683.5,3.4630065354309696e+16,7.457046877699745e+17
