t(s),Total solute volume 1,Total retention volume 1,Total 1 volume 1,Total 2 volume 1,Total 3 volume 1,Total 4 volume 1,Total 5 volume 1,Total 6 volume 1
0,1.874180731908145e+17,4.58946287584159e+20,5.399819431922016e+16,8.374842692958085e+16,1.2627872175581917e+17,4.4002944999504166e+17,1.3802496470169022e+19,4.442523182478033e+20
