t(s),Total solute volume 1,Total retention volume 1,Total 1 volume 1,Total 2 volume 1,Total 3 volume 1,Total 4 volume 1,Total 5 volume 1,Total 6 volume 1
0,7.898873006952949e+16,2.0820347355089048e+19,7857626411464600.0,9137075296732168.0,2.3721437541649092e+16,6.0264671274984776e+16,9.876400562853614e+17,1.9652737758209147e+19
