t(s),Total solute volume 1,Total retention volume 1,Total 1 volume 1,Total 2 volume 1,Total 3 volume 1,Total 4 volume 1,Total 5 volume 1,Total 6 volume 1
0,1.0417779541760956e+19,2.9413820951420144e+23,4.2060845695740917e+20,2.3786086414986547e+21,6.02390863253083e+22,8.029686035005902e+22,7.055286746120874e+22,8.02397604996267e+22
