t(s),Total solute volume 1,Total retention volume 1,Total 1 volume 1,Total 2 volume 1,Total 3 volume 1,Total 4 volume 1,Total 5 volume 1,Total 6 volume 1
0,6.5666411056726936e+16,2.6201899278861453e+17,5203971956357368.0,5689972671683596.0,317814556797610.56,598690362774860.8,8377609724082429.0,1.7616452246019674e+17
