t(s),Total solute volume 1,Total retention volume 1,Total 1 volume 1,Total 2 volume 1,Total 3 volume 1,Total 4 volume 1,Total 5 volume 1,Total 6 volume 1
0,3.5908603530687936e+17,2.744347487861496e+22,2.3031334757874176e+17,4.4365248646884774e+17,4.502679765013836e+18,3.4249088902510854e+19,1.7181151050241535e+21,2.568557495305416e+22
