t(s),Total solute volume 1,Total retention volume 1,Total 1 volume 1,Total 2 volume 1,Total 3 volume 1,Total 4 volume 1,Total 5 volume 1,Total 6 volume 1
0,3.049370426842634e+19,1.6446386317838114e+23,4.502339012740615e+21,2.2082334505202914e+22,5.509978514843429e+22,2.4239600694743636e+22,1.898176079787472e+22,3.952754931511689e+22
