t(s),Total solute volume 1,Total retention volume 1,Total 1 volume 1,Total 2 volume 1,Total 3 volume 1,Total 4 volume 1,Total 5 volume 1,Total 6 volume 1
0,1.7065136209902323e+17,2.940885920466972e+21,4.381099764971746e+16,6.585874551544885e+16,7.271327409069112e+17,5.504632252977042e+18,1.7825792052952675e+20,2.7561159138382756e+21
