t(s),Total solute volume 1,Total retention volume 1,Total 1 volume 1,Total 2 volume 1,Total 3 volume 1,Total 4 volume 1,Total 5 volume 1,Total 6 volume 1
0,7.654339330001997e+18,9.6097985120554e+22,2.1174029546635195e+20,1.1075853577564208e+21,1.9907622073877603e+22,2.134548736875808e+22,1.6979812079996257e+22,3.653808360536923e+22
