t(s),Total solute volume 1,Total retention volume 1,Total 1 volume 1,Total 2 volume 1,Total 3 volume 1,Total 4 volume 1,Total 5 volume 1,Total 6 volume 1
0,7.301727964015883e+19,2.618969743156592e+23,2.7111952799558177e+22,4.446286275392808e+22,7.170320564957344e+22,3.6709883334709203e+22,2.940682699553114e+22,5.242922550272137e+22
