t(s),Total solute volume 1,Total retention volume 1,Total 1 volume 1,Total 2 volume 1,Total 3 volume 1,Total 4 volume 1,Total 5 volume 1,Total 6 volume 1
0,1.0410857772626118e+17,1.8104663315650355e+17,1.4548167332142294e+16,1.8548032395571572e+16,33419636826669.246,79399853742995.17,1582720994590664.8,4.214631521736827e+16
