t(s),Total solute volume 1,Total retention volume 1,Total 1 volume 1,Total 2 volume 1,Total 3 volume 1,Total 4 volume 1,Total 5 volume 1,Total 6 volume 1
0,2.1550923634800276e+18,3.1393799454978086e+21,1.2543579337050872e+19,4.387601538914759e+19,4.7125168769295245e+19,3.422229070582185e+20,6.77835125354131e+20,2.0136220572265223e+21
