t(s),Total solute volume 1,Total retention volume 1,Total 1 volume 1,Total 2 volume 1,Total 3 volume 1,Total 4 volume 1,Total 5 volume 1,Total 6 volume 1
0,4.071819960099205e+17,6.285284193276984e+20,3.048573828454969e+17,6.123728968341585e+17,1.4395959254869838e+17,6.933377371864276e+17,3.460673474532172e+19,5.917599749769526e+20
