t(s),Total solute volume 1,Total retention volume 1,Total 1 volume 1,Total 2 volume 1,Total 3 volume 1,Total 4 volume 1,Total 5 volume 1,Total 6 volume 1
0,7.171273444608589e+17,5.734923717078601e+21,1.0775438795249249e+18,2.613815739480852e+18,4.392655325700421e+18,2.9245007718056894e+19,1.0170398673521067e+21,4.6798376997192404e+21
