t(s),Total solute volume 1,Total retention volume 1,Total 1 volume 1,Total 2 volume 1,Total 3 volume 1,Total 4 volume 1,Total 5 volume 1,Total 6 volume 1
0,5.859579698822926e+16,2.420482167364074e+17,4036115571689510.5,4248607036429529.5,366495345074483.25,652966326407256.0,8372233063399075.0,1.657760024051788e+17
