t(s),Total solute volume 1,Total retention volume 1,Total 1 volume 1,Total 2 volume 1,Total 3 volume 1,Total 4 volume 1,Total 5 volume 1,Total 6 volume 1
0,2.286764682938004e+17,1.8594239917552012e+20,8.41666310503365e+16,1.3948910952252272e+17,4.020844981204258e+16,1.4498203909540064e+17,5.237173174080611e+18,1.8006770330366552e+20
