t(s),Total solute volume 1,Total retention volume 1,Total 1 volume 1,Total 2 volume 1,Total 3 volume 1,Total 4 volume 1,Total 5 volume 1,Total 6 volume 1
0,2.1550923634800276e+18,1.9563162644047462e+23,1.2543579337050872e+19,4.387601538914759e+19,1.462884159679121e+21,3.3236140247301283e+22,7.76050455538826e+22,8.326898179252147e+22
