t(s),Total solute volume 1,Total retention volume 1,Total 1 volume 1,Total 2 volume 1,Total 3 volume 1,Total 4 volume 1,Total 5 volume 1,Total 6 volume 1
0,7.301727964015883e+19,7.55698528613946e+22,2.7111952799558177e+22,4.446286275392808e+22,1.8874760951461873e+21,5.108302876031813e+20,3.834660003789704e+20,1.1402476451412994e+21
