t(s),Total solute volume 1,Total retention volume 1,Total 1 volume 1,Total 2 volume 1,Total 3 volume 1,Total 4 volume 1,Total 5 volume 1,Total 6 volume 1
0,1.5593745071291005e+17,6.044396540474391e+19,3.5828426689998184e+16,5.226428756416006e+16,2.2681547805998348e+16,6.792952012720517e+16,1.8471694584651003e+18,5.826215471337956e+19
