t(s),Total solute volume 1,Total retention volume 1,Total 1 volume 1,Total 2 volume 1,Total 3 volume 1,Total 4 volume 1,Total 5 volume 1,Total 6 volume 1
0,1.0417779541760956e+19,3.0668706258126997e+21,4.2060845695740917e+20,2.3786086414986547e+21,9.26082159108772e+19,4.095421598487102e+19,3.093480209617397e+19,9.273851382292203e+19
