t(s),Total solute volume 1,Total retention volume 1,Total 1 volume 1,Total 2 volume 1,Total 3 volume 1,Total 4 volume 1,Total 5 volume 1,Total 6 volume 1
0,1.0417779541760956e+19,3.4081443185908415e+21,4.2060845695740917e+20,2.3786086414986547e+21,2.1534719483323544e+20,9.536322873769663e+19,7.2039549911065534e+19,2.1575946711097282e+20
