t(s),Total solute volume 1,Total retention volume 1,Total 1 volume 1,Total 2 volume 1,Total 3 volume 1,Total 4 volume 1,Total 5 volume 1,Total 6 volume 1
0,3.41080351854199e+18,2.5360743852445945e+20,3.4926673833597542e+19,1.42115214248461e+20,3.6621707942743337e+18,1.387055471470146e+19,1.3900013415445076e+19,4.1722007999437185e+19
