t(s),Total solute volume 1,Total retention volume 1,Total 1 volume 1,Total 2 volume 1,Total 3 volume 1,Total 4 volume 1,Total 5 volume 1,Total 6 volume 1
0,1.314985697153493e+17,5.497759572580876e+19,2.4495440733375292e+16,3.3758739075879252e+16,2.7280967185887028e+16,7.675211270222779e+16,1.8361688269719747e+18,5.2847641069424255e+19
