t(s),Total solute volume 1,Total retention volume 1,Total 1 volume 1,Total 2 volume 1,Total 3 volume 1,Total 4 volume 1,Total 5 volume 1,Total 6 volume 1
0,1.122294944848212e+17,8.406201439816847e+19,1.720192593325329e+16,2.2487444393871428e+16,5.274744616119665e+16,1.5297143632671622e+17,3.269829525539261e+18,8.04345471253292e+19
