t(s),Total solute volume 1,Total retention volume 1,Total 1 volume 1,Total 2 volume 1,Total 3 volume 1,Total 4 volume 1,Total 5 volume 1,Total 6 volume 1
0,1.7473117771507889e+18,7.250661471957918e+19,7.856350728538216e+18,2.56333736483743e+19,3.30736374058781e+17,2.602324510087745e+18,8.494432919711794e+18,2.5842084761656422e+19
