t(s),Total solute volume 1,Total retention volume 1,Total 1 volume 1,Total 2 volume 1,Total 3 volume 1,Total 4 volume 1,Total 5 volume 1,Total 6 volume 1
0,7.898873006952949e+16,2.131709725831975e+18,7857626411464600.0,9137075296732168.0,2503109685172447.0,5265901460542905.0,8.502556869039642e+16,1.942931714218081e+18
