t(s),Total solute volume 1,Total retention volume 1,Total 1 volume 1,Total 2 volume 1,Total 3 volume 1,Total 4 volume 1,Total 5 volume 1,Total 6 volume 1
0,8.434622358698939e+16,1.2884189579926338e+20,9096397638945638.0,1.0811486824468592e+16,1.0075824690025934e+17,6.308267583761837e+17,1.2363017122904433e+19,1.15643039563033e+20
