t(s),Total solute volume 1,Total retention volume 1,Total 1 volume 1,Total 2 volume 1,Total 3 volume 1,Total 4 volume 1,Total 5 volume 1,Total 6 volume 1
0,5.74157916659942e+18,2.689863484702569e+23,1.1155733650881687e+20,5.3600706402624864e+20,2.1276972702405577e+22,8.438857825107484e+22,7.902569729713813e+22,8.364179423994155e+22
