t(s),Total solute volume 1,Total retention volume 1,Total 1 volume 1,Total 2 volume 1,Total 3 volume 1,Total 4 volume 1,Total 5 volume 1,Total 6 volume 1
0,1.4297083041559683e+17,1.5631162859780964e+21,2.9520321540870584e+16,4.183413466422628e+16,4.886831138353063e+17,4.1987174780734126e+18,1.2468843305885809e+20,1.4335261270407156e+21
