t(s),Total solute volume 1,Total retention volume 1,Total 1 volume 1,Total 2 volume 1,Total 3 volume 1,Total 4 volume 1,Total 5 volume 1,Total 6 volume 1
0,8.434622358698939e+16,1.1026156567463835e+17,9096397638945638.0,1.0811486824468592e+16,6632532665905.788,14144450201985.36,239858776911417.78,5746821864453993.0
