t(s),Total solute volume 1,Total retention volume 1,Total 1 volume 1,Total 2 volume 1,Total 3 volume 1,Total 4 volume 1,Total 5 volume 1,Total 6 volume 1
0,1.0410857772626118e+17,1.4791218822749642e+17,1.4548167332142294e+16,1.8548032395571572e+16,8162301069476.04,19390633361020.363,386521778940210.7,1.0293336060152282e+16
