t(s),Total solute volume 1,Total retention volume 1,Total 1 volume 1,Total 2 volume 1,Total 3 volume 1,Total 4 volume 1,Total 5 volume 1,Total 6 volume 1
0,1.0417779541760956e+19,2.9969424383135926e+23,4.2060845695740917e+20,2.3786086414986547e+21,6.074112323327518e+22,8.235056076021741e+22,7.266086235414102e+22,8.113206260573742e+22
