t(s),Total solute volume 1,Total retention volume 1,Total 1 volume 1,Total 2 volume 1,Total 3 volume 1,Total 4 volume 1,Total 5 volume 1,Total 6 volume 1
0,3.049370426842634e+19,3.65358139170543e+23,4.502339012740615e+21,2.2082334505202914e+22,9.903300613907645e+22,8.414312210436668e+22,7.391812095068164e+22,8.164872275420766e+22
