t(s),Total solute volume 1,Total retention volume 1,Total 1 volume 1,Total 2 volume 1,Total 3 volume 1,Total 4 volume 1,Total 5 volume 1,Total 6 volume 1
0,7.412634750021373e+16,8.998818339868234e+16,6819284532587502.0,7763492501330356.0,1773330816532.4565,3539324892314.4985,54346679666322.375,1219399529174866.2
