t(s),Total solute volume 1,Total retention volume 1,Total 1 volume 1,Total 2 volume 1,Total 3 volume 1,Total 4 volume 1,Total 5 volume 1,Total 6 volume 1
0,8.413405339804337e+17,8.128335152801796e+22,1.5388438157429548e+18,3.9368564749678444e+18,6.7971862906142155e+19,9.311979588908456e+20,2.4926359032329723e+22,5.535150563306649e+22
