t(s),Total solute volume 1,Total retention volume 1,Total 1 volume 1,Total 2 volume 1,Total 3 volume 1,Total 4 volume 1,Total 5 volume 1,Total 6 volume 1
0,5.549106202873219e+16,6.3848906424883704e+16,3574543289432606.5,3695067633789086.0,2512963733534.0254,4323628424543.6157,53137721187419.48,1028259159584304.0
