t(s),Total solute volume 1,Total retention volume 1,Total 1 volume 1,Total 2 volume 1,Total 3 volume 1,Total 4 volume 1,Total 5 volume 1,Total 6 volume 1
0,2.1550923634800276e+18,1.1919764012891236e+20,1.2543579337050872e+19,4.387601538914759e+19,9.393306995131781e+17,6.673302265732733e+18,1.3197270726137412e+19,3.9813049347851575e+19
