t(s),Total solute volume 1,Total retention volume 1,Total 1 volume 1,Total 2 volume 1,Total 3 volume 1,Total 4 volume 1,Total 5 volume 1,Total 6 volume 1
0,7.898873006952949e+16,1.0578558872833152e+17,7857626411464600.0,9137075296732168.0,12149255916420.918,25053268896048.06,403952883524165.7,9361001542268830.0
