t(s),Total solute volume 1,Total retention volume 1,Total 1 volume 1,Total 2 volume 1,Total 3 volume 1,Total 4 volume 1,Total 5 volume 1,Total 6 volume 1
0,2.286764682938004e+17,2.526110626027925e+21,8.41666310503365e+16,1.3948910952252272e+17,5.1204327003755776e+17,2.2121505873267868e+18,8.104376324778879e+19,2.4418903367139e+21
