t(s),Total solute volume 1,Total retention volume 1,Total 1 volume 1,Total 2 volume 1,Total 3 volume 1,Total 4 volume 1,Total 5 volume 1,Total 6 volume 1
0,6.197674773403082e+16,2.9141729007472656e+19,4574148913662800.0,4905847431427061.0,3.940285345545016e+16,1.9917032726811373e+17,3.0408742872672983e+18,2.5790824795402723e+19
