t(s),Total solute volume 1,Total retention volume 1,Total 1 volume 1,Total 2 volume 1,Total 3 volume 1,Total 4 volume 1,Total 5 volume 1,Total 6 volume 1
0,8.413405339804337e+17,1.4234390482496011e+23,1.5388438157429548e+18,3.9368564749678444e+18,9.229005170849884e+19,1.9900037054237626e+21,5.833231204414854e+22,8.192298198285214e+22
