t(s),Total solute volume 1,Total retention volume 1,Total 1 volume 1,Total 2 volume 1,Total 3 volume 1,Total 4 volume 1,Total 5 volume 1,Total 6 volume 1
0,6.5666411056726936e+16,7.860687801073051e+16,5203971956357368.0,5689972671683596.0,3513176911006.3135,6589545955467.05,92181270991934.61,1944238332105798.5
