t(s),Total solute volume 1,Total retention volume 1,Total 1 volume 1,Total 2 volume 1,Total 3 volume 1,Total 4 volume 1,Total 5 volume 1,Total 6 volume 1
0,6.160605045081409e+17,8.160131412897379e+21,7.67830629749285e+17,1.7706017440084913e+18,4.240816131057342e+18,2.701522684247554e+19,1.1733325953035994e+21,6.952388281741923e+21
