t(s),Total solute volume 1,Total retention volume 1,Total 1 volume 1,Total 2 volume 1,Total 3 volume 1,Total 4 volume 1,Total 5 volume 1,Total 6 volume 1
0,1.5593745071291005e+17,2.6466695871707312e+19,3.5828426689998184e+16,5.226428756416006e+16,9933446604662768.0,2.9340224623913628e+16,7.970481044563921e+17,2.538634393105502e+19
