t(s),Total solute volume 1,Total retention volume 1,Total 1 volume 1,Total 2 volume 1,Total 3 volume 1,Total 4 volume 1,Total 5 volume 1,Total 6 volume 1
0,2.69227699570376e+18,3.3566969084914814e+20,2.0606897695457464e+19,7.758321800726443e+19,6.462820966201807e+18,3.6313332763360965e+19,4.796001068419211e+19,1.4405113373696652e+20
