t(s),Total solute volume 1,Total retention volume 1,Total 1 volume 1,Total 2 volume 1,Total 3 volume 1,Total 4 volume 1,Total 5 volume 1,Total 6 volume 1
0,8.413405339804337e+17,6.759266052967032e+21,1.5388438157429553e+18,3.9368564749678444e+18,7.81378649886781e+18,5.627936368780995e+19,1.4056575532008035e+21,5.283198308754719e+21
