t(s),Total solute volume 1,Total retention volume 1,Total 1 volume 1,Total 2 volume 1,Total 3 volume 1,Total 4 volume 1,Total 5 volume 1,Total 6 volume 1
0,1.0410857772626118e+17,2.9343847602955597e+20,1.4548167332142294e+16,1.8548032395571572e+16,1.6760283614757786e+17,9.701904428704824e+17,2.1487671285904155e+19,2.7067580668718327e+20
