t(s),Total solute volume 1,Total retention volume 1,Total 1 volume 1,Total 2 volume 1,Total 3 volume 1,Total 4 volume 1,Total 5 volume 1,Total 6 volume 1
0,7.412634750021373e+16,1.5320140353167199e+18,6819284532587502.0,7763492501330356.0,1985725123045966.0,4040003426649572.5,6.21183866701945e+16,1.3751607955627026e+18
