t(s),Total solute volume 1,Total retention volume 1,Total 1 volume 1,Total 2 volume 1,Total 3 volume 1,Total 4 volume 1,Total 5 volume 1,Total 6 volume 1
0,9.026506572834251e+16,5.6221323024445376e+17,1.0582167792312242e+16,1.2864965809597988e+16,438986386446908.56,971550553143739.4,1.73594625530387e+16,4.297310314215558e+17
