t(s),Total solute volume 1,Total retention volume 1,Total 1 volume 1,Total 2 volume 1,Total 3 volume 1,Total 4 volume 1,Total 5 volume 1,Total 6 volume 1
0,9.682243045823266e+16,3.373558697115464e+17,1.2374155389646972e+16,1.5399323190154844e+16,184179174328681.53,421889109407355.7,7954531377620869.0,2.0419936101215315e+17
