t(s),Total solute volume 1,Total retention volume 1,Total 1 volume 1,Total 2 volume 1,Total 3 volume 1,Total 4 volume 1,Total 5 volume 1,Total 6 volume 1
0,4.632802213684205e+19,3.97817428307742e+23,1.098131415173949e+22,3.5085054935044953e+22,1.0245638149217026e+23,8.80516348821152e+22,7.795931168697767e+22,8.323740313756039e+22
