t(s),Total solute volume 1,Total retention volume 1,Total 1 volume 1,Total 2 volume 1,Total 3 volume 1,Total 4 volume 1,Total 5 volume 1,Total 6 volume 1
0,5.549106202873219e+16,3.637996245046896e+17,3574543289432606.5,3695067633789086.0,690774604057982.4,1207188454729633.8,1.48526937394014e+16,2.8428829475454314e+17
