t(s),Total solute volume 1,Total retention volume 1,Total 1 volume 1,Total 2 volume 1,Total 3 volume 1,Total 4 volume 1,Total 5 volume 1,Total 6 volume 1
0,1.4509118010472559e+19,8.096137555849421e+21,8.782046250079989e+20,5.232424008980733e+21,8.421089067519752e+20,2.8242428274160085e+20,2.1239795137147283e+20,6.340686629850698e+20
