t(s),Total solute volume 1,Total retention volume 1,Total 1 volume 1,Total 2 volume 1,Total 3 volume 1,Total 4 volume 1,Total 5 volume 1,Total 6 volume 1
0,1.1999214403838304e+20,1.4612043524291423e+23,6.152497233576406e+22,4.870349495676086e+22,1.6615384345120147e+22,4.984142426733214e+21,3.7707407809919126e+21,1.0401708253508572e+22
