t(s),Total solute volume 1,Total retention volume 1,Total 1 volume 1,Total 2 volume 1,Total 3 volume 1,Total 4 volume 1,Total 5 volume 1,Total 6 volume 1
0,1.874180731908145e+17,5.26383856033706e+21,5.399819431922016e+16,8.374842692958085e+16,1.0737092311239016e+18,1.0361974266666256e+19,3.755054913385146e+20,4.876572220806369e+21
