t(s),Total solute volume 1,Total retention volume 1,Total 1 volume 1,Total 2 volume 1,Total 3 volume 1,Total 4 volume 1,Total 5 volume 1,Total 6 volume 1
0,2.69227699570376e+18,1.4156020163071666e+23,2.0606897695457464e+19,7.758321800726443e+19,2.3079126331349417e+21,3.0112225529578335e+22,4.38076081706124e+22,6.52315729046917e+22
