t(s),Total solute volume 1,Total retention volume 1,Total 1 volume 1,Total 2 volume 1,Total 3 volume 1,Total 4 volume 1,Total 5 volume 1,Total 6 volume 1
0,1.433399386980134e+18,1.6839884576119273e+23,5.050972524890161e+18,1.5430230570377775e+19,4.4175141144694024e+20,1.1156073759869403e+22,7.412916541903843e+22,8.264994056835382e+22
