t(s),Total solute volume 1,Total retention volume 1,Total 1 volume 1,Total 2 volume 1,Total 3 volume 1,Total 4 volume 1,Total 5 volume 1,Total 6 volume 1
0,2.69227699570376e+18,1.971001198159564e+23,2.0606897695457464e+19,7.758321800726444e+19,2.6950014064097037e+21,4.521764734705302e+22,6.931759484088504e+22,7.976899382891222e+22
