t(s),Total solute volume 1,Total retention volume 1,Total 1 volume 1,Total 2 volume 1,Total 3 volume 1,Total 4 volume 1,Total 5 volume 1,Total 6 volume 1
0,1.4509118010472559e+19,3.377840660899815e+23,8.782046250079989e+20,5.232424008980733e+21,8.253668112178672e+22,8.788558853825376e+22,7.798821914034036e+22,8.324843953760493e+22
