t(s),Total solute volume 1,Total retention volume 1,Total 1 volume 1,Total 2 volume 1,Total 3 volume 1,Total 4 volume 1,Total 5 volume 1,Total 6 volume 1
0,3.41080351854199e+18,1.8674129511689774e+23,3.4926673833597546e+19,1.42115214248461e+20,4.968101816496388e+21,5.04845343639129e+22,5.7306973482396254e+22,7.380123276249342e+22
