t(s),Total solute volume 1,Total retention volume 1,Total 1 volume 1,Total 2 volume 1,Total 3 volume 1,Total 4 volume 1,Total 5 volume 1,Total 6 volume 1
0,4.6444135142887546e+17,5.042327425721643e+19,4.088535341100352e+17,8.580895293571511e+17,1.4076424499687914e+16,7.183730032590208e+16,3.6300233074281887e+18,4.4975952810066575e+19
