t(s),Total solute volume 1,Total retention volume 1,Total 1 volume 1,Total 2 volume 1,Total 3 volume 1,Total 4 volume 1,Total 5 volume 1,Total 6 volume 1
0,5.859579698822926e+16,6.7508074016928e+16,4036115571689510.5,4248607036429529.5,1316748955158.7195,2329572422956.663,29854770752734.176,594053328448165.0
