t(s),Total solute volume 1,Total retention volume 1,Total 1 volume 1,Total 2 volume 1,Total 3 volume 1,Total 4 volume 1,Total 5 volume 1,Total 6 volume 1
0,9.682243045823266e+16,1.4142982981171771e+17,1.2374155389646972e+16,1.5399323190154844e+16,14576856420897.396,33365727126178.72,629063552646620.4,1.6156914637490382e+16
