t(s),Total solute volume 1,Total retention volume 1,Total 1 volume 1,Total 2 volume 1,Total 3 volume 1,Total 4 volume 1,Total 5 volume 1,Total 6 volume 1
0,1.122294944848212e+17,4.608205325641014e+20,1.720192593325329e+16,2.2487444393871428e+16,2.2443859842239488e+17,1.5085773152419323e+18,3.6193279414703596e+19,4.22742318370922e+20
