t(s),Total solute volume 1,Total retention volume 1,Total 1 volume 1,Total 2 volume 1,Total 3 volume 1,Total 4 volume 1,Total 5 volume 1,Total 6 volume 1
0,3.5908603530687936e+17,5.294882011232225e+21,2.3031334757874176e+17,4.4365248646884774e+17,1.0089770355954473e+18,4.976284434322183e+18,2.3918582267389424e+20,5.048677875219056e+21
