t(s),Total solute volume 1,Total retention volume 1,Total 1 volume 1,Total 2 volume 1,Total 3 volume 1,Total 4 volume 1,Total 5 volume 1,Total 6 volume 1
0,6.197674773403082e+16,3.8542130336951034e+17,4574148913662800.0,4905847431427061.0,594462117255562.0,1092929349644458.9,1.4633877123019768e+16,2.976432907004632e+17
