t(s),Total solute volume 1,Total retention volume 1,Total 1 volume 1,Total 2 volume 1,Total 3 volume 1,Total 4 volume 1,Total 5 volume 1,Total 6 volume 1
0,7.654339330001997e+18,3.016109770549397e+21,2.1174029546635192e+20,1.1075853577564208e+21,4.4031783486676376e+20,3.082894503010118e+20,2.3609088592832646e+20,7.044316069004825e+20
