t(s),Total solute volume 1,Total retention volume 1,Total 1 volume 1,Total 2 volume 1,Total 3 volume 1,Total 4 volume 1,Total 5 volume 1,Total 6 volume 1
0,6.5666411056726936e+16,8.132833658608469e+16,5203971956357369.0,5689972671683596.0,8184776102501.749,15352887061756.498,214772755670222.53,4529670482483616.0
