t(s),Total solute volume 1,Total retention volume 1,Total 1 volume 1,Total 2 volume 1,Total 3 volume 1,Total 4 volume 1,Total 5 volume 1,Total 6 volume 1
0,7.654339330001997e+18,1.0204225349736617e+22,2.1174029546635185e+20,1.1075853577564208e+21,2.276840991936123e+21,1.6480878321832742e+21,1.265125609457875e+21,3.687190923606455e+21
