t(s),Total solute volume 1,Total retention volume 1,Total 1 volume 1,Total 2 volume 1,Total 3 volume 1,Total 4 volume 1,Total 5 volume 1,Total 6 volume 1
0,5.549106202873219e+16,6.467316983726688e+16,3574543289432606.5,3695067633789086.0,4416287134479.232,7598677967656.717,93388606706288.9,1807093313505131.2
