t(s),Total solute volume 1,Total retention volume 1,Total 1 volume 1,Total 2 volume 1,Total 3 volume 1,Total 4 volume 1,Total 5 volume 1,Total 6 volume 1
0,5.859579698822926e+16,1.1414419173165722e+19,4036115571689510.5,4248607036429529.5,1.9971611055983884e+16,5.722915722066267e+16,7.664796431245786e+17,1.050385824216833e+19
