t(s),Total solute volume 1,Total retention volume 1,Total 1 volume 1,Total 2 volume 1,Total 3 volume 1,Total 4 volume 1,Total 5 volume 1,Total 6 volume 1
0,4.6444135142887546e+17,3.846581228056866e+19,4.088535341100352e+17,8.580895293571512e+17,1.0620287571536302e+16,5.4191312017230664e+16,2.7383225436403963e+18,3.3931293722443563e+19
