t(s),Total solute volume 1,Total retention volume 1,Total 1 volume 1,Total 2 volume 1,Total 3 volume 1,Total 4 volume 1,Total 5 volume 1,Total 6 volume 1
0,5.549106202873219e+16,6.8666804543859064e+16,3574543289432606.5,3695067633789086.0,13637130110156.48,23468958529313.965,288440304649080.1,5580585198616503.0
