t(s),Total solute volume 1,Total retention volume 1,Total 1 volume 1,Total 2 volume 1,Total 3 volume 1,Total 4 volume 1,Total 5 volume 1,Total 6 volume 1
0,3.41080351854199e+18,8.606714308606372e+22,3.4926673833597542e+19,1.42115214248461e+20,3.1506370845358167e+21,1.9810342154151968e+22,2.0808837316169775e+22,4.211687383960593e+22
