t(s),Total solute volume 1,Total retention volume 1,Total 1 volume 1,Total 2 volume 1,Total 3 volume 1,Total 4 volume 1,Total 5 volume 1,Total 6 volume 1
0,5.859579698822926e+16,1.4858394124396364e+19,4036115571689510.5,4248607036429529.5,2.4737291978390396e+16,8.318714278406587e+16,1.1373922012724108e+18,1.3546196968765297e+19
