t(s),Total solute volume 1,Total retention volume 1,Total 1 volume 1,Total 2 volume 1,Total 3 volume 1,Total 4 volume 1,Total 5 volume 1,Total 6 volume 1
0,2.838052749429945e+17,2.652305169871514e+22,1.3626480534992328e+17,2.426887464870655e+17,3.5572908512947016e+18,4.040217946200402e+19,1.942259376363006e+21,2.453617009321241e+22
