t(s),Total solute volume 1,Total retention volume 1,Total 1 volume 1,Total 2 volume 1,Total 3 volume 1,Total 4 volume 1,Total 5 volume 1,Total 6 volume 1
0,6.5666411056726936e+16,2.0310634737195385e+19,5203971956357368.0,5689972671683596.0,2.895891270913617e+16,8.999825652656736e+16,1.319303198578412e+18,1.8795814013696623e+19
