t(s),Total solute volume 1,Total retention volume 1,Total 1 volume 1,Total 2 volume 1,Total 3 volume 1,Total 4 volume 1,Total 5 volume 1,Total 6 volume 1
0,4.388031255538536e+18,1.0163629355312319e+21,6.12580002685351e+19,2.7044583928840353e+20,6.239178039858334e+19,1.3989948773629388e+20,1.1971759440950521e+20,3.5826220217436596e+20
