t(s),Total solute volume 1,Total retention volume 1,Total 1 volume 1,Total 2 volume 1,Total 3 volume 1,Total 4 volume 1,Total 5 volume 1,Total 6 volume 1
0,1.433399386980134e+18,1.6686551531458283e+23,5.050972524890161e+18,1.5430230570377775e+19,4.401375222525382e+20,1.1028081125664697e+22,7.312983418154856e+22,8.224554788263641e+22
