t(s),Total solute volume 1,Total retention volume 1,Total 1 volume 1,Total 2 volume 1,Total 3 volume 1,Total 4 volume 1,Total 5 volume 1,Total 6 volume 1
0,4.999990884535286e+16,5.586198953830073e+16,2833151015773908.0,2828700406760326.5,555363455317.0186,905764709120.0372,10274547844579.258,188493594404128.66
