t(s),Total solute volume 1,Total retention volume 1,Total 1 volume 1,Total 2 volume 1,Total 3 volume 1,Total 4 volume 1,Total 5 volume 1,Total 6 volume 1
0,7.412634750021373e+16,1.1857879500013662e+19,6819284532587502.0,7763492501330356.0,1.5343290955328584e+16,3.5897937849086536e+16,5.5790430634922e+17,1.1160024840326076e+19
