t(s),Total solute volume 1,Total retention volume 1,Total 1 volume 1,Total 2 volume 1,Total 3 volume 1,Total 4 volume 1,Total 5 volume 1,Total 6 volume 1
0,2.838052749429945e+17,2.9684125914693e+18,1.3626480534992328e+17,2.426887464870655e+17,426854687958720.0,1695190530199088.5,7.094421818812535e+16,2.2325875012830438e+18
