t(s),Total solute volume 1,Total retention volume 1,Total 1 volume 1,Total 2 volume 1,Total 3 volume 1,Total 4 volume 1,Total 5 volume 1,Total 6 volume 1
0,2.838052749429945e+17,1.4342384131880675e+21,1.3626480534992328e+17,2.426887464870655e+17,2.6042904991728963e+17,1.0858766779002135e+18,4.560266916717784e+19,1.3866266794662924e+21
