t(s),Total solute volume 1,Total retention volume 1,Total 1 volume 1,Total 2 volume 1,Total 3 volume 1,Total 4 volume 1,Total 5 volume 1,Total 6 volume 1
0,4.756651887055506e+16,5.911055212272088e+18,2534742031225772.5,2489019978208219.0,1.3920003764877112e+16,4.36650906832892e+16,5.1129702890762406e+17,5.289582808036325e+18
