t(s),Total solute volume 1,Total retention volume 1,Total 1 volume 1,Total 2 volume 1,Total 3 volume 1,Total 4 volume 1,Total 5 volume 1,Total 6 volume 1
0,3.049370426842634e+19,3.775631075959719e+23,4.502339012740615e+21,2.2082334505202914e+22,1.006258772318872e+23,8.848444022765818e+22,7.842422738882197e+22,8.341339552539093e+22
