t(s),Total solute volume 1,Total retention volume 1,Total 1 volume 1,Total 2 volume 1,Total 3 volume 1,Total 4 volume 1,Total 5 volume 1,Total 6 volume 1
0,1.7065136209902323e+17,2.8321060250360273e+20,4.381099764971746e+16,6.585874551544885e+16,9.02368065799307e+16,2.9822135189246317e+17,8.715466071058266e+18,2.7382635716880872e+20
