t(s),Total solute volume 1,Total retention volume 1,Total 1 volume 1,Total 2 volume 1,Total 3 volume 1,Total 4 volume 1,Total 5 volume 1,Total 6 volume 1
0,1.314985697153493e+17,7.304646945652111e+20,2.4495440733375292e+16,3.3758739075879252e+16,2.918367331856513e+17,1.6133417948557084e+18,4.153766473099173e+19,6.868320985566524e+20
