t(s),Total solute volume 1,Total retention volume 1,Total 1 volume 1,Total 2 volume 1,Total 3 volume 1,Total 4 volume 1,Total 5 volume 1,Total 6 volume 1
0,4.756651887055506e+16,7.69669532614806e+16,2534742031225772.5,2489019978208219.0,73726292086313.95,117510712100871.22,1283031840914854.5,2.2902403536390164e+16
