t(s),Total solute volume 1,Total retention volume 1,Total 1 volume 1,Total 2 volume 1,Total 3 volume 1,Total 4 volume 1,Total 5 volume 1,Total 6 volume 1
0,5.263409243820472e+16,1.3845427299364614e+19,3176956375550943.5,3226718800086626.5,2.461960030550444e+16,1.168453363663417e+17,1.5806085897791232e+18,1.2064316005299945e+19
