t(s),Total solute volume 1,Total retention volume 1,Total 1 volume 1,Total 2 volume 1,Total 3 volume 1,Total 4 volume 1,Total 5 volume 1,Total 6 volume 1
0,4.388031255538536e+18,5.026458890009858e+20,6.12580002685351e+19,2.7044583928840336e+20,1.530270960880766e+19,3.4210056318242886e+19,2.9268785766105604e+19,8.777246649536137e+19
