t(s),Total solute volume 1,Total retention volume 1,Total 1 volume 1,Total 2 volume 1,Total 3 volume 1,Total 4 volume 1,Total 5 volume 1,Total 6 volume 1
0,4.756651887055506e+16,5.3689691108212136e+16,2534742031225772.5,2489019978208219.0,3328530029922.7505,5292035953628.062,57770637516083.05,1033019024723916.9
