t(s),Total solute volume 1,Total retention volume 1,Total 1 volume 1,Total 2 volume 1,Total 3 volume 1,Total 4 volume 1,Total 5 volume 1,Total 6 volume 1
0,6.9702016393038264e+16,4.7194215112332255e+19,5944515532356725.0,6630186019767457.0,5.324627138952008e+16,2.650113485295571e+17,4.358554512090406e+18,4.243512626237714e+19
