t(s),Total solute volume 1,Total retention volume 1,Total 1 volume 1,Total 2 volume 1,Total 3 volume 1,Total 4 volume 1,Total 5 volume 1,Total 6 volume 1
0,6.9702016393038264e+16,5.3350898230426894e+19,5944515532356725.0,6630186019767457.0,5.778750361311132e+16,3.322002641840811e+17,5.639434427268821e+18,4.72391993174165e+19
