t(s),Total solute volume 1,Total retention volume 1,Total 1 volume 1,Total 2 volume 1,Total 3 volume 1,Total 4 volume 1,Total 5 volume 1,Total 6 volume 1
0,2.286764682938004e+17,6.110781421639741e+19,8.41666310503365e+16,1.3948910952252272e+17,1.319657778999382e+16,4.7137412753747176e+16,1.70161310505271e+18,5.88935349119343e+19
