t(s),Total solute volume 1,Total retention volume 1,Total 1 volume 1,Total 2 volume 1,Total 3 volume 1,Total 4 volume 1,Total 5 volume 1,Total 6 volume 1
0,1.5593745071291005e+17,2.275653897704276e+21,3.5828426689998184e+16,5.226428756416006e+16,6.212044292373207e+17,5.401921198610514e+18,1.700131615018917e+20,2.0993735804095501e+21
