t(s),Total solute volume 1,Total retention volume 1,Total 1 volume 1,Total 2 volume 1,Total 3 volume 1,Total 4 volume 1,Total 5 volume 1,Total 6 volume 1
0,6.9702016393038264e+16,6.739730840183694e+18,5944515532356725.0,6630186019767457.0,9816962294468464.0,2.1396379460915896e+16,3.161551982040427e+17,6.310085582279091e+18
