t(s),Total solute volume 1,Total retention volume 1,Total 1 volume 1,Total 2 volume 1,Total 3 volume 1,Total 4 volume 1,Total 5 volume 1,Total 6 volume 1
0,4.388031255538536e+18,8.719239209064526e+22,6.12580002685351e+19,2.704458392884034e+20,5.987245491458452e+21,2.1588976044305237e+22,1.9294585109462785e+22,3.9985493574606916e+22
