t(s),Total solute volume 1,Total retention volume 1,Total 1 volume 1,Total 2 volume 1,Total 3 volume 1,Total 4 volume 1,Total 5 volume 1,Total 6 volume 1
0,6.160605045081409e+17,5.289643661969528e+20,7.67830629749285e+17,1.7706017440084913e+18,2.832861439349567e+17,1.6710377618535201e+18,7.217092406332128e+19,4.516846253495775e+20
