t(s),Total solute volume 1,Total retention volume 1,Total 1 volume 1,Total 2 volume 1,Total 3 volume 1,Total 4 volume 1,Total 5 volume 1,Total 6 volume 1
0,7.654339330001997e+18,4.259424758768325e+22,2.1174029546635166e+20,1.1075853577564208e+21,9.827083479744506e+21,8.26304419551553e+21,6.41842661245821e+21,1.6758713307411876e+22
