t(s),Total solute volume 1,Total retention volume 1,Total 1 volume 1,Total 2 volume 1,Total 3 volume 1,Total 4 volume 1,Total 5 volume 1,Total 6 volume 1
0,8.434622358698939e+16,5.1549363460563546e+17,9096397638945638.0,1.0811486824468592e+16,453496936367271.25,969958154267108.1,1.6451716058363788e+16,3.933643554062241e+17
