t(s),Total solute volume 1,Total retention volume 1,Total 1 volume 1,Total 2 volume 1,Total 3 volume 1,Total 4 volume 1,Total 5 volume 1,Total 6 volume 1
0,4.388031255538536e+18,6.64426407987917e+21,6.12580002685351e+19,2.704458392884034e+20,5.674900979573154e+20,1.3148565711429792e+21,1.1278011081750808e+21,3.298024431791335e+21
