t(s),Total solute volume 1,Total retention volume 1,Total 1 volume 1,Total 2 volume 1,Total 3 volume 1,Total 4 volume 1,Total 5 volume 1,Total 6 volume 1
0,2.1550923634800276e+18,1.463611964959282e+23,1.2543579337050872e+19,4.387601538914759e+19,1.288540382109275e+21,2.3195163407179426e+22,5.135577617848514e+22,7.046314184106109e+22
