t(s),Total solute volume 1,Total retention volume 1,Total 1 volume 1,Total 2 volume 1,Total 3 volume 1,Total 4 volume 1,Total 5 volume 1,Total 6 volume 1
0,9.682243045823266e+16,1.9351520414977923e+17,1.2374155389646972e+16,1.5399323190154844e+16,59674034313619.914,136617856765470.16,2575771528443789.0,6.614723169222121e+16
