t(s),Total solute volume 1,Total retention volume 1,Total 1 volume 1,Total 2 volume 1,Total 3 volume 1,Total 4 volume 1,Total 5 volume 1,Total 6 volume 1
0,3.41080351854199e+18,2.3179078378501996e+23,3.4926673833597542e+19,1.42115214248461e+20,5.43394826405676e+21,6.557393913423552e+22,7.751150084493e+22,8.309094285019316e+22
