t(s),Total solute volume 1,Total retention volume 1,Total 1 volume 1,Total 2 volume 1,Total 3 volume 1,Total 4 volume 1,Total 5 volume 1,Total 6 volume 1
0,7.412634750021373e+16,4.465751202358813e+17,6819284532587502.0,7763492501330356.0,495213448004415.94,993071449695281.4,1.525375014381387e+16,3.4112396066023795e+17
