t(s),Total solute volume 1,Total retention volume 1,Total 1 volume 1,Total 2 volume 1,Total 3 volume 1,Total 4 volume 1,Total 5 volume 1,Total 6 volume 1
0,6.9702016393038264e+16,5.227097389857401e+19,5944515532356725.0,6630186019767457.0,5.702908686047742e+16,3.1956681816694496e+17,5.39233606075824e+18,4.641976521484319e+19
