t(s),Total solute volume 1,Total retention volume 1,Total 1 volume 1,Total 2 volume 1,Total 3 volume 1,Total 4 volume 1,Total 5 volume 1,Total 6 volume 1
0,5.549106202873219e+16,1.236628960306931e+18,3574543289432606.5,3695067633789086.0,2644826431677982.0,4838072917887783.0,5.972295850961398e+16,1.1066624294958054e+18
