t(s),Total solute volume 1,Total retention volume 1,Total 1 volume 1,Total 2 volume 1,Total 3 volume 1,Total 4 volume 1,Total 5 volume 1,Total 6 volume 1
0,1.874180731908145e+17,2.1652587034271335e+21,5.399819431922016e+16,8.374842692958085e+16,5.336811911755761e+17,2.564139905203048e+18,8.28132049558365e+19,2.0790225126805073e+21
