t(s),Total solute volume 1,Total retention volume 1,Total 1 volume 1,Total 2 volume 1,Total 3 volume 1,Total 4 volume 1,Total 5 volume 1,Total 6 volume 1
0,4.6444135142887546e+17,1.5194005329053204e+20,4.088535341100352e+17,8.580895293571511e+17,4.3400949485946856e+16,2.2176983830118816e+17,1.1207271951351532e+19,1.3873622613649696e+20
