t(s),Total solute volume 1,Total retention volume 1,Total 1 volume 1,Total 2 volume 1,Total 3 volume 1,Total 4 volume 1,Total 5 volume 1,Total 6 volume 1
0,1.1999214403838304e+20,4.673891862448892e+23,6.152497233576406e+22,4.870349495676086e+22,1.0383270794709346e+23,8.967544123135692e+22,7.965844747777152e+22,8.387413015210895e+22
