t(s),Total solute volume 1,Total retention volume 1,Total 1 volume 1,Total 2 volume 1,Total 3 volume 1,Total 4 volume 1,Total 5 volume 1,Total 6 volume 1
0,9.682243045823266e+16,1.9323404228873313e+20,1.2374155389646972e+16,1.5399323190154844e+16,1.2783326585494379e+17,6.60447962273876e+17,1.3645732405704387e+19,1.786754327458594e+20
