t(s),Total solute volume 1,Total retention volume 1,Total 1 volume 1,Total 2 volume 1,Total 3 volume 1,Total 4 volume 1,Total 5 volume 1,Total 6 volume 1
0,5.331000576703257e+17,4.356493851668947e+20,5.560848088934841e+17,1.2219752934206108e+18,1.6688346943345827e+17,9.162856363512355e+17,4.452558577698061e+19,3.877294701241455e+20
