t(s),Total solute volume 1,Total retention volume 1,Total 1 volume 1,Total 2 volume 1,Total 3 volume 1,Total 4 volume 1,Total 5 volume 1,Total 6 volume 1
0,1.1886142573461043e+18,1.3431308481904662e+23,3.3262845753212687e+18,9.547595689902217e+18,2.3560324867722946e+20,4.942353750335011e+21,5.47089951060215e+22,7.441207021949343e+22
