t(s),Total solute volume 1,Total retention volume 1,Total 1 volume 1,Total 2 volume 1,Total 3 volume 1,Total 4 volume 1,Total 5 volume 1,Total 6 volume 1
0,1.0410857772626118e+17,4.524876735195186e+17,1.4548167332142294e+16,1.8548032395571572e+16,240263329857244.03,571243984620325.5,1.1387498043945178e+16,3.030838907071172e+17
