t(s),Total solute volume 1,Total retention volume 1,Total 1 volume 1,Total 2 volume 1,Total 3 volume 1,Total 4 volume 1,Total 5 volume 1,Total 6 volume 1
0,1.7473117771507889e+18,5.092907712127946e+22,7.856350728538216e+18,2.56333736483743e+19,3.6415924388599674e+20,4.185174364887327e+21,1.4113711892750899e+22,3.223079458360161e+22
