t(s),Total solute volume 1,Total retention volume 1,Total 1 volume 1,Total 2 volume 1,Total 3 volume 1,Total 4 volume 1,Total 5 volume 1,Total 6 volume 1
0,6.197674773403082e+16,2.998358154431993e+19,4574148913662800.0,4905847431427061.0,4.0145090550162536e+16,2.099463871309972e+17,3.230048447560172e+18,2.643198487499953e+19
