t(s),Total solute volume 1,Total retention volume 1,Total 1 volume 1,Total 2 volume 1,Total 3 volume 1,Total 4 volume 1,Total 5 volume 1,Total 6 volume 1
0,9.954516368711946e+17,7.891403012288825e+21,2.2394775286774456e+18,6.059472535941418e+18,1.4310993182130125e+19,1.1123244458419303e+20,1.80532928556996e+21,5.951235887251061e+21
