t(s),Total solute volume 1,Total retention volume 1,Total 1 volume 1,Total 2 volume 1,Total 3 volume 1,Total 4 volume 1,Total 5 volume 1,Total 6 volume 1
0,1.314985697153493e+17,2.4417364917524898e+19,2.4495440733375292e+16,3.3758739075879252e+16,1.219371839253315e+16,3.3371144339827916e+16,7.967573712675909e+17,2.338528993400041e+19
