t(s),Total solute volume 1,Total retention volume 1,Total 1 volume 1,Total 2 volume 1,Total 3 volume 1,Total 4 volume 1,Total 5 volume 1,Total 6 volume 1
0,4.632802213684205e+19,3.468129605646339e+23,1.098131415173949e+22,3.5085054935044953e+22,9.497762616255223e+22,7.034487526032513e+22,6.010100926801381e+22,7.527675276482544e+22
