t(s),Total solute volume 1,Total retention volume 1,Total 1 volume 1,Total 2 volume 1,Total 3 volume 1,Total 4 volume 1,Total 5 volume 1,Total 6 volume 1
0,1.0410857772626118e+17,1.556228816051812e+20,1.4548167332142294e+16,1.8548032395571572e+16,1.0130509539951125e+17,3.7391387939604454e+17,7.752099483010816e+18,1.472583583699207e+20
