t(s),Total solute volume 1,Total retention volume 1,Total 1 volume 1,Total 2 volume 1,Total 3 volume 1,Total 4 volume 1,Total 5 volume 1,Total 6 volume 1
0,4.632802213684205e+19,4.773255780442497e+22,1.098131415173949e+22,3.5085054935044953e+22,7.79105101091667e+20,2.105577266954573e+20,1.5798242181740695e+20,4.72215445899915e+20
