t(s),Total solute volume 1,Total retention volume 1,Total 1 volume 1,Total 2 volume 1,Total 3 volume 1,Total 4 volume 1,Total 5 volume 1,Total 6 volume 1
0,7.654339330001997e+18,2.6712246283704004e+22,2.1174029546635185e+20,1.1075853577564208e+21,6.270436048272173e+21,4.899425931019888e+21,3.782813468381641e+21,1.0432590843477446e+22
