t(s),Total solute volume 1,Total retention volume 1,Total 1 volume 1,Total 2 volume 1,Total 3 volume 1,Total 4 volume 1,Total 5 volume 1,Total 6 volume 1
0,4.999990884535286e+16,7.385976199256474e+16,2833151015773908.0,2828700406760326.5,50443138759107.03,82395475477078.39,934753022065957.8,1.713041008837588e+16
