t(s),Total solute volume 1,Total retention volume 1,Total 1 volume 1,Total 2 volume 1,Total 3 volume 1,Total 4 volume 1,Total 5 volume 1,Total 6 volume 1
0,4.071819960099205e+17,8.302710103499942e+20,3.048573828454969e+17,6.123728968341585e+17,1.9003660205420205e+17,9.179456097132666e+17,4.582711414258539e+19,7.820115017199493e+20
