t(s),Total solute volume 1,Total retention volume 1,Total 1 volume 1,Total 2 volume 1,Total 3 volume 1,Total 4 volume 1,Total 5 volume 1,Total 6 volume 1
0,7.301727964015883e+19,9.765687036463738e+22,2.7111952799558177e+22,4.446286275392808e+22,1.2207973313937096e+22,3.5514570509022863e+21,2.680140191721048e+21,7.56946697495195e+21
