t(s),Total solute volume 1,Total retention volume 1,Total 1 volume 1,Total 2 volume 1,Total 3 volume 1,Total 4 volume 1,Total 5 volume 1,Total 6 volume 1
0,6.197674773403082e+16,1.021268307779762e+18,4574148913662800.0,4905847431427061.0,1784204520441006.2,3345551373784139.0,4.485831951790239e+16,8.99823488288493e+17
