t(s),Total solute volume 1,Total retention volume 1,Total 1 volume 1,Total 2 volume 1,Total 3 volume 1,Total 4 volume 1,Total 5 volume 1,Total 6 volume 1
0,6.5666411056726936e+16,8.766779821837042e+16,5203971956357368.0,5689972671683596.0,19066026731092.902,35769112361564.34,500382141805006.0,1.0552225252706088e+16
