t(s),Total solute volume 1,Total retention volume 1,Total 1 volume 1,Total 2 volume 1,Total 3 volume 1,Total 4 volume 1,Total 5 volume 1,Total 6 volume 1
0,8.434622358698939e+16,5.299452904713568e+19,9096397638945638.0,1.0811486824468592e+16,5.047661446312902e+16,1.6073813043308374e+17,2.8226554788643937e+18,4.985640471532426e+19
