t(s),Total solute volume 1,Total retention volume 1,Total 1 volume 1,Total 2 volume 1,Total 3 volume 1,Total 4 volume 1,Total 5 volume 1,Total 6 volume 1
0,3.5908603530687936e+17,2.8743428715595985e+19,2.3031334757874176e+17,4.4365248646884774e+17,5484483327124634.0,2.4568400200006404e+16,1.1725798451840883e+18,2.650774411753025e+19
