t(s),Total solute volume 1,Total retention volume 1,Total 1 volume 1,Total 2 volume 1,Total 3 volume 1,Total 4 volume 1,Total 5 volume 1,Total 6 volume 1
0,1.314985697153493e+17,7.950976386664092e+20,2.4495440733375292e+16,3.3758739075879252e+16,3.11320508288901e+17,1.8527204216427804e+18,4.827385149570709e+19,7.44469993491244e+20
