t(s),Total solute volume 1,Total retention volume 1,Total 1 volume 1,Total 2 volume 1,Total 3 volume 1,Total 4 volume 1,Total 5 volume 1,Total 6 volume 1
0,5.263409243820472e+16,7.676893503920067e+18,3176956375550942.5,3226718800086626.5,1.587035294809465e+16,4.559632272617299e+16,5.662653605011334e+17,6.990123700130898e+18
