t(s),Total solute volume 1,Total retention volume 1,Total 1 volume 1,Total 2 volume 1,Total 3 volume 1,Total 4 volume 1,Total 5 volume 1,Total 6 volume 1
0,1.5593745071291005e+17,1.3606065384961357e+21,3.5828426689998184e+16,5.226428756416006e+16,4.226132299266866e+17,2.2523890845419192e+18,6.486047257555653e+19,1.2928270334411462e+21
