t(s),Total solute volume 1,Total retention volume 1,Total 1 volume 1,Total 2 volume 1,Total 3 volume 1,Total 4 volume 1,Total 5 volume 1,Total 6 volume 1
0,5.549106202873219e+16,8.665672027847537e+18,3574543289432606.5,3695067633789086.0,1.671275624970041e+16,4.607391806926496e+16,5.910270732408803e+17,7.949097607335689e+18
