t(s),Total solute volume 1,Total retention volume 1,Total 1 volume 1,Total 2 volume 1,Total 3 volume 1,Total 4 volume 1,Total 5 volume 1,Total 6 volume 1
0,4.6444135142887546e+17,2.0074175547871533e+20,4.0885353411003526e+17,8.58089529357151e+17,5.748687305511511e+16,2.9392346364682605e+17,1.4854224572523917e+19,1.838047361545936e+20
