t(s),Total solute volume 1,Total retention volume 1,Total 1 volume 1,Total 2 volume 1,Total 3 volume 1,Total 4 volume 1,Total 5 volume 1,Total 6 volume 1
0,4.999990884535286e+16,6.939412758500766e+16,2833151015773908.0,2828700406760327.0,38070722993808.11,62162407203946.84,705196045956672.8,1.29269381409655e+16
