t(s),Total solute volume 1,Total retention volume 1,Total 1 volume 1,Total 2 volume 1,Total 3 volume 1,Total 4 volume 1,Total 5 volume 1,Total 6 volume 1
0,1.7473117771507889e+18,5.770545745062506e+21,7.856350728538216e+18,2.56333736483743e+19,4.964360506020302e+19,4.0805148867713545e+20,1.3361032442336586e+21,3.9415103709373394e+21
