t(s),Total solute volume 1,Total retention volume 1,Total 1 volume 1,Total 2 volume 1,Total 3 volume 1,Total 4 volume 1,Total 5 volume 1,Total 6 volume 1
0,1.0410857772626118e+17,1.8100987325744484e+20,1.4548167332142294e+16,1.8548032395571572e+16,1.1500573424701005e+17,4.5884352523692544e+17,9.600284541004171e+18,1.7069853467950324e+20
