t(s),Total solute volume 1,Total retention volume 1,Total 1 volume 1,Total 2 volume 1,Total 3 volume 1,Total 4 volume 1,Total 5 volume 1,Total 6 volume 1
0,6.197674773403082e+16,7.258467642841043e+16,4574148913662800.0,4905847431427061.0,2143998309745.24,3903868181218.9097,52235870635357.41,1069648612161790.5
