t(s),Total solute volume 1,Total retention volume 1,Total 1 volume 1,Total 2 volume 1,Total 3 volume 1,Total 4 volume 1,Total 5 volume 1,Total 6 volume 1
0,7.301727964015883e+19,7.461640743497961e+22,2.7111952799558177e+22,4.446286275392808e+22,1.4301364578403568e+21,3.8586350973732985e+20,2.8959405213543917e+20,8.629805821400705e+20
