t(s),Total solute volume 1,Total retention volume 1,Total 1 volume 1,Total 2 volume 1,Total 3 volume 1,Total 4 volume 1,Total 5 volume 1,Total 6 volume 1
0,2.286764682938004e+17,1.2555543394896503e+22,8.41666310503365e+16,1.3948910952252272e+17,1.9545774950498015e+18,2.1421277679160807e+19,9.040484192905595e+20,1.162766678822284e+22
