t(s),Total solute volume 1,Total retention volume 1,Total 1 volume 1,Total 2 volume 1,Total 3 volume 1,Total 4 volume 1,Total 5 volume 1,Total 6 volume 1
0,1.0417779541760956e+19,3.169182726596061e+23,4.2060845695740917e+20,2.3786086414986547e+21,6.220699061581419e+22,8.877009356199932e+22,7.936566103416438e+22,8.376589256962963e+22
