t(s),Total solute volume 1,Total retention volume 1,Total 1 volume 1,Total 2 volume 1,Total 3 volume 1,Total 4 volume 1,Total 5 volume 1,Total 6 volume 1
0,1.0410857772626118e+17,2.056295838384423e+19,1.4548167332142294e+16,1.8548032395571572e+16,1.5237995195466826e+16,3.824924490511183e+16,7.654543893756585e+17,1.9606811976913777e+19
