t(s),Total solute volume 1,Total retention volume 1,Total 1 volume 1,Total 2 volume 1,Total 3 volume 1,Total 4 volume 1,Total 5 volume 1,Total 6 volume 1
0,2.073332087427378e+19,3.355587931483674e+23,1.9346913512456716e+21,1.1315073985465211e+22,9.215780241642962e+22,8.021100099376028e+22,6.994391058084662e+22,7.9975580499747e+22
