t(s),Total solute volume 1,Total retention volume 1,Total 1 volume 1,Total 2 volume 1,Total 3 volume 1,Total 4 volume 1,Total 5 volume 1,Total 6 volume 1
0,5.331000576703257e+17,1.7510034677582277e+21,5.560848088934841e+17,1.2219752934206108e+18,6.691384946848338e+17,3.7275591091243894e+18,1.8132044547568465e+20,1.5629751645187463e+21
