t(s),Total solute volume 1,Total retention volume 1,Total 1 volume 1,Total 2 volume 1,Total 3 volume 1,Total 4 volume 1,Total 5 volume 1,Total 6 volume 1
0,3.049370426842634e+19,1.8699407354964382e+23,4.502339012740615e+21,2.2082334505202914e+22,6.203921914332168e+22,2.954268212382199e+22,2.3359093936225025e+22,4.543791112406238e+22
