t(s),Total solute volume 1,Total retention volume 1,Total 1 volume 1,Total 2 volume 1,Total 3 volume 1,Total 4 volume 1,Total 5 volume 1,Total 6 volume 1
0,1.4509118010472559e+19,1.7974074529464518e+23,8.782046250079989e+20,5.232424008980733e+21,5.689172725959005e+22,3.599993281632656e+22,2.886889832078755e+22,5.185504914594017e+22
