t(s),Total solute volume 1,Total retention volume 1,Total 1 volume 1,Total 2 volume 1,Total 3 volume 1,Total 4 volume 1,Total 5 volume 1,Total 6 volume 1
0,3.049370426842634e+19,3.604210757577943e+23,4.502339012740615e+21,2.2082334505202914e+22,9.83619986416e+22,8.24008520088266e+22,7.213201050223384e+22,8.091104738291836e+22
