t(s),Total solute volume 1,Total retention volume 1,Total 1 volume 1,Total 2 volume 1,Total 3 volume 1,Total 4 volume 1,Total 5 volume 1,Total 6 volume 1
0,6.197674773403082e+16,8.221496909628525e+16,4574148913662800.0,4905847431427061.0,20447003583524.57,37241697640174.13,498324395128085.44,1.0202211920812864e+16
