t(s),Total solute volume 1,Total retention volume 1,Total 1 volume 1,Total 2 volume 1,Total 3 volume 1,Total 4 volume 1,Total 5 volume 1,Total 6 volume 1
0,5.859579698822926e+16,1.799631799645816e+19,4036115571689510.5,4248607036429529.5,2.8623609712062956e+16,1.1212426029802144e+17,1.5695579014324652e+18,1.6219131705419166e+19
