t(s),Total solute volume 1,Total retention volume 1,Total 1 volume 1,Total 2 volume 1,Total 3 volume 1,Total 4 volume 1,Total 5 volume 1,Total 6 volume 1
0,5.331000576703257e+17,6.762058434038538e+21,5.560848088934841e+17,1.2219752934206106e+18,2.5247080376501555e+18,1.4865697447970247e+19,7.260541669490567e+20,6.016302701443887e+21
