t(s),Total solute volume 1,Total retention volume 1,Total 1 volume 1,Total 2 volume 1,Total 3 volume 1,Total 4 volume 1,Total 5 volume 1,Total 6 volume 1
0,3.049370426842634e+19,3.8071674135935945e+23,4.502339012740615e+21,2.2082334505202914e+22,1.0102267996614175e+23,8.961353843255174e+22,7.96093677936555e+22,8.385598794479679e+22
