t(s),Total solute volume 1,Total retention volume 1,Total 1 volume 1,Total 2 volume 1,Total 3 volume 1,Total 4 volume 1,Total 5 volume 1,Total 6 volume 1
0,2.5417881604872016e+17,1.8850876749969996e+22,1.0655456735803997e+17,1.8292710984074672e+17,2.655297452554167e+18,3.037972164025408e+19,1.377477269491226e+21,1.7439820800892642e+22
