t(s),Total solute volume 1,Total retention volume 1,Total 1 volume 1,Total 2 volume 1,Total 3 volume 1,Total 4 volume 1,Total 5 volume 1,Total 6 volume 1
0,1.4297083041559683e+17,7.800986409293964e+17,2.9520321540870584e+16,4.183413466422628e+16,248912231244391.5,695978309058002.6,1.7685708336551024e+16,5.471427554318548e+17
