t(s),Total solute volume 1,Total retention volume 1,Total 1 volume 1,Total 2 volume 1,Total 3 volume 1,Total 4 volume 1,Total 5 volume 1,Total 6 volume 1
0,7.171273444608589e+17,5.441198823846816e+19,1.0775438795249249e+18,2.613815739480852e+18,3.934499519306976e+16,2.483824929350535e+17,8.605034679962967e+18,4.111073910691041e+19
