t(s),Total solute volume 1,Total retention volume 1,Total 1 volume 1,Total 2 volume 1,Total 3 volume 1,Total 4 volume 1,Total 5 volume 1,Total 6 volume 1
0,1.314985697153493e+17,1.3038933213460652e+18,2.4495440733375292e+16,3.3758739075879252e+16,565338564561233.4,1515370896895836.2,3.6127521429065624e+16,1.0759323409309318e+18
