t(s),Total solute volume 1,Total retention volume 1,Total 1 volume 1,Total 2 volume 1,Total 3 volume 1,Total 4 volume 1,Total 5 volume 1,Total 6 volume 1
0,4.632802213684205e+19,4.0249322820532535e+23,1.098131415173949e+22,3.5085054935044953e+22,1.0305622629350566e+23,8.972102368837833e+22,7.971007845275822e+22,8.389320266175757e+22
