t(s),Total solute volume 1,Total retention volume 1,Total 1 volume 1,Total 2 volume 1,Total 3 volume 1,Total 4 volume 1,Total 5 volume 1,Total 6 volume 1
0,5.859579698822926e+16,4.7108220367577555e+17,4036115571689510.5,4248607036429529.5,842544673843576.5,1515034380886440.0,1.9438170660143724e+16,3.82405934364551e+17
