t(s),Total solute volume 1,Total retention volume 1,Total 1 volume 1,Total 2 volume 1,Total 3 volume 1,Total 4 volume 1,Total 5 volume 1,Total 6 volume 1
0,2.073332087427378e+19,1.4815145242803151e+22,1.9346913512456716e+21,1.1315073985465211e+22,7.137471347858668e+20,2.0798961428918433e+20,1.5615040199622043e+20,4.667594341467461e+20
