t(s),Total solute volume 1,Total retention volume 1,Total 1 volume 1,Total 2 volume 1,Total 3 volume 1,Total 4 volume 1,Total 5 volume 1,Total 6 volume 1
0,9.954516368711946e+17,8.007202849405984e+22,2.2394775286774456e+18,6.059472535941418e+18,1.0650315251716586e+20,1.4943367496754733e+21,2.5807195376483306e+22,5.265469881368443e+22
