t(s),Total solute volume 1,Total retention volume 1,Total 1 volume 1,Total 2 volume 1,Total 3 volume 1,Total 4 volume 1,Total 5 volume 1,Total 6 volume 1
0,1.0410857772626118e+17,5.6498024463822455e+19,1.4548167332142294e+16,1.8548032395571572e+16,4.051112946552586e+16,1.1223153734081206e+17,2.2633335472263823e+18,5.3944743472336765e+19
