t(s),Total solute volume 1,Total retention volume 1,Total 1 volume 1,Total 2 volume 1,Total 3 volume 1,Total 4 volume 1,Total 5 volume 1,Total 6 volume 1
0,2.5417881604872016e+17,8.699146660944662e+21,1.0655456735803997e+17,1.8292710984074672e+17,1.4595251987532595e+18,8.68638823531478e+18,3.520652787445492e+20,8.336391808272821e+21
