t(s),Total solute volume 1,Total retention volume 1,Total 1 volume 1,Total 2 volume 1,Total 3 volume 1,Total 4 volume 1,Total 5 volume 1,Total 6 volume 1
0,1.7473117771507889e+18,1.941387053187707e+21,7.856350728538216e+18,2.56333736483743e+19,1.6777379665346363e+19,1.3391816386459846e+20,4.3757236198116295e+20,1.3178821115225414e+21
