t(s),Total solute volume 1,Total retention volume 1,Total 1 volume 1,Total 2 volume 1,Total 3 volume 1,Total 4 volume 1,Total 5 volume 1,Total 6 volume 1
0,2.838052749429945e+17,6.353134051433128e+21,1.3626480534992328e+17,2.426887464870655e+17,1.0835431172354746e+18,5.365742992208347e+18,2.2848480853937943e+20,6.117537197957532e+21
