t(s),Total solute volume 1,Total retention volume 1,Total 1 volume 1,Total 2 volume 1,Total 3 volume 1,Total 4 volume 1,Total 5 volume 1,Total 6 volume 1
0,6.5666411056726936e+16,3.1353399456211833e+19,5203971956357369.0,5689972671683596.0,4.071269367512048e+16,1.7253314114915712e+17,2.6454362052843904e+18,2.8418157060418843e+19
