t(s),Total solute volume 1,Total retention volume 1,Total 1 volume 1,Total 2 volume 1,Total 3 volume 1,Total 4 volume 1,Total 5 volume 1,Total 6 volume 1
0,2.073332087427378e+19,2.7627570283750994e+23,1.9346913512456716e+21,1.1315073985465211e+22,8.29113422540178e+22,6.009111884773458e+22,5.035438538036653e+22,6.96483576978021e+22
