t(s),Total solute volume 1,Total retention volume 1,Total 1 volume 1,Total 2 volume 1,Total 3 volume 1,Total 4 volume 1,Total 5 volume 1,Total 6 volume 1
0,4.999990884535286e+16,7.25896282723322e+17,2833151015773908.0,2828700406760327.0,1816569985467995.0,3136953908370337.5,3.573029484497572e+16,6.295507037166228e+17
