t(s),Total solute volume 1,Total retention volume 1,Total 1 volume 1,Total 2 volume 1,Total 3 volume 1,Total 4 volume 1,Total 5 volume 1,Total 6 volume 1
0,2.838052749429945e+17,1.3174856103106152e+19,1.3626480534992328e+17,2.426887464870655e+17,2316098560734306.0,9201222700435940.0,3.850831152209149e+17,1.2115496839844106e+19
