t(s),Total solute volume 1,Total retention volume 1,Total 1 volume 1,Total 2 volume 1,Total 3 volume 1,Total 4 volume 1,Total 5 volume 1,Total 6 volume 1
0,5.74157916659942e+18,2.5589411826967704e+23,1.1155733650881687e+20,5.3600706402624864e+20,2.0867025788758563e+22,7.93645315509433e+22,7.352016752552452e+22,8.148908742475117e+22
