t(s),Total solute volume 1,Total retention volume 1,Total 1 volume 1,Total 2 volume 1,Total 3 volume 1,Total 4 volume 1,Total 5 volume 1,Total 6 volume 1
0,4.388031255538536e+18,2.461813566057903e+23,6.12580002685351e+19,2.7044583928840336e+20,1.0754946830835936e+22,7.594257929089896e+22,7.647348426076489e+22,8.267425435247925e+22
