t(s),Total solute volume 1,Total retention volume 1,Total 1 volume 1,Total 2 volume 1,Total 3 volume 1,Total 4 volume 1,Total 5 volume 1,Total 6 volume 1
0,2.286764682938004e+17,1.572813987506456e+21,8.41666310503365e+16,1.3948910952252272e+17,3.2744868577419475e+17,1.3128807690541586e+18,4.780312467830439e+19,1.5229182011644547e+21
