t(s),Total solute volume 1,Total retention volume 1,Total 1 volume 1,Total 2 volume 1,Total 3 volume 1,Total 4 volume 1,Total 5 volume 1,Total 6 volume 1
0,1.874180731908145e+17,9.603652523946941e+20,5.399819431922016e+16,8.374842692958085e+16,2.5565606464482003e+17,9.760126944505076e+17,3.0838744137560744e+19,9.279696748035751e+20
