t(s),Total solute volume 1,Total retention volume 1,Total 1 volume 1,Total 2 volume 1,Total 3 volume 1,Total 4 volume 1,Total 5 volume 1,Total 6 volume 1
0,5.74157916659942e+18,2.4602535783478636e+22,1.1155733650881687e+20,5.3600706402624864e+20,3.645827050484598e+21,5.088931887729788e+21,4.0664477866401386e+21,1.1148023078922633e+22
