t(s),Total solute volume 1,Total retention volume 1,Total 1 volume 1,Total 2 volume 1,Total 3 volume 1,Total 4 volume 1,Total 5 volume 1,Total 6 volume 1
0,1.1999214403838304e+20,4.6800230788858234e+23,6.152497233576406e+22,4.870349495676086e+22,1.0391095832658195e+23,8.989457766217259e+22,7.988910362720299e+22,8.395920883605565e+22
