t(s),Total solute volume 1,Total retention volume 1,Total 1 volume 1,Total 2 volume 1,Total 3 volume 1,Total 4 volume 1,Total 5 volume 1,Total 6 volume 1
0,2.073332087427378e+19,3.61024438291026e+23,1.9346913512456716e+21,1.1315073985465211e+22,9.539010520566583e+22,8.92952877693925e+22,7.931987092234769e+22,8.374867573603491e+22
