t(s),Total solute volume 1,Total retention volume 1,Total 1 volume 1,Total 2 volume 1,Total 3 volume 1,Total 4 volume 1,Total 5 volume 1,Total 6 volume 1
0,5.74157916659942e+18,2.6953828410254948e+23,1.1155733650881687e+20,5.3600706402624864e+20,2.1293558172484528e+22,8.460090989528978e+22,7.926102050801987e+22,8.372948954705333e+22
