t(s),Total solute volume 1,Total retention volume 1,Total 1 volume 1,Total 2 volume 1,Total 3 volume 1,Total 4 volume 1,Total 5 volume 1,Total 6 volume 1
0,9.026506572834251e+16,2.5915464944414883e+17,1.0582167792312242e+16,1.2864965809597988e+16,142447479609528.1,314758887423732.2,5623422265063091.0,1.3936182148180298e+17
