t(s),Total solute volume 1,Total retention volume 1,Total 1 volume 1,Total 2 volume 1,Total 3 volume 1,Total 4 volume 1,Total 5 volume 1,Total 6 volume 1
0,1.0417779541760956e+19,2.7848361495279163e+23,4.2060845695740917e+20,2.3786086414986547e+21,5.874213610859659e+22,7.456359352588586e+22,6.476015855803468e+22,7.76080918822775e+22
