t(s),Total solute volume 1,Total retention volume 1,Total 1 volume 1,Total 2 volume 1,Total 3 volume 1,Total 4 volume 1,Total 5 volume 1,Total 6 volume 1
0,3.5908603530687936e+17,2.4101517517617365e+21,2.3031334757874176e+17,4.4365248646884774e+17,4.68691531674512e+17,2.1923852588449933e+18,1.0495942771688638e+20,2.301498195384978e+21
