t(s),Total solute volume 1,Total retention volume 1,Total 1 volume 1,Total 2 volume 1,Total 3 volume 1,Total 4 volume 1,Total 5 volume 1,Total 6 volume 1
0,1.314985697153493e+17,1.9373592562064222e+20,2.4495440733375292e+16,3.3758739075879256e+16,9.189843654506616e+16,2.937852760030338e+17,7.099331644814152e+18,1.8606115751375677e+20
