t(s),Total solute volume 1,Total retention volume 1,Total 1 volume 1,Total 2 volume 1,Total 3 volume 1,Total 4 volume 1,Total 5 volume 1,Total 6 volume 1
0,1.0417779541760956e+19,5.916443455137915e+22,4.2060845695740917e+20,2.3786086414986547e+21,1.8386235163714846e+22,1.0205095130368978e+22,7.8479011041187e+21,1.9915568275178475e+22
