t(s),Total solute volume 1,Total retention volume 1,Total 1 volume 1,Total 2 volume 1,Total 3 volume 1,Total 4 volume 1,Total 5 volume 1,Total 6 volume 1
0,3.049370426842634e+19,3.1429811395551954e+22,4.502339012740615e+21,2.2082334505202914e+22,2.283874219869574e+21,6.360112701764813e+20,4.7761779927513675e+20,1.4171408840182575e+21
