t(s),Total solute volume 1,Total retention volume 1,Total 1 volume 1,Total 2 volume 1,Total 3 volume 1,Total 4 volume 1,Total 5 volume 1,Total 6 volume 1
0,1.4509118010472559e+19,7.614630183597732e+21,8.782046250079989e+20,5.232424008980733e+21,6.36798498209241e+20,2.1320077021310216e+20,1.6031890030886417e+20,4.791742628673904e+20
