t(s),Total solute volume 1,Total retention volume 1,Total 1 volume 1,Total 2 volume 1,Total 3 volume 1,Total 4 volume 1,Total 5 volume 1,Total 6 volume 1
0,2.1550923634800276e+18,6.351102450799827e+20,1.2543579337050872e+19,4.387601538914759e+19,8.913539433430365e+18,6.356289421880737e+19,1.2573633434751951e+20,3.78322789990545e+20
