t(s),Total solute volume 1,Total retention volume 1,Total 1 volume 1,Total 2 volume 1,Total 3 volume 1,Total 4 volume 1,Total 5 volume 1,Total 6 volume 1
0,7.654339330001997e+18,2.055055220572762e+21,2.1174029546635172e+20,1.1075853577564208e+21,1.9020361022375228e+20,1.325803620003626e+20,1.0149964000007499e+20,3.0379161579575004e+20
