t(s),Total solute volume 1,Total retention volume 1,Total 1 volume 1,Total 2 volume 1,Total 3 volume 1,Total 4 volume 1,Total 5 volume 1,Total 6 volume 1
0,3.184149623986931e+17,7.909025846198605e+19,1.761415583916261e+17,3.2597540298476077e+17,1.442820322728051e+16,6.087682695169175e+16,2.7327699212390497e+18,7.546165158679323e+19
