t(s),Total solute volume 1,Total retention volume 1,Total 1 volume 1,Total 2 volume 1,Total 3 volume 1,Total 4 volume 1,Total 5 volume 1,Total 6 volume 1
0,5.263409243820472e+16,5.985475771247762e+16,3176956375550944.5,3226718800086626.5,2070441769549.622,3466986224581.665,40912009784162.91,770540660857559.4
