t(s),Total solute volume 1,Total retention volume 1,Total 1 volume 1,Total 2 volume 1,Total 3 volume 1,Total 4 volume 1,Total 5 volume 1,Total 6 volume 1
0,1.122294944848212e+17,1.8016641833635072e+19,1.720192593325329e+16,2.2487444393871428e+16,1.178228949510183e+16,3.0087977344376068e+16,6.368480687426437e+17,1.7186004633241444e+19
