t(s),Total solute volume 1,Total retention volume 1,Total 1 volume 1,Total 2 volume 1,Total 3 volume 1,Total 4 volume 1,Total 5 volume 1,Total 6 volume 1
0,2.1550923634800276e+18,1.6508959404971462e+20,1.2543579337050872e+19,4.387601538914759e+19,1.650086191014504e+18,1.1726652421481683e+19,2.3191427929785164e+19,6.994674041775278e+19
