t(s),Total solute volume 1,Total retention volume 1,Total 1 volume 1,Total 2 volume 1,Total 3 volume 1,Total 4 volume 1,Total 5 volume 1,Total 6 volume 1
0,5.549106202873219e+16,5.049416517693974e+18,3574543289432606.5,3695067633789086.0,1.039808870597446e+16,2.335079242909816e+16,2.932116980762069e+17,4.659695265530682e+18
