t(s),Total solute volume 1,Total retention volume 1,Total 1 volume 1,Total 2 volume 1,Total 3 volume 1,Total 4 volume 1,Total 5 volume 1,Total 6 volume 1
0,9.026506572834251e+16,4.5222666395716314e+17,1.0582167792312242e+16,1.2864965809597988e+16,331409521312351.4,733041369107746.9,1.3097302575569958e+16,3.2435271116092454e+17
