t(s),Total solute volume 1,Total retention volume 1,Total 1 volume 1,Total 2 volume 1,Total 3 volume 1,Total 4 volume 1,Total 5 volume 1,Total 6 volume 1
0,2.69227699570376e+18,3.024780860716329e+21,2.0606897695457464e+19,7.758321800726444e+19,7.960582555414027e+19,4.555323995665516e+20,6.024079829266432e+20,1.786352259970593e+21
