t(s),Total solute volume 1,Total retention volume 1,Total 1 volume 1,Total 2 volume 1,Total 3 volume 1,Total 4 volume 1,Total 5 volume 1,Total 6 volume 1
0,5.74157916659942e+18,2.3834943098081488e+23,1.1155733650881687e+20,5.3600706402624864e+20,2.0263980606067606e+22,7.268110998833334e+22,6.637752165330386e+22,7.837351275340163e+22
