t(s),Total solute volume 1,Total retention volume 1,Total 1 volume 1,Total 2 volume 1,Total 3 volume 1,Total 4 volume 1,Total 5 volume 1,Total 6 volume 1
0,1.1886142573461043e+18,9.546924352967013e+19,3.3262845753212687e+18,9.547595689902217e+18,2.5009641142563184e+17,1.9289216625552333e+18,1.879458342807977e+19,6.043314750504095e+19
