t(s),Total solute volume 1,Total retention volume 1,Total 1 volume 1,Total 2 volume 1,Total 3 volume 1,Total 4 volume 1,Total 5 volume 1,Total 6 volume 1
0,7.898873006952949e+16,2.1982124511916902e+17,7857626411464600.0,9137075296732168.0,153421270168177.5,316729016663410.7,5107261793896612.0,1.1826040126071426e+17
