t(s),Total solute volume 1,Total retention volume 1,Total 1 volume 1,Total 2 volume 1,Total 3 volume 1,Total 4 volume 1,Total 5 volume 1,Total 6 volume 1
0,1.4509118010472559e+19,3.2748840708513476e+23,8.782046250079989e+20,5.232424008980733e+21,8.140391391633854e+22,8.414189337783394e+22,7.409632184869833e+22,8.17211401902668e+22
