t(s),Total solute volume 1,Total retention volume 1,Total 1 volume 1,Total 2 volume 1,Total 3 volume 1,Total 4 volume 1,Total 5 volume 1,Total 6 volume 1
0,5.331000576703257e+17,2.256892784916708e+22,5.560848088934841e+17,1.2219752934206108e+18,7.821252762209698e+18,5.499662902897174e+19,2.7260035228252614e+21,1.977779528439099e+22
