t(s),Total solute volume 1,Total retention volume 1,Total 1 volume 1,Total 2 volume 1,Total 3 volume 1,Total 4 volume 1,Total 5 volume 1,Total 6 volume 1
0,2.5417881604872016e+17,1.7309870553787196e+22,1.0655456735803997e+17,1.8292710984074672e+17,2.5047374371126835e+18,2.5675236723980296e+19,1.1349491182886963e+21,1.614619780084419e+22
