t(s),Total solute volume 1,Total retention volume 1,Total 1 volume 1,Total 2 volume 1,Total 3 volume 1,Total 4 volume 1,Total 5 volume 1,Total 6 volume 1
0,7.301727964015883e+19,3.8632507338587275e+23,2.7111952799558177e+22,4.446286275392808e+22,9.770459037567265e+22,7.489302010927284e+22,6.456524614333376e+22,7.751438392446635e+22
