t(s),Total solute volume 1,Total retention volume 1,Total 1 volume 1,Total 2 volume 1,Total 3 volume 1,Total 4 volume 1,Total 5 volume 1,Total 6 volume 1
0,5.263409243820472e+16,7.717769185124957e+16,3176956375550943.5,3226718800086626.5,45949106220163.76,77031335419744.97,909077760542435.6,1.7107866035225564e+16
