t(s),Total solute volume 1,Total retention volume 1,Total 1 volume 1,Total 2 volume 1,Total 3 volume 1,Total 4 volume 1,Total 5 volume 1,Total 6 volume 1
0,2.69227699570376e+18,2.780439734461261e+20,2.0606897695457464e+19,7.758321800726444e+19,4.877748476454997e+18,2.7396376103301652e+19,3.618215370885799e+19,1.087053024590869e+20
