t(s),Total solute volume 1,Total retention volume 1,Total 1 volume 1,Total 2 volume 1,Total 3 volume 1,Total 4 volume 1,Total 5 volume 1,Total 6 volume 1
0,3.41080351854199e+18,2.774224892958152e+20,3.4926673833597542e+19,1.42115214248461e+20,4.853924532439615e+18,1.838711773424857e+19,1.8426362071320177e+19,5.530239335720696e+19
