t(s),Total solute volume 1,Total retention volume 1,Total 1 volume 1,Total 2 volume 1,Total 3 volume 1,Total 4 volume 1,Total 5 volume 1,Total 6 volume 1
0,5.549106202873219e+16,1.8207629756577675e+19,3574543289432606.5,3695067633789086.0,2.9289535532577416e+16,1.4770130640734326e+17,2.0970869880547866e+18,1.587079125363125e+19
