t(s),Total solute volume 1,Total retention volume 1,Total 1 volume 1,Total 2 volume 1,Total 3 volume 1,Total 4 volume 1,Total 5 volume 1,Total 6 volume 1
0,4.071819960099205e+17,4.953495270631946e+22,3.048573828454969e+17,6.123728968341585e+17,8.655237297163294e+18,9.095580272333573e+19,4.951157445869995e+21,4.448285980815361e+22
