t(s),Total solute volume 1,Total retention volume 1,Total 1 volume 1,Total 2 volume 1,Total 3 volume 1,Total 4 volume 1,Total 5 volume 1,Total 6 volume 1
0,1.213101554250879e+17,2.12273448390825e+17,2.046233060134811e+16,2.7452473202875316e+16,25122465391783.26,64551409179654.6,1446778016215186.2,4.1512037270727864e+16
