t(s),Total solute volume 1,Total retention volume 1,Total 1 volume 1,Total 2 volume 1,Total 3 volume 1,Total 4 volume 1,Total 5 volume 1,Total 6 volume 1
0,3.5908603530687936e+17,4.14138940843306e+22,2.3031334757874176e+17,4.4365248646884774e+17,6.203427824729463e+18,6.410812633261742e+19,3.366020782873507e+21,3.7976528695430346e+22
