t(s),Total solute volume 1,Total retention volume 1,Total 1 volume 1,Total 2 volume 1,Total 3 volume 1,Total 4 volume 1,Total 5 volume 1,Total 6 volume 1
0,2.5417881604872016e+17,1.905298794018815e+22,1.0655456735803997e+17,1.8292710984074672e+17,2.674204340208983e+18,3.104886845032656e+19,1.4129915767646836e+21,1.7605729630139816e+22
