t(s),Total solute volume 1,Total retention volume 1,Total 1 volume 1,Total 2 volume 1,Total 3 volume 1,Total 4 volume 1,Total 5 volume 1,Total 6 volume 1
0,1.213101554250879e+17,3.021785981966363e+17,2.046233060134811e+16,2.7452473202875316e+16,77586177685373.31,199378762584711.34,4468673498359967.0,1.282080005287005e+17
