t(s),Total solute volume 1,Total retention volume 1,Total 1 volume 1,Total 2 volume 1,Total 3 volume 1,Total 4 volume 1,Total 5 volume 1,Total 6 volume 1
0,1.1886142573461043e+18,4.548151813941591e+20,3.3262845753212687e+18,9.547595689902217e+18,1.3518813791207468e+18,1.045762889959465e+19,1.0191571338796922e+20,3.2702746320489434e+20
