t(s),Total solute volume 1,Total retention volume 1,Total 1 volume 1,Total 2 volume 1,Total 3 volume 1,Total 4 volume 1,Total 5 volume 1,Total 6 volume 1
0,1.1999214403838304e+20,2.1755984346028405e+23,6.152497233576406e+22,4.870349495676086e+22,4.551992481441769e+22,1.7423367517580942e+22,1.3475154442064356e+22,3.0792937249656384e+22
