t(s),Total solute volume 1,Total retention volume 1,Total 1 volume 1,Total 2 volume 1,Total 3 volume 1,Total 4 volume 1,Total 5 volume 1,Total 6 volume 1
0,6.5666411056726936e+16,7.772482460058371e+16,5203971956357368.0,5689972671683596.0,1999010498546.6045,3749397991473.1787,52450316904152.01,1106270190423736.9
