t(s),Total solute volume 1,Total retention volume 1,Total 1 volume 1,Total 2 volume 1,Total 3 volume 1,Total 4 volume 1,Total 5 volume 1,Total 6 volume 1
0,1.314985697153493e+17,4.3434134926531874e+20,2.4495440733375292e+16,3.3758739075879256e+16,1.9048241522431738e+17,7.688095448502555e+17,1.899836577835548e+19,4.1419393877736817e+20
