t(s),Total solute volume 1,Total retention volume 1,Total 1 volume 1,Total 2 volume 1,Total 3 volume 1,Total 4 volume 1,Total 5 volume 1,Total 6 volume 1
0,5.74157916659942e+18,1.495809307676879e+22,1.1155733650881687e+20,5.3600706402624864e+20,2.2392836317850158e+21,2.971991911496473e+21,2.3655861114075983e+21,6.727925442378058e+21
