t(s),Total solute volume 1,Total retention volume 1,Total 1 volume 1,Total 2 volume 1,Total 3 volume 1,Total 4 volume 1,Total 5 volume 1,Total 6 volume 1
0,2.286764682938004e+17,4.0860491045417805e+18,8.41666310503365e+16,1.3948910952252272e+17,791903622022285.6,2816502966992231.0,1.0164243433504498e+17,3.5284660547510886e+18
