t(s),Total solute volume 1,Total retention volume 1,Total 1 volume 1,Total 2 volume 1,Total 3 volume 1,Total 4 volume 1,Total 5 volume 1,Total 6 volume 1
0,2.5417881604872016e+17,1.140949239695916e+22,1.0655456735803997e+17,1.8292710984074672e+17,1.826502005297541e+18,1.2747578910023727e+19,5.2713978859773755e+20,1.086723486695294e+22
