t(s),Total solute volume 1,Total retention volume 1,Total 1 volume 1,Total 2 volume 1,Total 3 volume 1,Total 4 volume 1,Total 5 volume 1,Total 6 volume 1
0,7.654339330001997e+18,1.8766121013919694e+21,2.1174029546635185e+20,1.1075853577564208e+21,1.4364446824456338e+20,1.0004391151251508e+20,7.658627089785456e+19,2.293574581842333e+20
