t(s),Total solute volume 1,Total retention volume 1,Total 1 volume 1,Total 2 volume 1,Total 3 volume 1,Total 4 volume 1,Total 5 volume 1,Total 6 volume 1
0,6.5666411056726936e+16,4.026878913173723e+19,5203971956357368.0,5689972671683596.0,4.8381939708909736e+16,2.6881035012277184e+17,4.3551255275512146e+18,3.55199109586703e+19
