t(s),Total solute volume 1,Total retention volume 1,Total 1 volume 1,Total 2 volume 1,Total 3 volume 1,Total 4 volume 1,Total 5 volume 1,Total 6 volume 1
0,5.549106202873219e+16,1.38005582060969e+19,3574543289432606.5,3695067633789086.0,2.4179180157802336e+16,9.120159545943333e+16,1.2223017112438344e+18,1.240011504628393e+19
