t(s),Total solute volume 1,Total retention volume 1,Total 1 volume 1,Total 2 volume 1,Total 3 volume 1,Total 4 volume 1,Total 5 volume 1,Total 6 volume 1
0,3.184149623986931e+17,4.743507471373145e+21,1.761415583916261e+17,3.259754029847607e+17,8.369195919606522e+17,3.9556881059165676e+18,1.790725054413945e+20,4.5588218263100945e+21
