t(s),Total solute volume 1,Total retention volume 1,Total 1 volume 1,Total 2 volume 1,Total 3 volume 1,Total 4 volume 1,Total 5 volume 1,Total 6 volume 1
0,9.954516368711946e+17,1.5392310205973215e+23,2.2394775286774456e+18,6.059472535941418e+18,1.5193515239745874e+20,3.5341210892056716e+21,6.7402413313053445e+22,8.282533810337187e+22
