t(s),Total solute volume 1,Total retention volume 1,Total 1 volume 1,Total 2 volume 1,Total 3 volume 1,Total 4 volume 1,Total 5 volume 1,Total 6 volume 1
0,1.7473117771507889e+18,1.7606902665009964e+23,7.856350728538216e+18,2.56333736483743e+19,7.847651016345307e+20,1.929310410550726e+22,7.390656984750708e+22,8.204935055929796e+22
