t(s),Total solute volume 1,Total retention volume 1,Total 1 volume 1,Total 2 volume 1,Total 3 volume 1,Total 4 volume 1,Total 5 volume 1,Total 6 volume 1
0,1.433399386980134e+18,4.1415964252587445e+20,5.050972524890161e+18,1.5430230570377775e+19,2.023206102066898e+18,1.6193347139554169e+19,9.140701137615051e+19,2.8262147542585082e+20
