t(s),Total solute volume 1,Total retention volume 1,Total 1 volume 1,Total 2 volume 1,Total 3 volume 1,Total 4 volume 1,Total 5 volume 1,Total 6 volume 1
0,1.7473117771507889e+18,1.813552446592218e+23,7.856350728538216e+18,2.56333736483743e+19,7.939296839843246e+20,2.0015205378630525e+22,7.717415258968483e+22,8.333671997076918e+22
