t(s),Total solute volume 1,Total retention volume 1,Total 1 volume 1,Total 2 volume 1,Total 3 volume 1,Total 4 volume 1,Total 5 volume 1,Total 6 volume 1
0,4.632802213684205e+19,2.7731855493546805e+23,1.098131415173949e+22,3.5085054935044953e+22,8.148643169178267e+22,4.830989898314263e+22,3.955123621603218e+22,6.185829093558823e+22
