t(s),Total solute volume 1,Total retention volume 1,Total 1 volume 1,Total 2 volume 1,Total 3 volume 1,Total 4 volume 1,Total 5 volume 1,Total 6 volume 1
0,6.5666411056726936e+16,3.704018550599329e+19,5203971956357368.0,5689972671683596.0,4.579152108280934e+16,2.3022933327463747e+17,3.647262841442523e+18,3.3040341454508237e+19
