t(s),Total solute volume 1,Total retention volume 1,Total 1 volume 1,Total 2 volume 1,Total 3 volume 1,Total 4 volume 1,Total 5 volume 1,Total 6 volume 1
0,1.433399386980134e+18,5.41447416077085e+20,5.050972524890161e+18,1.5430230570377775e+19,2.678237050710052e+18,2.1457920987138687e+19,1.2113270477642169e+20,3.742639507805626e+20
