t(s),Total solute volume 1,Total retention volume 1,Total 1 volume 1,Total 2 volume 1,Total 3 volume 1,Total 4 volume 1,Total 5 volume 1,Total 6 volume 1
0,4.632802213684205e+19,4.703667407902731e+22,1.098131415173949e+22,3.5085054935044953e+22,4.4474819042564145e+20,1.1992545961356493e+20,8.996645706671233e+19,2.6933686300143613e+20
