t(s),Total solute volume 1,Total retention volume 1,Total 1 volume 1,Total 2 volume 1,Total 3 volume 1,Total 4 volume 1,Total 5 volume 1,Total 6 volume 1
0,2.838052749429945e+17,1.1405529810651306e+22,1.3626480534992328e+17,2.426887464870655e+17,1.8283539494988178e+18,1.0906010169542957e+19,4.729434082912007e+20,1.0919189279414258e+22
