t(s),Total solute volume 1,Total retention volume 1,Total 1 volume 1,Total 2 volume 1,Total 3 volume 1,Total 4 volume 1,Total 5 volume 1,Total 6 volume 1
0,2.286764682938004e+17,5.269139432997545e+18,8.41666310503365e+16,1.3948910952252272e+17,1049700371258685.8,3733721699275750.0,1.3474401480886152e+17,4.677279787251502e+18
