t(s),Total solute volume 1,Total retention volume 1,Total 1 volume 1,Total 2 volume 1,Total 3 volume 1,Total 4 volume 1,Total 5 volume 1,Total 6 volume 1
0,5.74157916659942e+18,2.1892970286943838e+23,1.1155733650881687e+20,5.3600706402624864e+20,1.9515519596752353e+22,6.53750354589974e+22,5.879686907120046e+22,7.458897276278931e+22
