t(s),Total solute volume 1,Total retention volume 1,Total 1 volume 1,Total 2 volume 1,Total 3 volume 1,Total 4 volume 1,Total 5 volume 1,Total 6 volume 1
0,2.073332087427378e+19,9.094387363600917e+22,1.9346913512456716e+21,1.1315073985465211e+22,3.2560689825855396e+22,1.2349232470852347e+22,9.471157619265934e+21,2.329229506245056e+22
