t(s),Total solute volume 1,Total retention volume 1,Total 1 volume 1,Total 2 volume 1,Total 3 volume 1,Total 4 volume 1,Total 5 volume 1,Total 6 volume 1
0,1.122294944848212e+17,5.155211992015858e+19,1.720192593325329e+16,2.2487444393871428e+16,3.3076667452184788e+16,9.005849463735685e+16,1.9153453582463388e+18,4.9361720535010796e+19
