t(s),Total solute volume 1,Total retention volume 1,Total 1 volume 1,Total 2 volume 1,Total 3 volume 1,Total 4 volume 1,Total 5 volume 1,Total 6 volume 1
0,5.549106202873219e+16,7.36520199598768e+18,3574543289432606.5,3695067633789086.0,1.4548918504798578e+16,3.720674586489886e+16,4.7329500977846e+17,6.777390648887499e+18
