t(s),Total solute volume 1,Total retention volume 1,Total 1 volume 1,Total 2 volume 1,Total 3 volume 1,Total 4 volume 1,Total 5 volume 1,Total 6 volume 1
0,1.433399386980134e+18,1.1790488464366307e+20,5.050972524890161e+18,1.5430230570377775e+19,4.957744824616872e+17,3.958689505580603e+18,2.234202565600137e+19,6.91937925173713e+19
