t(s),Total solute volume 1,Total retention volume 1,Total 1 volume 1,Total 2 volume 1,Total 3 volume 1,Total 4 volume 1,Total 5 volume 1,Total 6 volume 1
0,9.026506572834251e+16,3.3555006699368923e+19,1.0582167792312242e+16,1.2864965809597988e+16,3.059603688196223e+16,8.080112033880656e+16,1.4634710382720937e+18,3.1866426304545104e+19
