t(s),Total solute volume 1,Total retention volume 1,Total 1 volume 1,Total 2 volume 1,Total 3 volume 1,Total 4 volume 1,Total 5 volume 1,Total 6 volume 1
0,9.954516368711946e+17,6.044539060699457e+21,2.2394775286774456e+18,6.059472535941418e+18,1.1049035588877298e+19,8.454454188442763e+19,1.370585983924954e+21,4.56906509759965e+21
