t(s),Total solute volume 1,Total retention volume 1,Total 1 volume 1,Total 2 volume 1,Total 3 volume 1,Total 4 volume 1,Total 5 volume 1,Total 6 volume 1
0,1.433399386980134e+18,9.324579066970159e+20,5.050972524890161e+18,1.5430230570377775e+19,4.685752492860805e+18,3.765960859268964e+19,2.1263984667771666e+20,6.555580964514989e+20
