t(s),Total solute volume 1,Total retention volume 1,Total 1 volume 1,Total 2 volume 1,Total 3 volume 1,Total 4 volume 1,Total 5 volume 1,Total 6 volume 1
0,3.184149623986931e+17,3.5642456283866276e+22,1.761415583916261e+17,3.2597540298476077e+17,4.815610533722386e+18,5.438538691143463e+19,2.7646000063686697e+21,3.2817834748128872e+22
