t(s),Total solute volume 1,Total retention volume 1,Total 1 volume 1,Total 2 volume 1,Total 3 volume 1,Total 4 volume 1,Total 5 volume 1,Total 6 volume 1
0,1.1999214403838304e+20,1.3817538515053055e+23,6.152497233576406e+22,4.870349495676086e+22,1.3045498756307582e+22,3.8114574083441736e+21,2.877639029628788e+21,8.092330519689394e+21
