t(s),Total solute volume 1,Total retention volume 1,Total 1 volume 1,Total 2 volume 1,Total 3 volume 1,Total 4 volume 1,Total 5 volume 1,Total 6 volume 1
0,7.171273444608589e+17,2.5371928545746323e+21,1.0775438795249249e+18,2.613815739480852e+18,1.970195837007635e+18,1.2730114354515479e+19,4.417488252032655e+20,2.076335232216373e+21
