t(s),Total solute volume 1,Total retention volume 1,Total 1 volume 1,Total 2 volume 1,Total 3 volume 1,Total 4 volume 1,Total 5 volume 1,Total 6 volume 1
0,3.049370426842634e+19,7.75490871976477e+22,4.502339012740615e+21,2.2082334505202914e+22,2.287211675002103e+22,7.432674544378114e+21,5.648361439416544e+21,1.498076724162032e+22
