t(s),Total solute volume 1,Total retention volume 1,Total 1 volume 1,Total 2 volume 1,Total 3 volume 1,Total 4 volume 1,Total 5 volume 1,Total 6 volume 1
0,2.286764682938004e+17,8.073809513759996e+19,8.41666310503365e+16,1.3948910952252272e+17,1.7457366681918668e+16,6.244909246311408e+16,2.2545829237631094e+18,7.795127354582504e+19
