t(s),Total solute volume 1,Total retention volume 1,Total 1 volume 1,Total 2 volume 1,Total 3 volume 1,Total 4 volume 1,Total 5 volume 1,Total 6 volume 1
0,3.049370426842634e+19,2.751470599286686e+22,4.502339012740615e+21,2.2082334505202914e+22,4.28600245118316e+20,1.1783717873176668e+20,8.841114396855956e+19,2.6469020283595892e+20
