t(s),Total solute volume 1,Total retention volume 1,Total 1 volume 1,Total 2 volume 1,Total 3 volume 1,Total 4 volume 1,Total 5 volume 1,Total 6 volume 1
0,3.5908603530687936e+17,4.0944037319201983e+21,2.3031334757874176e+17,4.4365248646884774e+17,7.868405285981944e+17,3.795848321003313e+18,1.8214050362281683e+20,3.9066474875784276e+21
