t(s),Total solute volume 1,Total retention volume 1,Total 1 volume 1,Total 2 volume 1,Total 3 volume 1,Total 4 volume 1,Total 5 volume 1,Total 6 volume 1
0,1.122294944848212e+17,1.8018342076644157e+17,1.720192593325329e+16,2.2487444393871428e+16,18890198573278.78,46639410711605.95,984822359706658.4,2.721420398550498e+16
