t(s),Total solute volume 1,Total retention volume 1,Total 1 volume 1,Total 2 volume 1,Total 3 volume 1,Total 4 volume 1,Total 5 volume 1,Total 6 volume 1
0,1.7473117771507889e+18,1.4036686603579011e+23,7.856350728538216e+18,2.56333736483743e+19,7.096954954642377e+20,1.4499579855589136e+22,5.324734120921065e+22,7.1875012439369216e+22
