t(s),Total solute volume 1,Total retention volume 1,Total 1 volume 1,Total 2 volume 1,Total 3 volume 1,Total 4 volume 1,Total 5 volume 1,Total 6 volume 1
0,5.331000576703257e+17,1.0716929893047165e+19,5.560848088934841e+17,1.2219752934206106e+18,3243882653656860.0,1.772770688243374e+16,8.611715508577356e+17,7.523626592668921e+18
