t(s),Total solute volume 1,Total retention volume 1,Total 1 volume 1,Total 2 volume 1,Total 3 volume 1,Total 4 volume 1,Total 5 volume 1,Total 6 volume 1
0,1.5593745071291005e+17,8.798382755915099e+18,3.5828426689998184e+16,5.226428756416006e+16,3249634218892753.0,9529573878634946.0,2.587470966713283e+17,8.282826286179069e+18
