t(s),Total solute volume 1,Total retention volume 1,Total 1 volume 1,Total 2 volume 1,Total 3 volume 1,Total 4 volume 1,Total 5 volume 1,Total 6 volume 1
0,7.654339330001997e+18,2.1001672538762466e+22,2.11740295466352e+20,1.1075853577564208e+21,4.923779346287962e+21,3.746838773644593e+21,2.8869615491582457e+21,8.117112877118542e+21
