t(s),Total solute volume 1,Total retention volume 1,Total 1 volume 1,Total 2 volume 1,Total 3 volume 1,Total 4 volume 1,Total 5 volume 1,Total 6 volume 1
0,1.1886142573461043e+18,1.4570070378846644e+23,3.3262845753212687e+18,9.547595689902217e+18,2.4463657989246367e+20,5.494553337032745e+21,6.176086259607522e+22,7.81865887809472e+22
