t(s),Total solute volume 1,Total retention volume 1,Total 1 volume 1,Total 2 volume 1,Total 3 volume 1,Total 4 volume 1,Total 5 volume 1,Total 6 volume 1
0,3.41080351854199e+18,2.346689413565272e+23,3.4926673833597546e+19,1.42115214248461e+20,5.459031578591758e+21,6.654863681936626e+22,7.887417835420707e+22,8.360664191276399e+22
