t(s),Total solute volume 1,Total retention volume 1,Total 1 volume 1,Total 2 volume 1,Total 3 volume 1,Total 4 volume 1,Total 5 volume 1,Total 6 volume 1
0,8.413405339804337e+17,1.2048277486455507e+23,1.5388438157429548e+18,3.9368564749678444e+18,8.543269770300785e+19,1.5855382801827567e+21,4.4847768378858615e+22,7.395771846698441e+22
