t(s),Total solute volume 1,Total retention volume 1,Total 1 volume 1,Total 2 volume 1,Total 3 volume 1,Total 4 volume 1,Total 5 volume 1,Total 6 volume 1
0,2.69227699570376e+18,2.1454059676969655e+23,2.0606897695457464e+19,7.758321800726444e+19,2.7858468594565083e+21,5.010440319208934e+22,7.816756985934123e+22,8.338189446610829e+22
