t(s),Total solute volume 1,Total retention volume 1,Total 1 volume 1,Total 2 volume 1,Total 3 volume 1,Total 4 volume 1,Total 5 volume 1,Total 6 volume 1
0,2.838052749429945e+17,6.845313856695057e+19,1.3626480534992328e+17,2.426887464870655e+17,1.2539359135737726e+16,4.990874809399993e+16,2.0890183755738307e+18,6.563891325736708e+19
