t(s),Total solute volume 1,Total retention volume 1,Total 1 volume 1,Total 2 volume 1,Total 3 volume 1,Total 4 volume 1,Total 5 volume 1,Total 6 volume 1
0,3.049370426842634e+19,5.796793838140688e+22,4.502339012740615e+21,2.2082334505202914e+22,1.4419219057285184e+22,4.3852122492352977e+21,3.31471368234498e+21,9.233626170328704e+21
