t(s),Total solute volume 1,Total retention volume 1,Total 1 volume 1,Total 2 volume 1,Total 3 volume 1,Total 4 volume 1,Total 5 volume 1,Total 6 volume 1
0,6.197674773403082e+16,2.8300684338035845e+18,4574148913662800.0,4905847431427061.0,5067857042519958.0,1.0054793936655252e+16,1.3538306789450883e+17,2.6081059708508114e+18
