t(s),Total solute volume 1,Total retention volume 1,Total 1 volume 1,Total 2 volume 1,Total 3 volume 1,Total 4 volume 1,Total 5 volume 1,Total 6 volume 1
0,2.286764682938004e+17,1.1332600321870083e+22,8.41666310503365e+16,1.3948910952252272e+17,1.8218497131483666e+18,1.749311165117867e+19,7.160151389782134e+20,1.0596817889318668e+22
