t(s),Total solute volume 1,Total retention volume 1,Total 1 volume 1,Total 2 volume 1,Total 3 volume 1,Total 4 volume 1,Total 5 volume 1,Total 6 volume 1
0,4.6444135142887546e+17,8.41755311698842e+22,4.088535341100352e+17,8.58089529357151e+17,1.599402432495414e+19,2.584397217349757e+20,1.5379266474672065e+22,6.852009956473723e+22
