t(s),Total solute volume 1,Total retention volume 1,Total 1 volume 1,Total 2 volume 1,Total 3 volume 1,Total 4 volume 1,Total 5 volume 1,Total 6 volume 1
0,1.0410857772626118e+17,3.5369377872330955e+20,1.4548167332142294e+16,1.8548032395571572e+16,1.9057726067514384e+17,1.373726771018314e+18,3.189915796537199e+19,3.200931119487963e+20
