t(s),Total solute volume 1,Total retention volume 1,Total 1 volume 1,Total 2 volume 1,Total 3 volume 1,Total 4 volume 1,Total 5 volume 1,Total 6 volume 1
0,2.69227699570376e+18,1.3354391598748056e+20,2.0606897695457464e+19,7.758321800726443e+19,8.997936497969247e+17,5.048816988400134e+18,6.667471734077123e+18,2.0045440916783047e+19
