t(s),Total solute volume 1,Total retention volume 1,Total 1 volume 1,Total 2 volume 1,Total 3 volume 1,Total 4 volume 1,Total 5 volume 1,Total 6 volume 1
0,7.171273444608589e+17,5.449841365118001e+22,1.0775438795249249e+18,2.613815739480852e+18,3.3627963007924814e+19,3.5355594232485754e+20,1.2843777993025216e+22,4.1263043265858455e+22
