t(s),Total solute volume 1,Total retention volume 1,Total 1 volume 1,Total 2 volume 1,Total 3 volume 1,Total 4 volume 1,Total 5 volume 1,Total 6 volume 1
0,4.999990884535286e+16,1.114666910992836e+19,2833151015773908.0,2828700406760327.0,2.1461964429073044e+16,1.0187247808030938e+17,1.3327873050302428e+18,9.634885602120702e+18
