t(s),Total solute volume 1,Total retention volume 1,Total 1 volume 1,Total 2 volume 1,Total 3 volume 1,Total 4 volume 1,Total 5 volume 1,Total 6 volume 1
0,6.5666411056726936e+16,7.889771389097796e+18,5203971956357369.0,5689972671683596.0,1.2475543925003262e+16,2.8218879963189304e+16,4.004945130899771e+17,7.3720220964348e+18
