t(s),Total solute volume 1,Total retention volume 1,Total 1 volume 1,Total 2 volume 1,Total 3 volume 1,Total 4 volume 1,Total 5 volume 1,Total 6 volume 1
0,4.632802213684205e+19,3.870951454424161e+23,1.098131415173949e+22,3.5085054935044953e+22,1.0102981653049842e+23,8.424882633585794e+22,7.401550957150627e+22,8.168829589563005e+22
