t(s),Total solute volume 1,Total retention volume 1,Total 1 volume 1,Total 2 volume 1,Total 3 volume 1,Total 4 volume 1,Total 5 volume 1,Total 6 volume 1
0,6.160605045081409e+17,1.1024392989802491e+23,7.67830629749285e+17,1.7706017440084913e+18,3.6186673047939367e+19,6.498297125609022e+20,3.275169686350997e+22,7.680306215602854e+22
