t(s),Total solute volume 1,Total retention volume 1,Total 1 volume 1,Total 2 volume 1,Total 3 volume 1,Total 4 volume 1,Total 5 volume 1,Total 6 volume 1
0,1.122294944848212e+17,3.673858662717935e+20,1.720192593325329e+16,2.2487444393871428e+16,1.9042847118111514e+17,1.0150276435189974e+18,2.331332469892813e+19,3.427151665933522e+20
