t(s),Total solute volume 1,Total retention volume 1,Total 1 volume 1,Total 2 volume 1,Total 3 volume 1,Total 4 volume 1,Total 5 volume 1,Total 6 volume 1
0,9.026506572834251e+16,1.5569983687228827e+20,1.0582167792312242e+16,1.2864965809597988e+16,1.1278484725221453e+17,6.293442686640097e+17,1.2580240363215655e+19,1.4226375519382253e+20
