t(s),Total solute volume 1,Total retention volume 1,Total 1 volume 1,Total 2 volume 1,Total 3 volume 1,Total 4 volume 1,Total 5 volume 1,Total 6 volume 1
0,5.859579698822926e+16,1.2387221257608405e+17,4036115571689510.5,4248607036429529.5,119471237560778.45,211846257589379.6,2715356766242028.0,5.3945018718343096e+16
