t(s),Total solute volume 1,Total retention volume 1,Total 1 volume 1,Total 2 volume 1,Total 3 volume 1,Total 4 volume 1,Total 5 volume 1,Total 6 volume 1
0,1.314985697153493e+17,1.0052788679320663e+21,2.4495440733375292e+16,3.375873907587926e+16,3.6839122909306624e+17,2.825536813876127e+18,7.740009328924534e+19,9.244950938503192e+20
