t(s),Total solute volume 1,Total retention volume 1,Total 1 volume 1,Total 2 volume 1,Total 3 volume 1,Total 4 volume 1,Total 5 volume 1,Total 6 volume 1
0,4.6444135142887546e+17,9.14656648425893e+21,4.088535341100352e+17,8.58089529357151e+17,2.5220536358557553e+18,1.441928941913279e+19,7.34778912778735e+20,8.393114844010164e+21
