t(s),Total solute volume 1,Total retention volume 1,Total 1 volume 1,Total 2 volume 1,Total 3 volume 1,Total 4 volume 1,Total 5 volume 1,Total 6 volume 1
0,1.0417779541760956e+19,4.1996112058295564e+21,4.2060845695740917e+20,2.3786086414986547e+21,4.99453861639635e+20,2.2187684676138136e+20,1.6764790070607194e+20,5.0099771872460335e+20
