t(s),Total solute volume 1,Total retention volume 1,Total 1 volume 1,Total 2 volume 1,Total 3 volume 1,Total 4 volume 1,Total 5 volume 1,Total 6 volume 1
0,2.69227699570376e+18,8.240673015939866e+20,2.0606897695457464e+19,7.758321800726443e+19,1.986689466747132e+19,1.1199960659561642e+20,1.4795525652942107e+20,4.4336315110305386e+20
