t(s),Total solute volume 1,Total retention volume 1,Total 1 volume 1,Total 2 volume 1,Total 3 volume 1,Total 4 volume 1,Total 5 volume 1,Total 6 volume 1
0,7.301727964015883e+19,3.066497842822368e+23,2.7111952799558177e+22,4.446286275392808e+22,8.272289655519547e+22,4.928870025088574e+22,4.042615589552545e+22,6.2564198747508606e+22
