t(s),Total solute volume 1,Total retention volume 1,Total 1 volume 1,Total 2 volume 1,Total 3 volume 1,Total 4 volume 1,Total 5 volume 1,Total 6 volume 1
0,3.049370426842634e+19,3.6920645328156527e+23,4.502339012740615e+21,2.2082334505202914e+22,9.954524386805612e+22,8.550687547714501e+22,7.532504513421241e+22,8.221412157994003e+22
