t(s),Total solute volume 1,Total retention volume 1,Total 1 volume 1,Total 2 volume 1,Total 3 volume 1,Total 4 volume 1,Total 5 volume 1,Total 6 volume 1
0,1.213101554250879e+17,3.5735448636103934e+19,2.046233060134811e+16,2.7452473202875316e+16,2.0380356308383908e+16,5.486990864705374e+16,1.2338934348822956e+18,3.4257079977037734e+19
