t(s),Total solute volume 1,Total retention volume 1,Total 1 volume 1,Total 2 volume 1,Total 3 volume 1,Total 4 volume 1,Total 5 volume 1,Total 6 volume 1
0,4.999990884535286e+16,5.819385156005545e+16,2833151015773908.0,2828700406760326.5,7022535310575.31,11455602631699.615,129948491845604.36,2383664662380051.0
