t(s),Total solute volume 1,Total retention volume 1,Total 1 volume 1,Total 2 volume 1,Total 3 volume 1,Total 4 volume 1,Total 5 volume 1,Total 6 volume 1
0,2.1550923634800276e+18,4.937141094021309e+22,1.2543579337050872e+19,4.387601538914759e+19,6.237364635914393e+20,6.265829424266122e+21,1.2759247513548258e+22,2.9664022851717096e+22
