t(s),Total solute volume 1,Total retention volume 1,Total 1 volume 1,Total 2 volume 1,Total 3 volume 1,Total 4 volume 1,Total 5 volume 1,Total 6 volume 1
0,1.433399386980134e+18,4.408850063872073e+22,5.050972524890161e+18,1.5430230570377777e+19,1.8819380603655737e+20,2.119102166441406e+21,1.2311517951759166e+22,2.9447772112001215e+22
