t(s),Total solute volume 1,Total retention volume 1,Total 1 volume 1,Total 2 volume 1,Total 3 volume 1,Total 4 volume 1,Total 5 volume 1,Total 6 volume 1
0,1.213101554250879e+17,1.9693192410312717e+20,2.046233060134811e+16,2.7452473202875316e+16,1.040907633381619e+17,3.488134795912918e+17,7.986973061533088e+18,1.8832282183943445e+20
