t(s),Total solute volume 1,Total retention volume 1,Total 1 volume 1,Total 2 volume 1,Total 3 volume 1,Total 4 volume 1,Total 5 volume 1,Total 6 volume 1
0,2.0660865705208714e+17,7.796080867977563e+21,6.711558540817307e+16,1.0753082620506754e+17,1.3994956962942717e+18,1.3592350518630355e+19,5.240749547195547e+20,7.256632811974445e+21
