t(s),Total solute volume 1,Total retention volume 1,Total 1 volume 1,Total 2 volume 1,Total 3 volume 1,Total 4 volume 1,Total 5 volume 1,Total 6 volume 1
0,9.026506572834251e+16,1.2521940329238792e+17,1.0582167792312242e+16,1.2864965809597988e+16,11273412781358.883,24892772793031.473,444707761142971.0,1.1026330015417672e+16
