t(s),Total solute volume 1,Total retention volume 1,Total 1 volume 1,Total 2 volume 1,Total 3 volume 1,Total 4 volume 1,Total 5 volume 1,Total 6 volume 1
0,7.898873006952949e+16,1.664841511966285e+17,7857626411464600.0,9137075296732168.0,87360957747667.39,180256780117099.78,2906537892801992.5,6.732656378823491e+16
