t(s),Total solute volume 1,Total retention volume 1,Total 1 volume 1,Total 2 volume 1,Total 3 volume 1,Total 4 volume 1,Total 5 volume 1,Total 6 volume 1
0,1.314985697153493e+17,4.620478025631744e+17,2.4495440733375292e+16,3.375873907587926e+16,138209486808972.6,370186213490343.6,8825038889783477.0,2.6296161844848346e+17
