t(s),Total solute volume 1,Total retention volume 1,Total 1 volume 1,Total 2 volume 1,Total 3 volume 1,Total 4 volume 1,Total 5 volume 1,Total 6 volume 1
0,7.412634750021373e+16,9.0404777625712e+16,6819284532587502.0,7763492501330357.0,2350906020563.0874,4692111674907.529,72047861128222.28,1616562212756378.5
