t(s),Total solute volume 1,Total retention volume 1,Total 1 volume 1,Total 2 volume 1,Total 3 volume 1,Total 4 volume 1,Total 5 volume 1,Total 6 volume 1
0,1.1886142573461043e+18,1.3662584230273336e+21,3.3262845753212687e+18,9.547595689902217e+18,4.130484719661784e+18,3.2192870189790884e+19,3.139038051777898e+20,1.0019687684175226e+21
