t(s),Total solute volume 1,Total retention volume 1,Total 1 volume 1,Total 2 volume 1,Total 3 volume 1,Total 4 volume 1,Total 5 volume 1,Total 6 volume 1
0,7.654339330001997e+18,2.3477567852154506e+23,2.1174029546635172e+20,1.1075853577564208e+21,3.5524597002176177e+22,6.63958781027823e+22,5.759414075767119e+22,7.393408266636483e+22
