t(s),Total solute volume 1,Total retention volume 1,Total 1 volume 1,Total 2 volume 1,Total 3 volume 1,Total 4 volume 1,Total 5 volume 1,Total 6 volume 1
0,4.388031255538536e+18,1.3635250521585447e+23,6.12580002685351e+19,2.7044583928840346e+20,8.055817918004897e+21,3.687745342764011e+22,3.4035076311984472e+22,5.704806568741182e+22
