t(s),Total solute volume 1,Total retention volume 1,Total 1 volume 1,Total 2 volume 1,Total 3 volume 1,Total 4 volume 1,Total 5 volume 1,Total 6 volume 1
0,4.6444135142887546e+17,1.4120262744596797e+21,4.088535341100352e+17,8.580895293571511e+17,4.0480612432378726e+17,2.1010258060491284e+18,1.0629323984438483e+20,1.3014958182700244e+21
