t(s),Total solute volume 1,Total retention volume 1,Total 1 volume 1,Total 2 volume 1,Total 3 volume 1,Total 4 volume 1,Total 5 volume 1,Total 6 volume 1
0,9.026506572834251e+16,1.1387817942911356e+20,1.0582167792312242e+16,1.2864965809597988e+16,8.92070450135476e+16,3.773139032200065e+17,7.199419099780266e+18,1.0609852718177103e+20
