t(s),Total solute volume 1,Total retention volume 1,Total 1 volume 1,Total 2 volume 1,Total 3 volume 1,Total 4 volume 1,Total 5 volume 1,Total 6 volume 1
0,2.0660865705208714e+17,1.2318355645927153e+21,6.711558540817307e+16,1.0753082620506754e+17,2.883042731098309e+17,1.1243092047119332e+18,3.80979588755567e+19,1.1919437371706578e+21
