t(s),Total solute volume 1,Total retention volume 1,Total 1 volume 1,Total 2 volume 1,Total 3 volume 1,Total 4 volume 1,Total 5 volume 1,Total 6 volume 1
0,8.434622358698939e+16,1.4476249075030383e+19,9096397638945638.0,1.0811486824468592e+16,1.5230621590382726e+16,3.607491597611188e+16,6.164992384790392e+17,1.3704190190934491e+19
