t(s),Total solute volume 1,Total retention volume 1,Total 1 volume 1,Total 2 volume 1,Total 3 volume 1,Total 4 volume 1,Total 5 volume 1,Total 6 volume 1
0,3.049370426842634e+19,1.0584681319172577e+23,4.502339012740615e+21,2.2082334505202914e+22,3.431952542493059e+22,1.2293782918842538e+22,9.423074567090811e+21,2.3195263058651063e+22
