t(s),Total solute volume 1,Total retention volume 1,Total 1 volume 1,Total 2 volume 1,Total 3 volume 1,Total 4 volume 1,Total 5 volume 1,Total 6 volume 1
0,1.4297083041559683e+17,9.647657041820563e+18,2.9520321540870584e+16,4.183413466422628e+16,4141405550366236.0,1.1642285106308018e+16,2.959568749696789e+17,9.121591189573161e+18
