t(s),Total solute volume 1,Total retention volume 1,Total 1 volume 1,Total 2 volume 1,Total 3 volume 1,Total 4 volume 1,Total 5 volume 1,Total 6 volume 1
0,3.184149623986931e+17,1.3817520697825871e+20,1.761415583916261e+17,3.2597540298476077e+17,2.530566202751584e+16,1.069237616954931e+17,4.800299473953362e+18,1.3242214615680732e+20
