t(s),Total solute volume 1,Total retention volume 1,Total 1 volume 1,Total 2 volume 1,Total 3 volume 1,Total 4 volume 1,Total 5 volume 1,Total 6 volume 1
0,5.331000576703257e+17,7.611669376811024e+20,5.560848088934841e+17,1.2219752934206108e+18,2.917801779656763e+17,1.6077896831456422e+18,7.814785152070176e+19,6.788083561393049e+20
