t(s),Total solute volume 1,Total retention volume 1,Total 1 volume 1,Total 2 volume 1,Total 3 volume 1,Total 4 volume 1,Total 5 volume 1,Total 6 volume 1
0,1.4509118010472559e+19,6.649968237107143e+22,8.782046250079989e+20,5.232424008980733e+21,2.3740806619951205e+22,9.854275794786157e+21,7.536518315558887e+21,1.924294388877705e+22
