t(s),Total solute volume 1,Total retention volume 1,Total 1 volume 1,Total 2 volume 1,Total 3 volume 1,Total 4 volume 1,Total 5 volume 1,Total 6 volume 1
0,6.9702016393038264e+16,8.569868926041686e+18,5944515532356725.0,6630186019767457.0,1.235855575044797e+16,2.7852049025055092e+16,4.12655598432135e+17,8.034726004889117e+18
