t(s),Total solute volume 1,Total retention volume 1,Total 1 volume 1,Total 2 volume 1,Total 3 volume 1,Total 4 volume 1,Total 5 volume 1,Total 6 volume 1
0,3.184149623986931e+17,3.4149351150116365e+22,1.761415583916261e+17,3.259754029847608e+17,4.673154539717531e+18,5.0275456494533984e+19,2.5303325473542704e+21,3.15632494598035e+22
