t(s),Total solute volume 1,Total retention volume 1,Total 1 volume 1,Total 2 volume 1,Total 3 volume 1,Total 4 volume 1,Total 5 volume 1,Total 6 volume 1
0,9.026506572834251e+16,1.1865119370998494e+17,1.0582167792312242e+16,1.2864965809597988e+16,4838715795479.858,10683978519543.52,190868120873407.12,4732603564543331.0
