t(s),Total solute volume 1,Total retention volume 1,Total 1 volume 1,Total 2 volume 1,Total 3 volume 1,Total 4 volume 1,Total 5 volume 1,Total 6 volume 1
0,5.331000576703257e+17,7.213111294759217e+22,5.560848088934841e+17,1.2219752934206108e+18,1.9891408086829e+19,2.5093818920543417e+20,1.3411315378987978e+22,5.844665681115392e+22
