t(s),Total solute volume 1,Total retention volume 1,Total 1 volume 1,Total 2 volume 1,Total 3 volume 1,Total 4 volume 1,Total 5 volume 1,Total 6 volume 1
0,1.4509118010472559e+19,3.093769756052219e+23,8.782046250079989e+20,5.232424008980733e+21,7.926448333564099e+22,7.763786680410879e+22,6.747421605147368e+22,7.887527166199697e+22
