t(s),Total solute volume 1,Total retention volume 1,Total 1 volume 1,Total 2 volume 1,Total 3 volume 1,Total 4 volume 1,Total 5 volume 1,Total 6 volume 1
0,8.413405339804337e+17,8.479011911943299e+19,1.5388438157429558e+18,3.936856474967845e+18,9.360178927659899e+16,6.35496121578692e+17,1.5805145120912001e+19,6.19388352629745e+19
