t(s),Total solute volume 1,Total retention volume 1,Total 1 volume 1,Total 2 volume 1,Total 3 volume 1,Total 4 volume 1,Total 5 volume 1,Total 6 volume 1
0,6.9702016393038264e+16,1.6551816135431392e+17,5944515532356725.0,6630186019767457.0,128561606833009.83,248983358456640.9,3646849272401494.0,7.921704917145774e+16
