t(s),Total solute volume 1,Total retention volume 1,Total 1 volume 1,Total 2 volume 1,Total 3 volume 1,Total 4 volume 1,Total 5 volume 1,Total 6 volume 1
0,8.413405339804337e+17,7.171813889447906e+22,1.5388438157429548e+18,3.9368564749678444e+18,6.246963088946259e+19,7.905907035043505e+20,2.092139254089272e+22,4.993736897836667e+22
