t(s),Total solute volume 1,Total retention volume 1,Total 1 volume 1,Total 2 volume 1,Total 3 volume 1,Total 4 volume 1,Total 5 volume 1,Total 6 volume 1
0,4.6444135142887546e+17,4.4572206329442075e+22,4.088535341100352e+17,8.58089529357151e+17,1.0317586355730289e+19,9.421709206020702e+19,5.037821356667204e+21,3.942811890994325e+22
