t(s),Total solute volume 1,Total retention volume 1,Total 1 volume 1,Total 2 volume 1,Total 3 volume 1,Total 4 volume 1,Total 5 volume 1,Total 6 volume 1
0,1.4509118010472559e+19,2.380845837435231e+22,8.782046250079989e+20,5.232424008980733e+21,7.394448357181622e+21,2.6241081907845886e+21,1.9815456006869845e+21,5.683218473699935e+21
