t(s),Total solute volume 1,Total retention volume 1,Total 1 volume 1,Total 2 volume 1,Total 3 volume 1,Total 4 volume 1,Total 5 volume 1,Total 6 volume 1
0,4.756651887055506e+16,5.598532131801209e+16,2534742031225772.5,2489019978208219.0,10277649051285.824,16344477775419.227,178427942886702.25,3189990368310075.0
