t(s),Total solute volume 1,Total retention volume 1,Total 1 volume 1,Total 2 volume 1,Total 3 volume 1,Total 4 volume 1,Total 5 volume 1,Total 6 volume 1
0,2.69227699570376e+18,2.1530761902813916e+23,2.0606897695457464e+19,7.758321800726443e+19,2.7895750210039285e+21,5.032001169813976e+22,7.856525702314506e+22,8.353189289315157e+22
