t(s),Total solute volume 1,Total retention volume 1,Total 1 volume 1,Total 2 volume 1,Total 3 volume 1,Total 4 volume 1,Total 5 volume 1,Total 6 volume 1
0,7.301727964015883e+19,3.748965303578408e+23,2.7111952799558177e+22,4.446286275392808e+22,9.587718607621584e+22,7.101084824948634e+22,6.074779779635427e+22,7.561286540266205e+22
