t(s),Total solute volume 1,Total retention volume 1,Total 1 volume 1,Total 2 volume 1,Total 3 volume 1,Total 4 volume 1,Total 5 volume 1,Total 6 volume 1
0,4.756651887055506e+16,1.4682309984278305e+18,2534742031225772.5,2489019978208219.0,4032225213745196.5,7478546954614907.0,8.259720186083251e+16,1.321532743518647e+18
