t(s),Total solute volume 1,Total retention volume 1,Total 1 volume 1,Total 2 volume 1,Total 3 volume 1,Total 4 volume 1,Total 5 volume 1,Total 6 volume 1
0,1.874180731908145e+17,2.7121635964587167e+20,5.399819431922016e+16,8.374842692958085e+16,7.55442387185757e+16,2.5453201098285472e+17,7.96394373800481e+18,2.6259717496372868e+20
