t(s),Total solute volume 1,Total retention volume 1,Total 1 volume 1,Total 2 volume 1,Total 3 volume 1,Total 4 volume 1,Total 5 volume 1,Total 6 volume 1
0,1.874180731908145e+17,5.826919485415589e+18,5.399819431922016e+16,8.374842692958085e+16,1562512033297249.0,5022306770632035.0,1.566127087866611e+17,5.338557263385406e+18
