t(s),Total solute volume 1,Total retention volume 1,Total 1 volume 1,Total 2 volume 1,Total 3 volume 1,Total 4 volume 1,Total 5 volume 1,Total 6 volume 1
0,3.049370426842634e+19,2.712770558173661e+22,4.502339012740615e+21,2.2082334505202914e+22,2.4431398654098434e+20,6.70856407415118e+19,5.032872954317736e+19,1.5081000269863096e+20
