t(s),Total solute volume 1,Total retention volume 1,Total 1 volume 1,Total 2 volume 1,Total 3 volume 1,Total 4 volume 1,Total 5 volume 1,Total 6 volume 1
0,8.434622358698939e+16,1.059033034843278e+20,9096397638945638.0,1.0811486824468592e+16,8.79817650876898e+16,4.422682739087714e+17,8.282168492016203e+18,9.698663084526299e+19
