t(s),Total solute volume 1,Total retention volume 1,Total 1 volume 1,Total 2 volume 1,Total 3 volume 1,Total 4 volume 1,Total 5 volume 1,Total 6 volume 1
0,8.434622358698939e+16,1.122181452646356e+17,9096397638945638.0,1.0811486824468592e+16,8792644266012.369,18751340314191.777,317981817195477.9,7618511412453902.0
