t(s),Total solute volume 1,Total retention volume 1,Total 1 volume 1,Total 2 volume 1,Total 3 volume 1,Total 4 volume 1,Total 5 volume 1,Total 6 volume 1
0,7.898873006952949e+16,3.783475802118311e+19,7857626411464600.0,9137075296732168.0,4.0576002743733176e+16,1.2344168868294126e+17,2.0584381741938668e+18,3.551631872378519e+19
