t(s),Total solute volume 1,Total retention volume 1,Total 1 volume 1,Total 2 volume 1,Total 3 volume 1,Total 4 volume 1,Total 5 volume 1,Total 6 volume 1
0,6.9702016393038264e+16,1.450904887661326e+17,5944515532356725.0,6630186019767457.0,97026431858552.73,187841527993001.53,2751237808018949.5,5.977766505309907e+16
