t(s),Total solute volume 1,Total retention volume 1,Total 1 volume 1,Total 2 volume 1,Total 3 volume 1,Total 4 volume 1,Total 5 volume 1,Total 6 volume 1
0,3.049370426842634e+19,2.7546406590306148e+23,4.502339012740615e+21,2.2082334505202914e+22,8.400566602983602e+22,5.4130705074569815e+22,4.481753440593547e+22,6.58949931705116e+22
