t(s),Total solute volume 1,Total retention volume 1,Total 1 volume 1,Total 2 volume 1,Total 3 volume 1,Total 4 volume 1,Total 5 volume 1,Total 6 volume 1
0,7.412634750021373e+16,2.4273850878593728e+17,6819284532587501.0,7763492501330356.0,213377344463701.8,426736768532748.9,6553511033417825.0,1.4683575910539293e+17
