t(s),Total solute volume 1,Total retention volume 1,Total 1 volume 1,Total 2 volume 1,Total 3 volume 1,Total 4 volume 1,Total 5 volume 1,Total 6 volume 1
0,4.999990884535286e+16,5.7102624503090616e+16,2833151015773908.0,2828700406760326.5,3996263234434.622,6518353248704.883,73941523913130.77,1356408094807133.2
