t(s),Total solute volume 1,Total retention volume 1,Total 1 volume 1,Total 2 volume 1,Total 3 volume 1,Total 4 volume 1,Total 5 volume 1,Total 6 volume 1
0,6.9702016393038264e+16,1.1803481083977374e+17,5944515532356725.0,6630186019767457.0,55245087277614.5,106902204325508.66,1565700360313048.2,3.4030245242695056e+16
