t(s),Total solute volume 1,Total retention volume 1,Total 1 volume 1,Total 2 volume 1,Total 3 volume 1,Total 4 volume 1,Total 5 volume 1,Total 6 volume 1
0,5.74157916659942e+18,2.5132173318443047e+23,1.1155733650881687e+20,5.3600706402624864e+20,2.0716042495846253e+22,7.76165822657696e+22,7.1632416579347865e+22,8.070338586376887e+22
