t(s),Total solute volume 1,Total retention volume 1,Total 1 volume 1,Total 2 volume 1,Total 3 volume 1,Total 4 volume 1,Total 5 volume 1,Total 6 volume 1
0,2.286764682938004e+17,5.51438435365113e+21,8.41666310503365e+16,1.3948910952252272e+17,1.0308183853207967e+18,5.693865568495155e+18,2.1370901983321424e+20,5.29349831765529e+21
