t(s),Total solute volume 1,Total retention volume 1,Total 1 volume 1,Total 2 volume 1,Total 3 volume 1,Total 4 volume 1,Total 5 volume 1,Total 6 volume 1
0,1.4509118010472559e+19,3.3612439981623646e+23,8.782046250079989e+20,5.232424008980733e+21,8.235797968032297e+22,8.728006608145471e+22,7.735467297700842e+22,8.3006543325448e+22
