t(s),Total solute volume 1,Total retention volume 1,Total 1 volume 1,Total 2 volume 1,Total 3 volume 1,Total 4 volume 1,Total 5 volume 1,Total 6 volume 1
0,2.838052749429945e+17,2.090064005925655e+20,1.3626480534992328e+17,2.426887464870655e+17,3.846587550762026e+16,1.538314614262025e+17,6.441031232918893e+18,2.0171031319593268e+20
