t(s),Total solute volume 1,Total retention volume 1,Total 1 volume 1,Total 2 volume 1,Total 3 volume 1,Total 4 volume 1,Total 5 volume 1,Total 6 volume 1
0,1.433399386980134e+18,1.5006269965462346e+23,5.050972524890161e+18,1.5430230570377775e+19,4.207729298187173e+20,9.635521986361532e+21,6.251382624663817e+22,7.747066388932301e+22
