t(s),Total solute volume 1,Total retention volume 1,Total 1 volume 1,Total 2 volume 1,Total 3 volume 1,Total 4 volume 1,Total 5 volume 1,Total 6 volume 1
0,1.1886142573461043e+18,1.609360029797451e+23,3.3262845753212687e+18,9.547595689902217e+18,2.551729885702276e+20,6.246112747620027e+21,7.171614513526851e+22,8.270450961376244e+22
