t(s),Total solute volume 1,Total retention volume 1,Total 1 volume 1,Total 2 volume 1,Total 3 volume 1,Total 4 volume 1,Total 5 volume 1,Total 6 volume 1
0,1.0410857772626118e+17,1.4528156565436598e+17,1.4548167332142294e+16,1.8548032395571572e+16,6156984478557.19,14626633515420.273,291558791571970.9,7764445790828812.0
