t(s),Total solute volume 1,Total retention volume 1,Total 1 volume 1,Total 2 volume 1,Total 3 volume 1,Total 4 volume 1,Total 5 volume 1,Total 6 volume 1
0,3.41080351854199e+18,1.453333652258907e+22,3.4926673833597542e+19,1.42115214248461e+20,6.806715091012794e+20,2.819222736463819e+21,2.8437323671271994e+21,8.00925721829579e+21
