t(s),Total solute volume 1,Total retention volume 1,Total 1 volume 1,Total 2 volume 1,Total 3 volume 1,Total 4 volume 1,Total 5 volume 1,Total 6 volume 1
0,4.756651887055506e+16,5.2743059496544856e+16,2534742031225772.5,2489019978208219.0,462565642969.15967,735359275397.413,8027510442856.223,143553181194880.8
