t(s),Total solute volume 1,Total retention volume 1,Total 1 volume 1,Total 2 volume 1,Total 3 volume 1,Total 4 volume 1,Total 5 volume 1,Total 6 volume 1
0,1.314985697153493e+17,1.0448305222144628e+21,2.4495440733375292e+16,3.375873907587925e+16,3.7804258624820717e+17,3.048453512658917e+18,8.450033200982393e+19,9.567139413562209e+20
