t(s),Total solute volume 1,Total retention volume 1,Total 1 volume 1,Total 2 volume 1,Total 3 volume 1,Total 4 volume 1,Total 5 volume 1,Total 6 volume 1
0,1.314985697153493e+17,1.4111831325723228e+19,2.4495440733375292e+16,3.3758739075879256e+16,7032448212658423.0,1.906833331493999e+16,4.549693706587629e+17,1.344100842401228e+19
