t(s),Total solute volume 1,Total retention volume 1,Total 1 volume 1,Total 2 volume 1,Total 3 volume 1,Total 4 volume 1,Total 5 volume 1,Total 6 volume 1
0,1.314985697153493e+17,2.7792241240745322e+17,2.4495440733375292e+16,3.3758739075879256e+16,44755416903076.32,119855032360639.27,2857246231883347.0,8.51478062017093e+16
