t(s),Total solute volume 1,Total retention volume 1,Total 1 volume 1,Total 2 volume 1,Total 3 volume 1,Total 4 volume 1,Total 5 volume 1,Total 6 volume 1
0,1.433399386980134e+18,1.5506755813092945e+23,5.050972524890161e+18,1.5430230570377775e+19,4.268781879122418e+20,1.004797287809725e+22,6.56099360713055e+22,7.89608563911315e+22
