t(s),Total solute volume 1,Total retention volume 1,Total 1 volume 1,Total 2 volume 1,Total 3 volume 1,Total 4 volume 1,Total 5 volume 1,Total 6 volume 1
0,2.286764682938004e+17,1.0666762568638158e+20,8.41666310503365e+16,1.3948910952252272e+17,2.3077873921154156e+16,8.271662759060486e+16,2.9867060118580065e+18,1.0312279296414558e+20
