t(s),Total solute volume 1,Total retention volume 1,Total 1 volume 1,Total 2 volume 1,Total 3 volume 1,Total 4 volume 1,Total 5 volume 1,Total 6 volume 1
0,1.1886142573461043e+18,2.9065577464673063e+19,3.3262845753212687e+18,9.547595689902217e+18,4.610601504479581e+16,3.5540764015904346e+17,3.462807156041273e+18,1.1138762130858498e+19
