t(s),Total solute volume 1,Total retention volume 1,Total 1 volume 1,Total 2 volume 1,Total 3 volume 1,Total 4 volume 1,Total 5 volume 1,Total 6 volume 1
0,1.122294944848212e+17,2.2815274080883212e+20,1.720192593325329e+16,2.2487444393871428e+16,1.2971387978616798e+17,5.0484991235961485e+17,1.1105739002300307e+19,2.162605191495735e+20
