t(s),Total solute volume 1,Total retention volume 1,Total 1 volume 1,Total 2 volume 1,Total 3 volume 1,Total 4 volume 1,Total 5 volume 1,Total 6 volume 1
0,2.69227699570376e+18,5.950396282718597e+22,2.0606897695457464e+19,7.758321800726443e+19,1.2967752461143706e+21,1.0702744388403502e+22,1.4613059257247495e+22,3.279050154272145e+22
