t(s),Total solute volume 1,Total retention volume 1,Total 1 volume 1,Total 2 volume 1,Total 3 volume 1,Total 4 volume 1,Total 5 volume 1,Total 6 volume 1
0,6.5666411056726936e+16,2.6148603416186704e+19,5203971956357368.0,5689972671683596.0,3.5489060730279676e+16,1.2947374256495866e+17,1.9387255867883443e+18,2.3968354670418186e+19
