t(s),Total solute volume 1,Total retention volume 1,Total 1 volume 1,Total 2 volume 1,Total 3 volume 1,Total 4 volume 1,Total 5 volume 1,Total 6 volume 1
0,1.0410857772626118e+17,1.7027621644595024e+17,1.4548167332142294e+16,1.8548032395571572e+16,25209885826620.254,59893033611164.93,1193878410179431.5,3.1792457662357984e+16
