t(s),Total solute volume 1,Total retention volume 1,Total 1 volume 1,Total 2 volume 1,Total 3 volume 1,Total 4 volume 1,Total 5 volume 1,Total 6 volume 1
0,9.682243045823266e+16,7.459135041897875e+19,1.2374155389646972e+16,1.5399323190154844e+16,5.7896709072548856e+16,1.7722100604503152e+17,3.421570700608731e+18,7.0810066094211965e+19
