t(s),Total solute volume 1,Total retention volume 1,Total 1 volume 1,Total 2 volume 1,Total 3 volume 1,Total 4 volume 1,Total 5 volume 1,Total 6 volume 1
0,5.549106202873219e+16,1.3718862461430904e+17,3574543289432606.5,3695067633789086.0,171603669653805.94,296376520219152.5,3643458116627376.0,7.031651335585528e+16
