t(s),Total solute volume 1,Total retention volume 1,Total 1 volume 1,Total 2 volume 1,Total 3 volume 1,Total 4 volume 1,Total 5 volume 1,Total 6 volume 1
0,1.0417779541760956e+19,3.602453745681108e+21,4.2060845695740917e+20,2.3786086414986547e+21,2.8516735156621027e+20,1.2638019136951583e+20,9.547564674695024e+19,2.857956780006047e+20
