t(s),Total solute volume 1,Total retention volume 1,Total 1 volume 1,Total 2 volume 1,Total 3 volume 1,Total 4 volume 1,Total 5 volume 1,Total 6 volume 1
0,2.838052749429945e+17,1.1958766025257668e+20,1.3626480534992328e+17,2.426887464870655e+17,2.198287826663718e+16,8.764720639255973e+16,3.669071598328719e+18,1.1514619974280883e+20
