t(s),Total solute volume 1,Total retention volume 1,Total 1 volume 1,Total 2 volume 1,Total 3 volume 1,Total 4 volume 1,Total 5 volume 1,Total 6 volume 1
0,1.874180731908145e+17,1.339473134651709e+18,5.399819431922016e+16,8.374842692958085e+16,288155583362564.7,925470894761438.0,2.8857756546115148e+16,9.842370571878412e+17
