t(s),Total solute volume 1,Total retention volume 1,Total 1 volume 1,Total 2 volume 1,Total 3 volume 1,Total 4 volume 1,Total 5 volume 1,Total 6 volume 1
0,5.331000576703257e+17,1.0851749699708679e+20,5.560848088934841e+17,1.2219752934206108e+18,4.096665854343474e+16,2.2412232605838163e+17,1.0888166807579933e+19,9.50530810449207e+19
