t(s),Total solute volume 1,Total retention volume 1,Total 1 volume 1,Total 2 volume 1,Total 3 volume 1,Total 4 volume 1,Total 5 volume 1,Total 6 volume 1
0,1.7473117771507889e+18,3.030451411533925e+20,7.85635072853822e+18,2.56333736483743e+19,2.3741676612431073e+18,1.8713749175659786e+19,6.109242891306073e+19,1.8562775924936534e+20
