t(s),Total solute volume 1,Total retention volume 1,Total 1 volume 1,Total 2 volume 1,Total 3 volume 1,Total 4 volume 1,Total 5 volume 1,Total 6 volume 1
0,7.898873006952949e+16,5.160800976045208e+19,7857626411464600.0,9137075296732168.0,5.271437584704641e+16,1.869602098425289e+17,3.173513152675714e+18,4.8098838590309835e+19
