t(s),Total solute volume 1,Total retention volume 1,Total 1 volume 1,Total 2 volume 1,Total 3 volume 1,Total 4 volume 1,Total 5 volume 1,Total 6 volume 1
0,1.5593745071291005e+17,1.4364102650495465e+18,3.5828426689998184e+16,5.226428756416006e+16,453495492409286.94,1325902257584883.2,3.5993395496935628e+16,1.1546073068355492e+18
