t(s),Total solute volume 1,Total retention volume 1,Total 1 volume 1,Total 2 volume 1,Total 3 volume 1,Total 4 volume 1,Total 5 volume 1,Total 6 volume 1
0,9.682243045823266e+16,2.4218072549282713e+20,1.2374155389646972e+16,1.5399323190154844e+16,1.499206453069925e+17,9.895221938431771e+17,2.147064978271979e+19,2.1944603696191812e+20
