t(s),Total solute volume 1,Total retention volume 1,Total 1 volume 1,Total 2 volume 1,Total 3 volume 1,Total 4 volume 1,Total 5 volume 1,Total 6 volume 1
0,1.7065136209902323e+17,9.294666505122252e+20,4.381099764971746e+16,6.585874551544885e+16,2.776806024096396e+17,1.1001299460581119e+18,3.264145360537351e+19,8.951670652531063e+20
