t(s),Total solute volume 1,Total retention volume 1,Total 1 volume 1,Total 2 volume 1,Total 3 volume 1,Total 4 volume 1,Total 5 volume 1,Total 6 volume 1
0,4.756651887055506e+16,8.582573704649037e+18,2534742031225772.5,2489019978208219.0,1.8177594547763748e+16,8.11878029620337e+16,1.0139725247330564e+18,7.416645501526233e+18
