t(s),Total solute volume 1,Total retention volume 1,Total 1 volume 1,Total 2 volume 1,Total 3 volume 1,Total 4 volume 1,Total 5 volume 1,Total 6 volume 1
0,7.412634750021373e+16,1.1713187030403173e+17,6819284532587501.0,7763492501330356.0,39400546809097.14,78666433711458.89,1207961086727712.0,2.7096717702648944e+16
