t(s),Total solute volume 1,Total retention volume 1,Total 1 volume 1,Total 2 volume 1,Total 3 volume 1,Total 4 volume 1,Total 5 volume 1,Total 6 volume 1
0,6.9702016393038264e+16,1.3426958213829464e+19,5944515532356725.0,6630186019767457.0,1.8799129470982668e+16,4.636311755038959e+16,6.922728291189288e+17,1.2587246419744178e+19
