t(s),Total solute volume 1,Total retention volume 1,Total 1 volume 1,Total 2 volume 1,Total 3 volume 1,Total 4 volume 1,Total 5 volume 1,Total 6 volume 1
0,1.1886142573461043e+18,1.2196312894695925e+20,3.3262845753212687e+18,9.547595689902217e+18,3.314508745924086e+17,2.556944122089047e+18,2.4914143622453592e+19,8.009809580525273e+19
