t(s),Total solute volume 1,Total retention volume 1,Total 1 volume 1,Total 2 volume 1,Total 3 volume 1,Total 4 volume 1,Total 5 volume 1,Total 6 volume 1
0,4.756651887055506e+16,7.196728713595648e+17,2534742031225772.5,2489019978208219.0,1961855942947150.0,3351781622102799.5,3.6780727135304344e+16,6.249882257792257e+17
