t(s),Total solute volume 1,Total retention volume 1,Total 1 volume 1,Total 2 volume 1,Total 3 volume 1,Total 4 volume 1,Total 5 volume 1,Total 6 volume 1
0,3.5908603530687936e+17,6.798870337575127e+21,2.3031334757874176e+17,4.4365248646884774e+17,1.2819785019915758e+18,6.501348575307999e+18,3.131712946104037e+20,6.476882664018069e+21
