t(s),Total solute volume 1,Total retention volume 1,Total 1 volume 1,Total 2 volume 1,Total 3 volume 1,Total 4 volume 1,Total 5 volume 1,Total 6 volume 1
0,3.184149623986931e+17,3.236657485051312e+22,1.761415583916261e+17,3.2597540298476077e+17,4.4968018444048773e+18,4.569728914486684e+19,2.274786438532213e+21,3.004077378906826e+22
