t(s),Total solute volume 1,Total retention volume 1,Total 1 volume 1,Total 2 volume 1,Total 3 volume 1,Total 4 volume 1,Total 5 volume 1,Total 6 volume 1
0,1.4509118010472559e+19,2.224389924969701e+23,8.782046250079989e+20,5.232424008980733e+21,6.583922861881594e+22,4.853189252501144e+22,3.984538992074268e+22,6.209734368040545e+22
