t(s),Total solute volume 1,Total retention volume 1,Total 1 volume 1,Total 2 volume 1,Total 3 volume 1,Total 4 volume 1,Total 5 volume 1,Total 6 volume 1
0,9.682243045823266e+16,1.469123458929315e+17,1.2374155389646972e+16,1.5399323190154844e+16,19324126420016.824,44232916086397.2,833950217624184.6,2.1418929594768932e+16
