t(s),Total solute volume 1,Total retention volume 1,Total 1 volume 1,Total 2 volume 1,Total 3 volume 1,Total 4 volume 1,Total 5 volume 1,Total 6 volume 1
0,1.5593745071291005e+17,1.924434424055867e+21,3.5828426689998184e+16,5.226428756416006e+16,5.5225462219999155e+17,3.9386451410404285e+18,1.1882867799575839e+20,1.8008708161319034e+21
