t(s),Total solute volume 1,Total retention volume 1,Total 1 volume 1,Total 2 volume 1,Total 3 volume 1,Total 4 volume 1,Total 5 volume 1,Total 6 volume 1
0,1.7473117771507889e+18,7.260467431910903e+22,7.856350728538216e+18,2.56333736483743e+19,4.7566555778230544e+20,6.365317732830379e+21,2.1843032345686307e+22,4.388542164665575e+22
