t(s),Total solute volume 1,Total retention volume 1,Total 1 volume 1,Total 2 volume 1,Total 3 volume 1,Total 4 volume 1,Total 5 volume 1,Total 6 volume 1
0,2.286764682938004e+17,9.458364245450572e+20,8.41666310503365e+16,1.3948910952252272e+17,2.004469414370257e+17,7.657726639328413e+17,2.7778711023967568e+19,9.166391617068496e+20
