t(s),Total solute volume 1,Total retention volume 1,Total 1 volume 1,Total 2 volume 1,Total 3 volume 1,Total 4 volume 1,Total 5 volume 1,Total 6 volume 1
0,7.412634750021373e+16,1.4910475770872682e+19,6819284532587502.0,7763492501330356.0,1.9024589084056812e+16,4.64299580647394e+16,7.241647395191831e+17,1.4032147359670813e+19
