t(s),Total solute volume 1,Total retention volume 1,Total 1 volume 1,Total 2 volume 1,Total 3 volume 1,Total 4 volume 1,Total 5 volume 1,Total 6 volume 1
0,2.838052749429945e+17,1.3376633290528618e+22,1.3626480534992328e+17,2.426887464870655e+17,2.0942952042207468e+18,1.3476573843343423e+19,5.894474900492893e+20,1.2770952172604957e+22
