t(s),Total solute volume 1,Total retention volume 1,Total 1 volume 1,Total 2 volume 1,Total 3 volume 1,Total 4 volume 1,Total 5 volume 1,Total 6 volume 1
0,1.0417779541760956e+19,2.553157455417812e+23,4.2060845695740917e+20,2.3786086414986547e+21,5.6283967631053784e+22,6.6250023052727665e+22,5.659371116820857e+22,7.3378408811796304e+22
