t(s),Total solute volume 1,Total retention volume 1,Total 1 volume 1,Total 2 volume 1,Total 3 volume 1,Total 4 volume 1,Total 5 volume 1,Total 6 volume 1
0,5.74157916659942e+18,4.951259580094715e+22,1.1155733650881687e+20,5.3600706402624864e+20,6.922129619299683e+21,1.0984962724067757e+22,8.874625393702583e+21,2.2077572084175733e+22
