t(s),Total solute volume 1,Total retention volume 1,Total 1 volume 1,Total 2 volume 1,Total 3 volume 1,Total 4 volume 1,Total 5 volume 1,Total 6 volume 1
0,2.5417881604872016e+17,1.495618680472294e+22,1.0655456735803997e+17,1.8292710984074672e+17,2.2534502491360282e+18,1.9681344245488366e+19,8.430379352895989e+20,1.409067041444544e+22
