t(s),Total solute volume 1,Total retention volume 1,Total 1 volume 1,Total 2 volume 1,Total 3 volume 1,Total 4 volume 1,Total 5 volume 1,Total 6 volume 1
0,3.41080351854199e+18,2.2539272446185254e+23,3.4926673833597542e+19,1.42115214248461e+20,5.376390087373158e+21,6.341004614996156e+22,7.451211677957322e+22,8.191371875334236e+22
