t(s),Total solute volume 1,Total retention volume 1,Total 1 volume 1,Total 2 volume 1,Total 3 volume 1,Total 4 volume 1,Total 5 volume 1,Total 6 volume 1
0,2.838052749429945e+17,4.8135285449346954e+20,1.3626480534992328e+17,2.426887464870655e+17,8.8428204692418e+16,3.569225107914373e+17,1.4954331725928696e+19,4.6529041322527483e+20
