t(s),Total solute volume 1,Total retention volume 1,Total 1 volume 1,Total 2 volume 1,Total 3 volume 1,Total 4 volume 1,Total 5 volume 1,Total 6 volume 1
0,3.5908603530687936e+17,4.9715044660823245e+19,2.3031334757874176e+17,4.4365248646884774e+17,9633752489274606.0,4.3171922299933464e+16,2.0605274648750856e+18,4.656865965180448e+19
