t(s),Total solute volume 1,Total retention volume 1,Total 1 volume 1,Total 2 volume 1,Total 3 volume 1,Total 4 volume 1,Total 5 volume 1,Total 6 volume 1
0,9.954516368711946e+17,2.6274355312973357e+19,2.2394775286774456e+18,6.059472535941418e+18,3.194334981615939e+16,2.3223624996436624e+17,3.751125392098776e+18,1.2964648619604085e+19
