t(s),Total solute volume 1,Total retention volume 1,Total 1 volume 1,Total 2 volume 1,Total 3 volume 1,Total 4 volume 1,Total 5 volume 1,Total 6 volume 1
0,2.1550923634800276e+18,1.389333058343432e+20,1.2543579337050872e+19,4.387601538914759e+19,1.245022657224923e+18,8.84630592730147e+18,1.7494826097585195e+19,5.277246406255348e+19
