t(s),Total solute volume 1,Total retention volume 1,Total 1 volume 1,Total 2 volume 1,Total 3 volume 1,Total 4 volume 1,Total 5 volume 1,Total 6 volume 1
0,1.122294944848212e+17,2.71196674553158e+18,1.720192593325329e+16,2.2487444393871428e+16,1707737384140320.0,4236530120817471.0,8.948696230302355e+16,2.4646166509116513e+18
