t(s),Total solute volume 1,Total retention volume 1,Total 1 volume 1,Total 2 volume 1,Total 3 volume 1,Total 4 volume 1,Total 5 volume 1,Total 6 volume 1
0,5.263409243820472e+16,2.8518142931601434e+17,3176956375550944.0,3226718800086626.5,569605519899963.5,968259586773147.2,1.1437959242067114e+16,2.131678373534322e+17
