t(s),Total solute volume 1,Total retention volume 1,Total 1 volume 1,Total 2 volume 1,Total 3 volume 1,Total 4 volume 1,Total 5 volume 1,Total 6 volume 1
0,1.314985697153493e+17,2.1463110285241838e+18,2.4495440733375292e+16,3.3758739075879268e+16,992503102316086.4,2662382331502126.0,6.347643432109234e+16,1.8894269592446574e+18
