t(s),Total solute volume 1,Total retention volume 1,Total 1 volume 1,Total 2 volume 1,Total 3 volume 1,Total 4 volume 1,Total 5 volume 1,Total 6 volume 1
0,4.999990884535286e+16,2.269490264421408e+17,2833151015773908.0,2828700406760327.0,472280731431354.5,781537624100403.0,8874418313837763.0,1.611590295048851e+17
