t(s),Total solute volume 1,Total retention volume 1,Total 1 volume 1,Total 2 volume 1,Total 3 volume 1,Total 4 volume 1,Total 5 volume 1,Total 6 volume 1
0,2.1550923634800276e+18,1.9705246544111082e+23,1.2543579337050872e+19,4.387601538914759e+19,1.4669136904334517e+21,3.3530829516204365e+22,7.841879287132201e+22,8.357735467606368e+22
