t(s),Total solute volume 1,Total retention volume 1,Total 1 volume 1,Total 2 volume 1,Total 3 volume 1,Total 4 volume 1,Total 5 volume 1,Total 6 volume 1
0,2.1550923634800276e+18,1.717169060609053e+23,1.2543579337050872e+19,4.387601538914759e+19,1.3873651401037646e+21,2.830643597323467e+22,6.436890954121922e+22,7.759562071925852e+22
