t(s),Total solute volume 1,Total retention volume 1,Total 1 volume 1,Total 2 volume 1,Total 3 volume 1,Total 4 volume 1,Total 5 volume 1,Total 6 volume 1
0,6.5666411056726936e+16,2.88701187239105e+19,5203971956357368.0,5689972671683596.0,3.8289427057562536e+16,1.5094787334111664e+17,2.2869830516596974e+18,2.6317338016166584e+19
