t(s),Total solute volume 1,Total retention volume 1,Total 1 volume 1,Total 2 volume 1,Total 3 volume 1,Total 4 volume 1,Total 5 volume 1,Total 6 volume 1
0,6.197674773403082e+16,1.737986759022956e+17,4574148913662800.0,4905847431427061.0,194287636968348.8,354873012078569.75,4749427603655159.0,9.704334357047258e+16
