t(s),Total solute volume 1,Total retention volume 1,Total 1 volume 1,Total 2 volume 1,Total 3 volume 1,Total 4 volume 1,Total 5 volume 1,Total 6 volume 1
0,2.0660865705208714e+17,8.263181833925607e+21,6.711558540817307e+16,1.0753082620506754e+17,1.4555637784248522e+18,1.5286567825801126e+19,6.006489658227965e+20,7.645409481430071e+21
