t(s),Total solute volume 1,Total retention volume 1,Total 1 volume 1,Total 2 volume 1,Total 3 volume 1,Total 4 volume 1,Total 5 volume 1,Total 6 volume 1
0,4.756651887055506e+16,5.650751731515847e+17,2534742031225772.5,2489019978208219.0,1517306320151967.5,2549128042980562.0,2.793785506401902e+16,4.8048060284444736e+17
