t(s),Total solute volume 1,Total retention volume 1,Total 1 volume 1,Total 2 volume 1,Total 3 volume 1,Total 4 volume 1,Total 5 volume 1,Total 6 volume 1
0,7.412634750021373e+16,1.3864751319463576e+17,6819284532587502.0,7763492501330356.0,69218279883433.91,138239485589233.66,2122776307992139.0,4.760815458703891e+16
