t(s),Total solute volume 1,Total retention volume 1,Total 1 volume 1,Total 2 volume 1,Total 3 volume 1,Total 4 volume 1,Total 5 volume 1,Total 6 volume 1
0,6.160605045081409e+17,3.968404562620641e+22,7.67830629749285e+17,1.7706017440084913e+18,1.788277147689563e+19,1.57247813759813e+20,7.032950426150869e+21,3.2472810121941484e+22
