t(s),Total solute volume 1,Total retention volume 1,Total 1 volume 1,Total 2 volume 1,Total 3 volume 1,Total 4 volume 1,Total 5 volume 1,Total 6 volume 1
0,2.286764682938004e+17,6.409628891921009e+21,8.41666310503365e+16,1.3948910952252272e+17,1.170274742219682e+18,6.987378624313239e+18,2.646674653042743e+20,6.136351441041344e+21
