t(s),Total solute volume 1,Total retention volume 1,Total 1 volume 1,Total 2 volume 1,Total 3 volume 1,Total 4 volume 1,Total 5 volume 1,Total 6 volume 1
0,1.4297083041559683e+17,1.2731685908993713e+21,2.9520321540870584e+16,4.183413466422628e+16,4.2353954337480045e+17,2.850862872330314e+18,8.03127950695948e+19,1.1893670681274556e+21
