t(s),Total solute volume 1,Total retention volume 1,Total 1 volume 1,Total 2 volume 1,Total 3 volume 1,Total 4 volume 1,Total 5 volume 1,Total 6 volume 1
0,1.7065136209902323e+17,1.2752586576537877e+20,4.381099764971746e+16,6.585874551544885e+16,4.124471902100177e+16,1.3064618136193174e+17,3.806163053303524e+18,1.232674907064301e+20
