t(s),Total solute volume 1,Total retention volume 1,Total 1 volume 1,Total 2 volume 1,Total 3 volume 1,Total 4 volume 1,Total 5 volume 1,Total 6 volume 1
0,9.026506572834251e+16,1.2466486581358645e+19,1.0582167792312242e+16,1.2864965809597988e+16,1.17954421526884e+16,2.7800937043042452e+16,4.990027004025119e+17,1.1814175302430136e+19
