t(s),Total solute volume 1,Total retention volume 1,Total 1 volume 1,Total 2 volume 1,Total 3 volume 1,Total 4 volume 1,Total 5 volume 1,Total 6 volume 1
0,4.756651887055506e+16,6.508975464095481e+18,2534742031225772.5,2489019978208219.0,1.4976431532425568e+16,5.0725572693570776e+16,6.010323287227217e+17,5.789650850266799e+18
