t(s),Total solute volume 1,Total retention volume 1,Total 1 volume 1,Total 2 volume 1,Total 3 volume 1,Total 4 volume 1,Total 5 volume 1,Total 6 volume 1
0,7.301727964015883e+19,9.171310708709816e+22,2.7111952799558177e+22,4.446286275392808e+22,9.482687489261124e+21,2.705133189733394e+21,2.038440283109898e+21,5.839013291868661e+21
