t(s),Total solute volume 1,Total retention volume 1,Total 1 volume 1,Total 2 volume 1,Total 3 volume 1,Total 4 volume 1,Total 5 volume 1,Total 6 volume 1
0,3.184149623986931e+17,9.543432216477551e+21,1.761415583916261e+17,3.2597540298476077e+17,1.6122166368526492e+18,8.593894040436571e+18,3.9299857635335216e+20,9.139406997523129e+21
