t(s),Total solute volume 1,Total retention volume 1,Total 1 volume 1,Total 2 volume 1,Total 3 volume 1,Total 4 volume 1,Total 5 volume 1,Total 6 volume 1
0,6.197674773403082e+16,7.757894114589552e+16,4574148913662800.0,4905847431427061.0,11636477892139.291,21191378098512.105,283555158618354.56,5805814052166542.0
