t(s),Total solute volume 1,Total retention volume 1,Total 1 volume 1,Total 2 volume 1,Total 3 volume 1,Total 4 volume 1,Total 5 volume 1,Total 6 volume 1
0,9.954516368711946e+17,5.9770725270055375e+22,2.2394775286774456e+18,6.059472535941418e+18,8.659777569441394e+19,1.0350937159369648e+21,1.7503739573547582e+22,4.113599980317598e+22
