t(s),Total solute volume 1,Total retention volume 1,Total 1 volume 1,Total 2 volume 1,Total 3 volume 1,Total 4 volume 1,Total 5 volume 1,Total 6 volume 1
0,2.286764682938004e+17,7.306856347775955e+21,8.41666310503365e+16,1.3948910952252272e+17,1.3032718494373391e+18,8.432366093533596e+18,3.227116935914105e+20,6.973956684032646e+21
