t(s),Total solute volume 1,Total retention volume 1,Total 1 volume 1,Total 2 volume 1,Total 3 volume 1,Total 4 volume 1,Total 5 volume 1,Total 6 volume 1
0,1.122294944848212e+17,1.6800140557225027e+17,1.720192593325329e+16,2.2487444393871428e+16,10748626501773.457,26537471165563.33,560355562557023.5,1.5484899100081004e+16
