t(s),Total solute volume 1,Total retention volume 1,Total 1 volume 1,Total 2 volume 1,Total 3 volume 1,Total 4 volume 1,Total 5 volume 1,Total 6 volume 1
0,1.1886142573461043e+18,1.4053277817761469e+23,3.3262845753212687e+18,9.547595689902217e+18,2.4066895220971926e+20,5.2426924012408e+21,5.851764257788096e+22,7.651771175175704e+22
