t(s),Total solute volume 1,Total retention volume 1,Total 1 volume 1,Total 2 volume 1,Total 3 volume 1,Total 4 volume 1,Total 5 volume 1,Total 6 volume 1
0,7.654339330001997e+18,2.8680776408181e+23,2.11740295466352e+20,1.1075853577564208e+21,3.880716848911552e+22,8.595727337179665e+22,7.761090401996253e+22,8.310543820838013e+22
