t(s),Total solute volume 1,Total retention volume 1,Total 1 volume 1,Total 2 volume 1,Total 3 volume 1,Total 4 volume 1,Total 5 volume 1,Total 6 volume 1
0,3.41080351854199e+18,5.075378948836218e+21,3.4926673833597546e+19,1.42115214248461e+20,2.40579860671293e+20,9.393206587127971e+20,9.433425337102631e+20,2.771683204141328e+21
