t(s),Total solute volume 1,Total retention volume 1,Total 1 volume 1,Total 2 volume 1,Total 3 volume 1,Total 4 volume 1,Total 5 volume 1,Total 6 volume 1
0,8.413405339804337e+17,2.4838171239618118e+20,1.538843815742955e+18,3.9368564749678444e+18,2.885158014648189e+17,1.961678651517622e+18,4.8792977986699305e+19,1.910214991318084e+20
