t(s),Total solute volume 1,Total retention volume 1,Total 1 volume 1,Total 2 volume 1,Total 3 volume 1,Total 4 volume 1,Total 5 volume 1,Total 6 volume 1
0,4.999990884535286e+16,1.2981402807034622e+17,2833151015773908.0,2828700406760327.0,205144568393877.22,336685346234238.44,3820866796051915.5,6.978957109177727e+16
