t(s),Total solute volume 1,Total retention volume 1,Total 1 volume 1,Total 2 volume 1,Total 3 volume 1,Total 4 volume 1,Total 5 volume 1,Total 6 volume 1
0,4.071819960099205e+17,1.177552848764376e+20,3.048573828454969e+17,6.123728968341585e+17,2.6805329411201932e+16,1.2814426926757166e+17,6.392771046445716e+18,1.098831519556233e+20
