t(s),Total solute volume 1,Total retention volume 1,Total 1 volume 1,Total 2 volume 1,Total 3 volume 1,Total 4 volume 1,Total 5 volume 1,Total 6 volume 1
0,1.7473117771507889e+18,9.664187444337531e+22,7.856350728538216e+18,2.56333736483743e+19,5.76023112565952e+20,9.046743824972075e+21,3.1730299787361934e+22,5.525357068232028e+22
