t(s),Total solute volume 1,Total retention volume 1,Total 1 volume 1,Total 2 volume 1,Total 3 volume 1,Total 4 volume 1,Total 5 volume 1,Total 6 volume 1
0,4.6444135142887546e+17,7.099827264378713e+21,4.088535341100352e+17,8.58089529357151e+17,1.9782253647829596e+18,1.1022553519517344e+19,5.605667326232553e+20,6.524528368456267e+21
