t(s),Total solute volume 1,Total retention volume 1,Total 1 volume 1,Total 2 volume 1,Total 3 volume 1,Total 4 volume 1,Total 5 volume 1,Total 6 volume 1
0,7.301727964015883e+19,1.1445567452630659e+23,2.7111952799558177e+22,4.446286275392808e+22,1.9700149927789824e+22,6.060560620672162e+21,4.59379386801561e+21,1.2453337276702064e+22
