t(s),Total solute volume 1,Total retention volume 1,Total 1 volume 1,Total 2 volume 1,Total 3 volume 1,Total 4 volume 1,Total 5 volume 1,Total 6 volume 1
0,1.874180731908145e+17,5.062199918331561e+21,5.399819431922016e+16,8.374842692958085e+16,1.0455593554989446e+18,9.586304469484003e+18,3.432288154865978e+20,4.708014074325544e+21
