t(s),Total solute volume 1,Total retention volume 1,Total 1 volume 1,Total 2 volume 1,Total 3 volume 1,Total 4 volume 1,Total 5 volume 1,Total 6 volume 1
0,5.859579698822926e+16,6.694883043020114e+18,4036115571689510.5,4248607036429529.5,1.252567737934105e+16,2.9156112038245172e+16,3.820456925347536e+17,6.204275041471314e+18
