t(s),Total solute volume 1,Total retention volume 1,Total 1 volume 1,Total 2 volume 1,Total 3 volume 1,Total 4 volume 1,Total 5 volume 1,Total 6 volume 1
0,7.654339330001997e+18,2.9009634599918045e+23,2.1174029546635162e+20,1.1075853577564208e+21,3.898368483868604e+22,8.721641316422968e+22,7.895557290526834e+22,8.361369509844395e+22
