t(s),Total solute volume 1,Total retention volume 1,Total 1 volume 1,Total 2 volume 1,Total 3 volume 1,Total 4 volume 1,Total 5 volume 1,Total 6 volume 1
0,1.433399386980134e+18,5.3005376688984015e+19,5.050972524890161e+18,1.5430230570377775e+19,1.6062541889286074e+17,1.2819055727529247e+18,7.234548618683268e+18,2.241369459640669e+19
