t(s),Total solute volume 1,Total retention volume 1,Total 1 volume 1,Total 2 volume 1,Total 3 volume 1,Total 4 volume 1,Total 5 volume 1,Total 6 volume 1
0,9.682243045823266e+16,2.1815485101735585e+20,1.2374155389646972e+16,1.5399323190154844e+16,1.3955863119304365e+17,8.150167512202158e+17,1.7225900726032818e+19,1.9984977899987298e+20
