t(s),Total solute volume 1,Total retention volume 1,Total 1 volume 1,Total 2 volume 1,Total 3 volume 1,Total 4 volume 1,Total 5 volume 1,Total 6 volume 1
0,2.1550923634800276e+18,1.3532097303912053e+23,1.2543579337050872e+19,4.387601538914759e+19,1.2382118922208773e+21,2.102847900015775e+22,4.6044186918166395e+22,6.695152054148459e+22
