t(s),Total solute volume 1,Total retention volume 1,Total 1 volume 1,Total 2 volume 1,Total 3 volume 1,Total 4 volume 1,Total 5 volume 1,Total 6 volume 1
0,1.1999214403838304e+20,4.676116262475769e+23,6.152497233576406e+22,4.870349495676086e+22,1.0386112323406325e+23,8.975493138487375e+22,7.9742092296634e+22,8.390501989543523e+22
