t(s),Total solute volume 1,Total retention volume 1,Total 1 volume 1,Total 2 volume 1,Total 3 volume 1,Total 4 volume 1,Total 5 volume 1,Total 6 volume 1
0,1.7473117771507889e+18,4.1648784530097436e+22,7.856350728538215e+18,2.56333736483743e+19,3.0935683879630714e+20,3.3246659420502937e+21,1.113590762495927e+22,2.684361708813784e+22
