t(s),Total solute volume 1,Total retention volume 1,Total 1 volume 1,Total 2 volume 1,Total 3 volume 1,Total 4 volume 1,Total 5 volume 1,Total 6 volume 1
0,6.160605045081409e+17,6.239709757316405e+22,7.67830629749285e+17,1.7706017440084913e+18,2.541281450042376e+19,2.8284352033065458e+20,1.3024182439016437e+22,4.906150430643782e+22
