t(s),Total solute volume 1,Total retention volume 1,Total 1 volume 1,Total 2 volume 1,Total 3 volume 1,Total 4 volume 1,Total 5 volume 1,Total 6 volume 1
0,1.1999214403838304e+20,1.1276556342419222e+23,6.152497233576406e+22,4.870349495676086e+22,1.1661653919844098e+21,3.135649457088401e+20,2.353021562676077e+20,7.020714936695849e+20
