t(s),Total solute volume 1,Total retention volume 1,Total 1 volume 1,Total 2 volume 1,Total 3 volume 1,Total 4 volume 1,Total 5 volume 1,Total 6 volume 1
0,1.314985697153493e+17,1.072528270649208e+19,2.4495440733375292e+16,3.3758739075879256e+16,5328169531002249.0,1.4403302417623272e+16,3.4358833024878355e+17,1.0172210154770004e+19
