t(s),Total solute volume 1,Total retention volume 1,Total 1 volume 1,Total 2 volume 1,Total 3 volume 1,Total 4 volume 1,Total 5 volume 1,Total 6 volume 1
0,1.4509118010472559e+19,1.364633459082799e+23,8.782046250079989e+20,5.232424008980733e+21,4.5923224013888735e+22,2.4762195610016833e+22,1.9451418397607564e+22,4.020137013476902e+22
