t(s),Total solute volume 1,Total retention volume 1,Total 1 volume 1,Total 2 volume 1,Total 3 volume 1,Total 4 volume 1,Total 5 volume 1,Total 6 volume 1
0,5.859579698822926e+16,8.082327432984083e+16,4036115571689510.5,4248607036429529.5,29248642217862.812,51773963024267.44,663536956412181.0,1.3198195171836856e+16
