t(s),Total solute volume 1,Total retention volume 1,Total 1 volume 1,Total 2 volume 1,Total 3 volume 1,Total 4 volume 1,Total 5 volume 1,Total 6 volume 1
0,1.7473117771507889e+18,8.449965585393187e+22,7.856350728538214e+18,2.56333736483743e+19,5.2811378718857724e+20,7.659398447826071e+21,2.6560798332859395e+22,4.971610824990322e+22
