t(s),Total solute volume 1,Total retention volume 1,Total 1 volume 1,Total 2 volume 1,Total 3 volume 1,Total 4 volume 1,Total 5 volume 1,Total 6 volume 1
0,1.0410857772626118e+17,1.4247318951653238e+18,1.4548167332142294e+16,1.8548032395571572e+16,980151941998801.2,2336471029179417.5,4.6584999579707784e+16,1.2376254951604493e+18
