t(s),Total solute volume 1,Total retention volume 1,Total 1 volume 1,Total 2 volume 1,Total 3 volume 1,Total 4 volume 1,Total 5 volume 1,Total 6 volume 1
0,7.654339330001997e+18,1.3229145284718858e+23,2.1174029546635192e+20,1.1075853577564208e+21,2.525266434056207e+22,3.1702239071307804e+22,2.5708650075976815e+22,4.8300919366787485e+22
