t(s),Total solute volume 1,Total retention volume 1,Total 1 volume 1,Total 2 volume 1,Total 3 volume 1,Total 4 volume 1,Total 5 volume 1,Total 6 volume 1
0,5.859579698822926e+16,2.232514362147792e+19,4036115571689510.5,4248607036429529.5,3.3293002255999844e+16,1.626266707925488e+17,2.3752543441699584e+18,1.9687089084662956e+19
