t(s),Total solute volume 1,Total retention volume 1,Total 1 volume 1,Total 2 volume 1,Total 3 volume 1,Total 4 volume 1,Total 5 volume 1,Total 6 volume 1
0,2.0660865705208714e+17,2.047548573747525e+18,6.711558540817307e+16,1.0753082620506754e+17,411875876558552.2,1390586756185348.5,4.661237122119525e+16,1.6178786712282824e+18
