t(s),Total solute volume 1,Total retention volume 1,Total 1 volume 1,Total 2 volume 1,Total 3 volume 1,Total 4 volume 1,Total 5 volume 1,Total 6 volume 1
0,5.549106202873219e+16,7.651584945348067e+16,3574543289432606.5,3695067633789086.0,31755130930770.434,54671605218591.39,671948956850678.6,1.2996800808527282e+16
