t(s),Total solute volume 1,Total retention volume 1,Total 1 volume 1,Total 2 volume 1,Total 3 volume 1,Total 4 volume 1,Total 5 volume 1,Total 6 volume 1
0,7.898873006952949e+16,1.1881892641796787e+17,7857626411464600.0,9137075296732168.0,28301931659931.08,58369572950314.31,941145363548827.6,2.1807677772080744e+16
