t(s),Total solute volume 1,Total retention volume 1,Total 1 volume 1,Total 2 volume 1,Total 3 volume 1,Total 4 volume 1,Total 5 volume 1,Total 6 volume 1
0,1.433399386980134e+18,1.3676220315623786e+23,5.050972524890161e+18,1.5430230570377775e+19,4.03001925215149e+20,8.553043511789008e+21,5.457357982776822e+22,7.321066328898132e+22
