t(s),Total solute volume 1,Total retention volume 1,Total 1 volume 1,Total 2 volume 1,Total 3 volume 1,Total 4 volume 1,Total 5 volume 1,Total 6 volume 1
0,2.1550923634800276e+18,1.9643853670319182e+23,1.2543579337050872e+19,4.387601538914759e+19,1.465178371834986e+21,3.3403482238189004e+22,7.80668191169907e+22,8.3444482289086e+22
