t(s),Total solute volume 1,Total retention volume 1,Total 1 volume 1,Total 2 volume 1,Total 3 volume 1,Total 4 volume 1,Total 5 volume 1,Total 6 volume 1
0,5.74157916659942e+18,8.763637776500786e+20,1.1155733650881687e+20,5.3600706402624864e+20,3.6372019625164464e+19,4.482222562960483e+19,3.5485288679988888e+19,1.063782640136475e+20
