t(s),Total solute volume 1,Total retention volume 1,Total 1 volume 1,Total 2 volume 1,Total 3 volume 1,Total 4 volume 1,Total 5 volume 1,Total 6 volume 1
0,1.0417779541760956e+19,3.150538392109332e+21,4.2060845695740917e+20,2.3786086414986547e+21,1.2271238564385728e+20,5.428536686746735e+19,4.1005454148490805e+19,1.2290030745165318e+20
