t(s),Total solute volume 1,Total retention volume 1,Total 1 volume 1,Total 2 volume 1,Total 3 volume 1,Total 4 volume 1,Total 5 volume 1,Total 6 volume 1
0,1.1999214403838304e+20,2.835382262320429e+23,6.152497233576406e+22,4.870349495676086e+22,6.702439969855473e+22,3.228356625772633e+22,2.5650360890979336e+22,4.8231439948221025e+22
