t(s),Total solute volume 1,Total retention volume 1,Total 1 volume 1,Total 2 volume 1,Total 3 volume 1,Total 4 volume 1,Total 5 volume 1,Total 6 volume 1
0,3.5908603530687936e+17,4.8343130238656195e+22,2.3031334757874176e+17,4.4365248646884774e+17,6.917424875726176e+18,8.415761146404407e+19,4.5616073874320303e+21,4.368941476301434e+22
