t(s),Total solute volume 1,Total retention volume 1,Total 1 volume 1,Total 2 volume 1,Total 3 volume 1,Total 4 volume 1,Total 5 volume 1,Total 6 volume 1
0,5.859579698822926e+16,5.426542421328629e+18,4036115571689510.5,4248607036429529.5,1.0328407612556316e+16,2.2779840536667304e+16,2.970351326386197e+17,5.029518520944417e+18
