t(s),Total solute volume 1,Total retention volume 1,Total 1 volume 1,Total 2 volume 1,Total 3 volume 1,Total 4 volume 1,Total 5 volume 1,Total 6 volume 1
0,4.071819960099205e+17,1.1627695137712268e+22,3.048573828454969e+17,6.123728968341585e+17,2.5029115395018056e+18,1.418402743379309e+19,7.168705107739802e+20,1.0892813275689378e+22
