t(s),Total solute volume 1,Total retention volume 1,Total 1 volume 1,Total 2 volume 1,Total 3 volume 1,Total 4 volume 1,Total 5 volume 1,Total 6 volume 1
0,9.026506572834251e+16,2.2344270995435974e+17,1.0582167792312242e+16,1.2864965809597988e+16,107478975368358.03,237446254741525.72,4242114120241528.5,1.0514347127375112e+17
