t(s),Total solute volume 1,Total retention volume 1,Total 1 volume 1,Total 2 volume 1,Total 3 volume 1,Total 4 volume 1,Total 5 volume 1,Total 6 volume 1
0,3.41080351854199e+18,4.796551476711098e+20,3.4926673833597546e+19,1.42115214248461e+20,1.4965315020776573e+19,5.676253713581707e+19,5.688875632991237e+19,1.70585847583995e+20
