t(s),Total solute volume 1,Total retention volume 1,Total 1 volume 1,Total 2 volume 1,Total 3 volume 1,Total 4 volume 1,Total 5 volume 1,Total 6 volume 1
0,1.433399386980134e+18,1.7117050197508586e+23,5.050972524890161e+18,1.5430230570377777e+19,4.4460846975766954e+20,1.138769419548132e+22,7.594797453931619e+22,8.336831016804944e+22
