t(s),Total solute volume 1,Total retention volume 1,Total 1 volume 1,Total 2 volume 1,Total 3 volume 1,Total 4 volume 1,Total 5 volume 1,Total 6 volume 1
0,1.1886142573461043e+18,2.651985380067769e+20,3.3262845753212687e+18,9.547595689902217e+18,7.709457016845586e+17,5.954414910386559e+18,5.802292176656433e+19,1.8638776110557272e+20
