t(s),Total solute volume 1,Total retention volume 1,Total 1 volume 1,Total 2 volume 1,Total 3 volume 1,Total 4 volume 1,Total 5 volume 1,Total 6 volume 1
0,6.160605045081409e+17,6.990580954632263e+20,7.67830629749285e+17,1.7706017440084913e+18,3.746261141111745e+17,2.2136122638032732e+18,9.561578008994973e+19,5.976995841170971e+20
