t(s),Total solute volume 1,Total retention volume 1,Total 1 volume 1,Total 2 volume 1,Total 3 volume 1,Total 4 volume 1,Total 5 volume 1,Total 6 volume 1
0,4.756651887055506e+16,7.099013345460281e+16,2534742031225772.5,2489019978208219.0,55664264932318.97,88665152980238.6,968040460067586.1,1.728748269663369e+16
