t(s),Total solute volume 1,Total retention volume 1,Total 1 volume 1,Total 2 volume 1,Total 3 volume 1,Total 4 volume 1,Total 5 volume 1,Total 6 volume 1
0,4.388031255538536e+18,1.2369374905381408e+21,6.12580002685351e+19,2.7044583928840346e+20,8.255933054513668e+19,1.8535926038409642e+20,1.5863363173103472e+20,4.742933970653904e+20
