t(s),Total solute volume 1,Total retention volume 1,Total 1 volume 1,Total 2 volume 1,Total 3 volume 1,Total 4 volume 1,Total 5 volume 1,Total 6 volume 1
0,1.1999214403838304e+20,2.3829343656066942e+23,6.152497233576406e+22,4.870349495676086e+22,5.281340962864246e+22,2.172826892214398e+22,1.693506317428033e+22,3.646823539904204e+22
