t(s),Total solute volume 1,Total retention volume 1,Total 1 volume 1,Total 2 volume 1,Total 3 volume 1,Total 4 volume 1,Total 5 volume 1,Total 6 volume 1
0,2.838052749429945e+17,2.793368460596159e+22,1.3626480534992328e+17,2.426887464870655e+17,3.683377284212021e+18,4.4787035275333755e+19,2.188369806225174e+21,2.5696181628350497e+22
