t(s),Total solute volume 1,Total retention volume 1,Total 1 volume 1,Total 2 volume 1,Total 3 volume 1,Total 4 volume 1,Total 5 volume 1,Total 6 volume 1
0,1.4509118010472559e+19,1.5784312357457945e+23,8.782046250079989e+20,5.232424008980733e+21,5.159323899812965e+22,3.012207821840777e+22,2.38946421911365e+22,4.6108026414906615e+22
