t(s),Total solute volume 1,Total retention volume 1,Total 1 volume 1,Total 2 volume 1,Total 3 volume 1,Total 4 volume 1,Total 5 volume 1,Total 6 volume 1
0,7.412634750021373e+16,6.340297596648781e+19,6819284532587502.0,7763492501330356.0,6.416245699130069e+16,3.322127025904841e+17,5.737749675651902e+18,5.7180142006719185e+19
