t(s),Total solute volume 1,Total retention volume 1,Total 1 volume 1,Total 2 volume 1,Total 3 volume 1,Total 4 volume 1,Total 5 volume 1,Total 6 volume 1
0,4.632802213684205e+19,3.682251633163304e+23,1.098131415173949e+22,3.5085054935044953e+22,9.833706861925666e+22,7.76532524751356e+22,6.731812789382378e+22,7.880401721919366e+22
