t(s),Total solute volume 1,Total retention volume 1,Total 1 volume 1,Total 2 volume 1,Total 3 volume 1,Total 4 volume 1,Total 5 volume 1,Total 6 volume 1
0,5.331000576703257e+17,8.753358770467951e+21,5.560848088934841e+17,1.2219752934206106e+18,3.2373808957907267e+18,1.948844888431662e+19,9.53441820404665e+20,7.774879960123368e+21
