t(s),Total solute volume 1,Total retention volume 1,Total 1 volume 1,Total 2 volume 1,Total 3 volume 1,Total 4 volume 1,Total 5 volume 1,Total 6 volume 1
0,2.073332087427378e+19,2.4013562389120403e+22,1.9346913512456716e+21,1.1315073985465211e+22,4.909597095228031e+21,1.4757239499424816e+21,1.1103616632132859e+21,3.2473810231513606e+21
