t(s),Total solute volume 1,Total retention volume 1,Total 1 volume 1,Total 2 volume 1,Total 3 volume 1,Total 4 volume 1,Total 5 volume 1,Total 6 volume 1
0,1.1999214403838304e+20,1.1217556198239342e+23,6.152497233576406e+22,4.870349495676086e+22,8.82083841624603e+20,2.367284409072414e+20,1.7761959598066893e+20,5.3067066731668105e+20
