t(s),Total solute volume 1,Total retention volume 1,Total 1 volume 1,Total 2 volume 1,Total 3 volume 1,Total 4 volume 1,Total 5 volume 1,Total 6 volume 1
0,5.549106202873219e+16,6.311299789866112e+16,3574543289432606.5,3695067633789086.0,813606292629.281,1399780179189.7246,17203358775995.95,332908201459241.9
