t(s),Total solute volume 1,Total retention volume 1,Total 1 volume 1,Total 2 volume 1,Total 3 volume 1,Total 4 volume 1,Total 5 volume 1,Total 6 volume 1
0,5.74157916659942e+18,1.0450185288294758e+21,1.1155733650881687e+20,5.3600706402624864e+20,6.384180235832454e+19,7.874417910442833e+19,6.234482164062168e+19,1.867817460244248e+20
