t(s),Total solute volume 1,Total retention volume 1,Total 1 volume 1,Total 2 volume 1,Total 3 volume 1,Total 4 volume 1,Total 5 volume 1,Total 6 volume 1
0,1.874180731908145e+17,1.0903051927615206e+18,5.399819431922016e+16,8.374842692958085e+16,217373039575627.5,698107489992142.1,2.1768112224147788e+16,7.424569055681798e+17
