t(s),Total solute volume 1,Total retention volume 1,Total 1 volume 1,Total 2 volume 1,Total 3 volume 1,Total 4 volume 1,Total 5 volume 1,Total 6 volume 1
0,6.5666411056726936e+16,2.3047250914950646e+18,5203971956357369.0,5689972671683596.0,3745487966394926.0,7404668739589912.0,1.0397481826736709e+17,2.1130397608369372e+18
