t(s),Total solute volume 1,Total retention volume 1,Total 1 volume 1,Total 2 volume 1,Total 3 volume 1,Total 4 volume 1,Total 5 volume 1,Total 6 volume 1
0,6.5666411056726936e+16,3.220622393539501e+17,5203971956357369.0,5689972671683596.0,420469018984568.5,793187725313310.8,1.1100352483750602e+16,2.3318787444113446e+17
