t(s),Total solute volume 1,Total retention volume 1,Total 1 volume 1,Total 2 volume 1,Total 3 volume 1,Total 4 volume 1,Total 5 volume 1,Total 6 volume 1
0,5.549106202873219e+16,7.313825864971862e+16,3574543289432606.5,3695067633789086.0,23959354001314.258,41242674226441.8,506892621449296.56,9805491048086986.0
