t(s),Total solute volume 1,Total retention volume 1,Total 1 volume 1,Total 2 volume 1,Total 3 volume 1,Total 4 volume 1,Total 5 volume 1,Total 6 volume 1
0,4.388031255538536e+18,1.5286054038644756e+21,6.12580002685351e+19,2.7044583928840356e+20,1.0918007329856543e+20,2.4554493551688856e+20,2.10166629895789e+20,6.276218943407439e+20
