t(s),Total solute volume 1,Total retention volume 1,Total 1 volume 1,Total 2 volume 1,Total 3 volume 1,Total 4 volume 1,Total 5 volume 1,Total 6 volume 1
0,7.301727964015883e+19,7.682386730835784e+22,2.7111952799558177e+22,4.446286275392808e+22,2.4875126035209315e+21,6.7596385161269e+20,5.075727918528363e+20,1.5049852282464284e+21
