t(s),Total solute volume 1,Total retention volume 1,Total 1 volume 1,Total 2 volume 1,Total 3 volume 1,Total 4 volume 1,Total 5 volume 1,Total 6 volume 1
0,5.549106202873219e+16,1.2616665311240395e+19,3574543289432606.5,3695067633789086.0,2.2604519983528776e+16,7.911814603759192e+16,1.047794261322329e+18,1.1404387710944965e+19
