t(s),Total solute volume 1,Total retention volume 1,Total 1 volume 1,Total 2 volume 1,Total 3 volume 1,Total 4 volume 1,Total 5 volume 1,Total 6 volume 1
0,1.213101554250879e+17,9.988818138103113e+19,2.046233060134811e+16,2.7452473202875316e+16,5.532270066619284e+16,1.6225954121403526e+17,3.672853063565381e+18,9.58285211163556e+19
