t(s),Total solute volume 1,Total retention volume 1,Total 1 volume 1,Total 2 volume 1,Total 3 volume 1,Total 4 volume 1,Total 5 volume 1,Total 6 volume 1
0,4.632802213684205e+19,3.908936855560407e+23,1.098131415173949e+22,3.5085054935044953e+22,1.0154347979863619e+23,8.559181768660365e+22,7.540130755747831e+22,8.224438340440495e+22
