t(s),Total solute volume 1,Total retention volume 1,Total 1 volume 1,Total 2 volume 1,Total 3 volume 1,Total 4 volume 1,Total 5 volume 1,Total 6 volume 1
0,7.171273444608589e+17,1.0240849959498657e+23,1.0775438795249249e+18,2.613815739480852e+18,5.128793734795304e+19,8.294090617725273e+20,3.2239908429738843e+22,6.9283485679165465e+22
