t(s),Total solute volume 1,Total retention volume 1,Total 1 volume 1,Total 2 volume 1,Total 3 volume 1,Total 4 volume 1,Total 5 volume 1,Total 6 volume 1
0,2.0660865705208714e+17,8.580854487333939e+19,6.711558540817307e+16,1.0753082620506754e+17,2.1036444551457036e+16,7.171349621807175e+16,2.4054572837768284e+18,8.292908258012724e+19
