t(s),Total solute volume 1,Total retention volume 1,Total 1 volume 1,Total 2 volume 1,Total 3 volume 1,Total 4 volume 1,Total 5 volume 1,Total 6 volume 1
0,1.122294944848212e+17,4.7537077230740065e+20,1.720192593325329e+16,2.2487444393871428e+16,2.2925443943626435e+17,1.6000886863611308e+18,3.870861395868044e+19,4.346808963581005e+20
