t(s),Total solute volume 1,Total retention volume 1,Total 1 volume 1,Total 2 volume 1,Total 3 volume 1,Total 4 volume 1,Total 5 volume 1,Total 6 volume 1
0,9.954516368711946e+17,6.1728390163494445e+19,2.2394775286774456e+18,6.059472535941418e+18,9.862497191019662e+16,7.172449882117277e+17,1.1585324938260955e+19,4.0032793563621474e+19
