t(s),Total solute volume 1,Total retention volume 1,Total 1 volume 1,Total 2 volume 1,Total 3 volume 1,Total 4 volume 1,Total 5 volume 1,Total 6 volume 1
0,7.898873006952949e+16,1.894249911082017e+17,7857626411464600.0,9137075296732168.0,115777599699646.56,238944396554391.97,3852902886221116.0,8.923393444800069e+16
