t(s),Total solute volume 1,Total retention volume 1,Total 1 volume 1,Total 2 volume 1,Total 3 volume 1,Total 4 volume 1,Total 5 volume 1,Total 6 volume 1
0,2.1550923634800276e+18,5.996419281502629e+22,1.2543579337050872e+19,4.387601538914759e+19,7.266272720805267e+20,7.835364338249521e+21,1.6074972831318675e+22,3.5268653686287084e+22
