t(s),Total solute volume 1,Total retention volume 1,Total 1 volume 1,Total 2 volume 1,Total 3 volume 1,Total 4 volume 1,Total 5 volume 1,Total 6 volume 1
0,1.1999214403838304e+20,4.6777965038571626e+23,6.152497233576406e+22,4.870349495676086e+22,1.038825675186039e+23,8.98149850663195e+22,7.9805302906121e+22,8.392833545810628e+22
