t(s),Total solute volume 1,Total retention volume 1,Total 1 volume 1,Total 2 volume 1,Total 3 volume 1,Total 4 volume 1,Total 5 volume 1,Total 6 volume 1
0,6.9702016393038264e+16,1.0791178110834026e+19,5944515532356725.0,6630186019767457.0,1.5357775574309134e+16,3.605860516710303e+16,5.3608309497296826e+17,1.012140191717438e+19
