t(s),Total solute volume 1,Total retention volume 1,Total 1 volume 1,Total 2 volume 1,Total 3 volume 1,Total 4 volume 1,Total 5 volume 1,Total 6 volume 1
0,6.5666411056726936e+16,3.8377530736694057e+18,5203971956357368.0,5689972671683596.0,6232775134630445.0,1.2780699434873482e+16,1.7995727002730925e+17,3.562221973387836e+18
