t(s),Total solute volume 1,Total retention volume 1,Total 1 volume 1,Total 2 volume 1,Total 3 volume 1,Total 4 volume 1,Total 5 volume 1,Total 6 volume 1
0,4.756651887055506e+16,1.1629999965974372e+18,2534742031225772.5,2489019978208219.0,3204118544097118.0,5745964215263470.0,6.32895187944502e+16,1.0381701141636223e+18
