t(s),Total solute volume 1,Total retention volume 1,Total 1 volume 1,Total 2 volume 1,Total 3 volume 1,Total 4 volume 1,Total 5 volume 1,Total 6 volume 1
0,2.5417881604872016e+17,1.3891584447159323e+22,1.0655456735803997e+17,1.8292710984074672e+17,2.1314323243868047e+18,1.7367774433876042e+19,7.351453709740957e+20,1.3136396208933767e+22
