t(s),Total solute volume 1,Total retention volume 1,Total 1 volume 1,Total 2 volume 1,Total 3 volume 1,Total 4 volume 1,Total 5 volume 1,Total 6 volume 1
0,3.049370426842634e+19,4.534068474299478e+22,4.502339012740615e+21,2.2082334505202914e+22,8.741426486375014e+21,2.548660496320473e+21,1.9203218931790625e+21,5.515108644908161e+21
