t(s),Total solute volume 1,Total retention volume 1,Total 1 volume 1,Total 2 volume 1,Total 3 volume 1,Total 4 volume 1,Total 5 volume 1,Total 6 volume 1
0,1.122294944848212e+17,6.25451292264185e+17,1.720192593325329e+16,2.2487444393871428e+16,316373092480247.1,781772604567235.1,1.6508615948696326e+16,4.5592566580649184e+17
