t(s),Total solute volume 1,Total retention volume 1,Total 1 volume 1,Total 2 volume 1,Total 3 volume 1,Total 4 volume 1,Total 5 volume 1,Total 6 volume 1
0,7.654339330001997e+18,3.3838792295603027e+22,2.1174029546635176e+20,1.1075853577564208e+21,7.900307393819047e+21,6.37977951975389e+21,4.938851831797513e+21,1.329287355767942e+22
