t(s),Total solute volume 1,Total retention volume 1,Total 1 volume 1,Total 2 volume 1,Total 3 volume 1,Total 4 volume 1,Total 5 volume 1,Total 6 volume 1
0,7.898873006952949e+16,1.0019069497048586e+17,7857626411464600.0,9137075296732168.0,5214795881064.55,10752962099077.893,173377510731519.1,4017917924046942.5
