t(s),Total solute volume 1,Total retention volume 1,Total 1 volume 1,Total 2 volume 1,Total 3 volume 1,Total 4 volume 1,Total 5 volume 1,Total 6 volume 1
0,5.263409243820472e+16,5.752285300953013e+17,3176956375550943.5,3226718800086626.5,1290021451143630.8,2235865186626596.2,2.644873411667245e+16,4.862161417270165e+17
