t(s),Total solute volume 1,Total retention volume 1,Total 1 volume 1,Total 2 volume 1,Total 3 volume 1,Total 4 volume 1,Total 5 volume 1,Total 6 volume 1
0,3.5908603530687936e+17,3.491345227333282e+22,2.3031334757874176e+17,4.4365248646884774e+17,5.456065343186713e+18,4.8708387966353105e+19,2.4973691472878413e+21,3.236088562086731e+22
