t(s),Total solute volume 1,Total retention volume 1,Total 1 volume 1,Total 2 volume 1,Total 3 volume 1,Total 4 volume 1,Total 5 volume 1,Total 6 volume 1
0,9.682243045823266e+16,9.935702464655913e+17,1.2374155389646972e+16,1.5399323190154844e+16,751500285327136.0,1725689556402232.0,3.2542729957517532e+16,8.339544176282984e+17
