t(s),Total solute volume 1,Total retention volume 1,Total 1 volume 1,Total 2 volume 1,Total 3 volume 1,Total 4 volume 1,Total 5 volume 1,Total 6 volume 1
0,1.5593745071291005e+17,1.7671321874649763e+20,3.5828426689998184e+16,5.226428756416006e+16,6.528168453688457e+16,2.05083329976653e+17,5.596286438141778e+18,1.7060253712887366e+20
