t(s),Total solute volume 1,Total retention volume 1,Total 1 volume 1,Total 2 volume 1,Total 3 volume 1,Total 4 volume 1,Total 5 volume 1,Total 6 volume 1
0,1.122294944848212e+17,2.6436974211368583e+20,1.720192593325329e+16,2.2487444393871428e+16,1.4670756785498048e+17,6.176342928391702e+17,1.3714835198948168e+19,2.4973864618923216e+20
