t(s),Total solute volume 1,Total retention volume 1,Total 1 volume 1,Total 2 volume 1,Total 3 volume 1,Total 4 volume 1,Total 5 volume 1,Total 6 volume 1
0,7.412634750021373e+16,9.56521753499634e+16,6819284532587502.0,7763492501330356.0,9625790922049.3,19213202418563.598,295022145420491.94,6619189677069361.0
