t(s),Total solute volume 1,Total retention volume 1,Total 1 volume 1,Total 2 volume 1,Total 3 volume 1,Total 4 volume 1,Total 5 volume 1,Total 6 volume 1
0,5.74157916659942e+18,2.6604436551756325e+23,1.1155733650881687e+20,5.3600706402624864e+20,2.1187639256239646e+22,8.325744250751583e+22,7.777572285498443e+22,8.317025491912427e+22
