t(s),Total solute volume 1,Total retention volume 1,Total 1 volume 1,Total 2 volume 1,Total 3 volume 1,Total 4 volume 1,Total 5 volume 1,Total 6 volume 1
0,1.4509118010472559e+19,1.1621407139405998e+23,8.782046250079989e+20,5.232424008980733e+21,4.008333913644476e+22,2.003583572286956e+22,1.5604617108660528e+22,3.4365141674083647e+22
