t(s),Total solute volume 1,Total retention volume 1,Total 1 volume 1,Total 2 volume 1,Total 3 volume 1,Total 4 volume 1,Total 5 volume 1,Total 6 volume 1
0,6.5666411056726936e+16,3.355181129491727e+19,5203971956357368.0,5689972671683596.0,4.2753713360101784e+16,1.9339358405002224e+17,3.0001364492480676e+18,3.0238967192574734e+19
