t(s),Total solute volume 1,Total retention volume 1,Total 1 volume 1,Total 2 volume 1,Total 3 volume 1,Total 4 volume 1,Total 5 volume 1,Total 6 volume 1
0,6.160605045081409e+17,1.1446702250350295e+23,7.67830629749285e+17,1.7706017440084913e+18,3.6856805289162105e+19,6.881203142935904e+20,3.502705545559963e+22,7.871183543544185e+22
