t(s),Total solute volume 1,Total retention volume 1,Total 1 volume 1,Total 2 volume 1,Total 3 volume 1,Total 4 volume 1,Total 5 volume 1,Total 6 volume 1
0,3.41080351854199e+18,3.866376073274976e+22,3.4926673833597546e+19,1.42115214248461e+20,1.669239770965347e+21,8.007473057088698e+21,8.176222657604656e+21,2.0630372555491226e+22
