t(s),Total solute volume 1,Total retention volume 1,Total 1 volume 1,Total 2 volume 1,Total 3 volume 1,Total 4 volume 1,Total 5 volume 1,Total 6 volume 1
0,9.682243045823266e+16,2.1400669655240655e+18,1.2374155389646972e+16,1.5399323190154844e+16,1740007138871973.2,4012964351917500.0,7.569867285272218e+16,1.9340194121425175e+18
