t(s),Total solute volume 1,Total retention volume 1,Total 1 volume 1,Total 2 volume 1,Total 3 volume 1,Total 4 volume 1,Total 5 volume 1,Total 6 volume 1
0,6.5666411056726936e+16,7.722293103331298e+16,5203971956357368.0,5689972671683596.0,1137429586844.4048,2133368435503.1992,29843659943627.504,629460890578809.1
