t(s),Total solute volume 1,Total retention volume 1,Total 1 volume 1,Total 2 volume 1,Total 3 volume 1,Total 4 volume 1,Total 5 volume 1,Total 6 volume 1
0,2.0660865705208714e+17,3.4568817493881295e+21,6.711558540817307e+16,1.0753082620506754e+17,7.372855251568698e+17,3.792242229404513e+18,1.3192243718391153e+20,3.3200485293809394e+21
