t(s),Total solute volume 1,Total retention volume 1,Total 1 volume 1,Total 2 volume 1,Total 3 volume 1,Total 4 volume 1,Total 5 volume 1,Total 6 volume 1
0,6.160605045081409e+17,1.1288851622533004e+23,7.67830629749285e+17,1.7706017440084913e+18,3.6610935320262865e+19,6.737238010190154e+20,3.4166267102863404e+22,7.800875989325021e+22
