t(s),Total solute volume 1,Total retention volume 1,Total 1 volume 1,Total 2 volume 1,Total 3 volume 1,Total 4 volume 1,Total 5 volume 1,Total 6 volume 1
0,1.4297083041559683e+17,1.861761698352597e+20,2.9520321540870584e+16,4.183413466422628e+16,7.832172180553666e+16,2.4546052065179568e+17,6.290395620826009e+18,1.7934766668535624e+20
