t(s),Total solute volume 1,Total retention volume 1,Total 1 volume 1,Total 2 volume 1,Total 3 volume 1,Total 4 volume 1,Total 5 volume 1,Total 6 volume 1
0,6.9702016393038264e+16,1.9257555734065178e+17,5944515532356725.0,6630186019767457.0,170317207150322.72,330009284450035.9,4833794638388224.0,1.0496471826550269e+17
