t(s),Total solute volume 1,Total retention volume 1,Total 1 volume 1,Total 2 volume 1,Total 3 volume 1,Total 4 volume 1,Total 5 volume 1,Total 6 volume 1
0,3.049370426842634e+19,6.675924723634097e+22,4.502339012740615e+21,2.2082334505202914e+22,1.826755347750809e+22,5.722690173380121e+21,4.335839282869392e+21,1.1817997080372735e+22
