t(s),Total solute volume 1,Total retention volume 1,Total 1 volume 1,Total 2 volume 1,Total 3 volume 1,Total 4 volume 1,Total 5 volume 1,Total 6 volume 1
0,3.049370426842634e+19,2.8192263140643223e+22,4.502339012740615e+21,2.2082334505202914e+22,7.508594282828095e+20,2.068948579618573e+20,1.552535536180449e+20,4.6408807856853025e+20
