t(s),Total solute volume 1,Total retention volume 1,Total 1 volume 1,Total 2 volume 1,Total 3 volume 1,Total 4 volume 1,Total 5 volume 1,Total 6 volume 1
0,4.6444135142887546e+17,7.2606566247981545e+22,4.088535341100352e+17,8.58089529357151e+17,1.4639714545762042e+19,1.9986318070707457e+20,1.1433000771605555e+22,6.095733119670939e+22
