t(s),Total solute volume 1,Total retention volume 1,Total 1 volume 1,Total 2 volume 1,Total 3 volume 1,Total 4 volume 1,Total 5 volume 1,Total 6 volume 1
0,5.263409243820472e+16,6.23826883446162e+16,3176956375550943.5,3226718800086626.5,8476219448730.577,14195948987916.246,167520599882656.3,3154727962455188.0
