t(s),Total solute volume 1,Total retention volume 1,Total 1 volume 1,Total 2 volume 1,Total 3 volume 1,Total 4 volume 1,Total 5 volume 1,Total 6 volume 1
0,7.171273444608589e+17,1.1299402972186318e+23,1.0775438795249249e+18,2.613815739480852e+18,5.405045979597961e+19,9.544276889638436e+20,3.779473533191411e+22,7.418640775422727e+22
