t(s),Total solute volume 1,Total retention volume 1,Total 1 volume 1,Total 2 volume 1,Total 3 volume 1,Total 4 volume 1,Total 5 volume 1,Total 6 volume 1
0,9.954516368711946e+17,2.934295756526018e+20,2.2394775286774456e+18,6.059472535941418e+18,5.3387786450490515e+17,3.890264243154303e+18,6.284626903146785e+19,2.168647628119848e+20
