t(s),Total solute volume 1,Total retention volume 1,Total 1 volume 1,Total 2 volume 1,Total 3 volume 1,Total 4 volume 1,Total 5 volume 1,Total 6 volume 1
0,4.388031255538536e+18,5.568345194286475e+20,6.12580002685351e+19,2.704458392884034e+20,2.0277689165605093e+19,4.5346254648923824e+19,3.879733729469095e+19,1.1632136750694821e+20
