t(s),Total solute volume 1,Total retention volume 1,Total 1 volume 1,Total 2 volume 1,Total 3 volume 1,Total 4 volume 1,Total 5 volume 1,Total 6 volume 1
0,9.954516368711946e+17,2.1657819556927968e+22,2.2394775286774456e+18,6.059472535941418e+18,3.697533980207116e+19,3.227864569199834e+20,5.287594547161777e+21,1.6001168811342636e+22
