t(s),Total solute volume 1,Total retention volume 1,Total 1 volume 1,Total 2 volume 1,Total 3 volume 1,Total 4 volume 1,Total 5 volume 1,Total 6 volume 1
0,4.6444135142887546e+17,2.2636962627142304e+19,4.088535341100352e+17,8.580895293571512e+17,6044512547913256.0,3.083682185712502e+16,1.558183589140023e+18,1.9310513288701157e+19
