t(s),Total solute volume 1,Total retention volume 1,Total 1 volume 1,Total 2 volume 1,Total 3 volume 1,Total 4 volume 1,Total 5 volume 1,Total 6 volume 1
0,4.388031255538536e+18,1.832524753565331e+23,6.12580002685351e+19,2.7044583928840326e+20,9.458347359016619e+21,5.2980140731622205e+22,5.063922553666864e+22,6.983866985841517e+22
