t(s),Total solute volume 1,Total retention volume 1,Total 1 volume 1,Total 2 volume 1,Total 3 volume 1,Total 4 volume 1,Total 5 volume 1,Total 6 volume 1
0,5.74157916659942e+18,3.95685604601738e+22,1.1155733650881687e+20,5.3600706402624864e+20,5.673494405270487e+21,8.556958046121378e+21,6.881817407302645e+21,1.780298462177798e+22
