t(s),Total solute volume 1,Total retention volume 1,Total 1 volume 1,Total 2 volume 1,Total 3 volume 1,Total 4 volume 1,Total 5 volume 1,Total 6 volume 1
0,8.434622358698939e+16,1.0683253611501274e+17,9096397638945638.0,1.0811486824468592e+16,2846741362697.2373,6070772035715.577,102946768789511.97,2466563782419329.5
