t(s),Total solute volume 1,Total retention volume 1,Total 1 volume 1,Total 2 volume 1,Total 3 volume 1,Total 4 volume 1,Total 5 volume 1,Total 6 volume 1
0,3.184149623986931e+17,2.255786645171338e+22,1.761415583916261e+17,3.2597540298476077e+17,3.404491204061046e+18,2.575644470928009e+19,1.2238950435702862e+21,2.1303989940305766e+22
