t(s),Total solute volume 1,Total retention volume 1,Total 1 volume 1,Total 2 volume 1,Total 3 volume 1,Total 4 volume 1,Total 5 volume 1,Total 6 volume 1
0,4.6444135142887546e+17,1.0702053184368378e+21,4.0885353411003526e+17,8.580895293571514e+17,3.072399436232669e+17,1.5878917472337825e+18,8.030912590867076e+19,9.862696764224142e+20
