t(s),Total solute volume 1,Total retention volume 1,Total 1 volume 1,Total 2 volume 1,Total 3 volume 1,Total 4 volume 1,Total 5 volume 1,Total 6 volume 1
0,6.5666411056726936e+16,1.462915567374458e+19,5203971956357368.0,5689972671683596.0,2.1882373637597736e+16,5.8598313497598296e+16,8.448816594932022e+17,1.3627232971431592e+19
