t(s),Total solute volume 1,Total retention volume 1,Total 1 volume 1,Total 2 volume 1,Total 3 volume 1,Total 4 volume 1,Total 5 volume 1,Total 6 volume 1
0,5.859579698822926e+16,3.4389690771849523e+18,4036115571689510.5,4248607036429529.5,6703003627086662.0,1.3605731700356742e+16,1.7617110833411043e+17,3.175608713927075e+18
