t(s),Total solute volume 1,Total retention volume 1,Total 1 volume 1,Total 2 volume 1,Total 3 volume 1,Total 4 volume 1,Total 5 volume 1,Total 6 volume 1
0,4.632802213684205e+19,3.938309755311158e+23,1.098131415173949e+22,3.5085054935044953e+22,1.0193441140697156e+23,8.663352657583484e+22,7.648145831124038e+22,8.266888212814837e+22
