t(s),Total solute volume 1,Total retention volume 1,Total 1 volume 1,Total 2 volume 1,Total 3 volume 1,Total 4 volume 1,Total 5 volume 1,Total 6 volume 1
0,1.0417779541760956e+19,1.2474892664796892e+22,4.2060845695740917e+20,2.3786086414986547e+21,3.4244699393258e+21,1.5726209301722274e+21,1.1910704138921265e+21,3.477096503408878e+21
