t(s),Total solute volume 1,Total retention volume 1,Total 1 volume 1,Total 2 volume 1,Total 3 volume 1,Total 4 volume 1,Total 5 volume 1,Total 6 volume 1
0,9.954516368711946e+17,1.5083740530557394e+23,2.2394775286774456e+18,6.059472535941418e+18,1.506718593696254e+20,3.4417807350958507e+21,6.533272047284617e+22,8.190293783656069e+22
