t(s),Total solute volume 1,Total retention volume 1,Total 1 volume 1,Total 2 volume 1,Total 3 volume 1,Total 4 volume 1,Total 5 volume 1,Total 6 volume 1
0,1.7065136209902323e+17,2.769122095038263e+21,4.381099764971746e+16,6.585874551544885e+16,6.956488121795078e+17,4.950443247395851e+18,1.5848826612411125e+20,2.6047074157493166e+21
