t(s),Total solute volume 1,Total retention volume 1,Total 1 volume 1,Total 2 volume 1,Total 3 volume 1,Total 4 volume 1,Total 5 volume 1,Total 6 volume 1
0,3.41080351854199e+18,1.1015850404216967e+21,3.4926673833597542e+19,1.42115214248461e+20,4.596323048676009e+19,1.7502225170457176e+20,1.7545961785858222e+20,5.246872487711674e+20
