t(s),Total solute volume 1,Total retention volume 1,Total 1 volume 1,Total 2 volume 1,Total 3 volume 1,Total 4 volume 1,Total 5 volume 1,Total 6 volume 1
0,4.071819960099205e+17,2.4969165869399036e+21,3.048573828454969e+17,6.123728968341585e+17,5.66494634608282e+17,2.803748288893878e+18,1.402164808457621e+20,2.3520054508949526e+21
