t(s),Total solute volume 1,Total retention volume 1,Total 1 volume 1,Total 2 volume 1,Total 3 volume 1,Total 4 volume 1,Total 5 volume 1,Total 6 volume 1
0,4.388031255538536e+18,7.264438619558883e+22,6.12580002685351e+19,2.7044583928840343e+20,5.222090476499026e+21,1.7458853176460112e+22,1.547116378410753e+22,3.4156186887708698e+22
