t(s),Total solute volume 1,Total retention volume 1,Total 1 volume 1,Total 2 volume 1,Total 3 volume 1,Total 4 volume 1,Total 5 volume 1,Total 6 volume 1
0,7.301727964015883e+19,8.062039813754178e+22,2.7111952799558177e+22,4.446286275392808e+22,4.2938648398341273e+21,1.1812926984939616e+21,8.87797688112479e+20,2.60961007797462e+21
