t(s),Total solute volume 1,Total retention volume 1,Total 1 volume 1,Total 2 volume 1,Total 3 volume 1,Total 4 volume 1,Total 5 volume 1,Total 6 volume 1
0,2.286764682938004e+17,1.166955646969859e+19,8.41666310503365e+16,1.3948910952252272e+17,2444046719836740.0,8697521744982519.0,3.138901205967851e+17,1.0892192571770366e+19
