t(s),Total solute volume 1,Total retention volume 1,Total 1 volume 1,Total 2 volume 1,Total 3 volume 1,Total 4 volume 1,Total 5 volume 1,Total 6 volume 1
0,1.1999214403838304e+20,1.2687165407957734e+23,6.152497233576406e+22,4.870349495676086e+22,7.847184256550983e+21,2.2089894185092233e+21,1.663122714887582e+21,4.803898253066241e+21
