t(s),Total solute volume 1,Total retention volume 1,Total 1 volume 1,Total 2 volume 1,Total 3 volume 1,Total 4 volume 1,Total 5 volume 1,Total 6 volume 1
0,7.654339330001997e+18,5.315334245029305e+22,2.117402954663517e+20,1.1075853577564208e+21,1.2042497145221218e+22,1.0629998782676092e+22,8.292281635015142e+21,2.0861584894827782e+22
