t(s),Total solute volume 1,Total retention volume 1,Total 1 volume 1,Total 2 volume 1,Total 3 volume 1,Total 4 volume 1,Total 5 volume 1,Total 6 volume 1
0,2.838052749429945e+17,3.647834849663889e+20,1.3626480534992328e+17,2.426887464870655e+17,6.708761499920163e+16,2.6971593536398426e+17,1.1297392240629236e+19,3.5248653034861625e+20
