t(s),Total solute volume 1,Total retention volume 1,Total 1 volume 1,Total 2 volume 1,Total 3 volume 1,Total 4 volume 1,Total 5 volume 1,Total 6 volume 1
0,5.331000576703257e+17,9.670057396010941e+22,5.560848088934841e+17,1.2219752934206108e+18,2.3729688902857327e+19,4.0048926082554456e+20,2.2763314268303637e+22,7.351072958191638e+22
