t(s),Total solute volume 1,Total retention volume 1,Total 1 volume 1,Total 2 volume 1,Total 3 volume 1,Total 4 volume 1,Total 5 volume 1,Total 6 volume 1
0,5.859579698822926e+16,2.299540594802352e+19,4036115571689510.5,4248607036429529.5,3.394430195380855e+16,1.717241683827648e+17,2.527880383757945e+18,2.0194976574332772e+19
