t(s),Total solute volume 1,Total retention volume 1,Total 1 volume 1,Total 2 volume 1,Total 3 volume 1,Total 4 volume 1,Total 5 volume 1,Total 6 volume 1
0,4.632802213684205e+19,4.663917488110472e+22,1.098131415173949e+22,3.5085054935044953e+22,2.5352689581234127e+20,6.82751937751091e+19,5.12145329450051e+19,1.5346114965209127e+20
