t(s),Total solute volume 1,Total retention volume 1,Total 1 volume 1,Total 2 volume 1,Total 3 volume 1,Total 4 volume 1,Total 5 volume 1,Total 6 volume 1
0,3.049370426842634e+19,3.811616910357458e+23,4.502339012740615e+21,2.2082334505202914e+22,1.0107818910168558e+23,8.977307231423316e+22,7.977726394007132e+22,8.39179984575444e+22
