t(s),Total solute volume 1,Total retention volume 1,Total 1 volume 1,Total 2 volume 1,Total 3 volume 1,Total 4 volume 1,Total 5 volume 1,Total 6 volume 1
0,4.071819960099205e+17,1.459225974655005e+22,3.048573828454969e+17,6.123728968341585e+17,3.0886135536164086e+18,1.83061510939279e+19,9.287729189993248e+20,1.36407676506274e+22
