t(s),Total solute volume 1,Total retention volume 1,Total 1 volume 1,Total 2 volume 1,Total 3 volume 1,Total 4 volume 1,Total 5 volume 1,Total 6 volume 1
0,6.9702016393038264e+16,8.886716338617483e+16,5944515532356725.0,6630186019767457.0,10184149958513.783,19696677241119.637,288469105395480.25,6272095508417371.0
