t(s),Total solute volume 1,Total retention volume 1,Total 1 volume 1,Total 2 volume 1,Total 3 volume 1,Total 4 volume 1,Total 5 volume 1,Total 6 volume 1
0,2.073332087427378e+19,1.2752543242915742e+23,1.9346913512456716e+21,1.1315073985465211e+22,4.548964129947222e+22,1.9659181629354705e+22,1.5275713966912714e+22,3.383039687583054e+22
