t(s),Total solute volume 1,Total retention volume 1,Total 1 volume 1,Total 2 volume 1,Total 3 volume 1,Total 4 volume 1,Total 5 volume 1,Total 6 volume 1
0,5.859579698822926e+16,1.4237653263480526e+17,4036115571689510.5,4248607036429529.5,158213897456294.5,280753556594244.28,3598768630334487.5,7.1458276954074776e+16
