t(s),Total solute volume 1,Total retention volume 1,Total 1 volume 1,Total 2 volume 1,Total 3 volume 1,Total 4 volume 1,Total 5 volume 1,Total 6 volume 1
0,2.073332087427378e+19,3.1815274701805334e+23,1.9346913512456716e+21,1.1315073985465211e+22,8.970908879928961e+22,7.413550955630647e+22,6.3862906630793826e+22,7.717474337407148e+22
