t(s),Total solute volume 1,Total retention volume 1,Total 1 volume 1,Total 2 volume 1,Total 3 volume 1,Total 4 volume 1,Total 5 volume 1,Total 6 volume 1
0,1.1999214403838304e+20,1.5595446273528025e+23,6.152497233576406e+22,4.870349495676086e+22,2.093716230091758e+22,6.490461179811862e+21,4.92333013777735e+21,1.3255049680209377e+22
