t(s),Total solute volume 1,Total retention volume 1,Total 1 volume 1,Total 2 volume 1,Total 3 volume 1,Total 4 volume 1,Total 5 volume 1,Total 6 volume 1
0,3.5908603530687936e+17,1.0625312227109203e+21,2.303133475787418e+17,4.4365248646884774e+17,2.0852615273924598e+17,9.517822295133202e+17,4.548575025035564e+19,1.0148521122089595e+21
