t(s),Total solute volume 1,Total retention volume 1,Total 1 volume 1,Total 2 volume 1,Total 3 volume 1,Total 4 volume 1,Total 5 volume 1,Total 6 volume 1
0,8.413405339804337e+17,1.2564398982652907e+23,1.5388438157429548e+18,3.9368564749678444e+18,8.721115343750003e+19,1.679208488863423e+21,4.78858811905867e+22,7.598537195281477e+22
