t(s),Total solute volume 1,Total retention volume 1,Total 1 volume 1,Total 2 volume 1,Total 3 volume 1,Total 4 volume 1,Total 5 volume 1,Total 6 volume 1
0,4.632802213684205e+19,3.3278469213931964e+23,1.098131415173949e+22,3.5085054935044953e+22,9.258737325269214e+22,6.567401357961617e+22,5.559675017313439e+22,7.281385802495658e+22
