t(s),Total solute volume 1,Total retention volume 1,Total 1 volume 1,Total 2 volume 1,Total 3 volume 1,Total 4 volume 1,Total 5 volume 1,Total 6 volume 1
0,6.9702016393038264e+16,2.7582912868112154e+17,5944515532356724.0,6630186019767457.0,298694660003931.25,579611596974077.5,8490708083111843.0,1.8418339639586803e+17
