t(s),Total solute volume 1,Total retention volume 1,Total 1 volume 1,Total 2 volume 1,Total 3 volume 1,Total 4 volume 1,Total 5 volume 1,Total 6 volume 1
0,6.197674773403082e+16,7.230756456025653e+16,4574148913662800.0,4905847431427061.0,1617263659893.4104,2944745858515.4917,39402271034263.086,806856200582061.9
