t(s),Total solute volume 1,Total retention volume 1,Total 1 volume 1,Total 2 volume 1,Total 3 volume 1,Total 4 volume 1,Total 5 volume 1,Total 6 volume 1
0,1.0417779541760956e+19,1.0170993740624351e+22,4.2060845695740917e+20,2.3786086414986547e+21,2.6184601606953364e+21,1.1913977351906483e+21,9.017372000873925e+20,2.649763766653135e+21
