t(s),Total solute volume 1,Total retention volume 1,Total 1 volume 1,Total 2 volume 1,Total 3 volume 1,Total 4 volume 1,Total 5 volume 1,Total 6 volume 1
0,8.413405339804337e+17,1.361271379094352e+23,1.5388438157429548e+18,3.9368564749678444e+18,9.051322934650259e+19,1.8731413276696534e+21,5.433665831956111e+22,7.982050799203096e+22
