t(s),Total solute volume 1,Total retention volume 1,Total 1 volume 1,Total 2 volume 1,Total 3 volume 1,Total 4 volume 1,Total 5 volume 1,Total 6 volume 1
0,6.160605045081409e+17,2.1225156501537775e+21,7.67830629749285e+17,1.7706017440084913e+18,1.133312562549234e+18,6.793142557569028e+18,2.937230663750954e+20,1.8177116357803162e+21
