t(s),Total solute volume 1,Total retention volume 1,Total 1 volume 1,Total 2 volume 1,Total 3 volume 1,Total 4 volume 1,Total 5 volume 1,Total 6 volume 1
0,1.5593745071291005e+17,5.865616668897339e+20,3.5828426689998184e+16,5.226428756416006e+16,2.0373351000252186e+17,7.611054752709128e+17,2.10686785178894e+19,5.642841192215948e+20
