t(s),Total solute volume 1,Total retention volume 1,Total 1 volume 1,Total 2 volume 1,Total 3 volume 1,Total 4 volume 1,Total 5 volume 1,Total 6 volume 1
0,5.331000576703257e+17,1.888047695301755e+20,5.560848088934841e+17,1.2219752934206108e+18,7.190742472359207e+16,3.9374210144347955e+17,1.912970342920008e+19,1.6689825641482348e+20
