t(s),Total solute volume 1,Total retention volume 1,Total 1 volume 1,Total 2 volume 1,Total 3 volume 1,Total 4 volume 1,Total 5 volume 1,Total 6 volume 1
0,3.184149623986931e+17,2.7926661807025343e+22,1.761415583916261e+17,3.2597540298476077e+17,4.0281190111815347e+18,3.567972855898842e+19,1.734645400883049e+21,2.615148802664822e+22
