t(s),Total solute volume 1,Total retention volume 1,Total 1 volume 1,Total 2 volume 1,Total 3 volume 1,Total 4 volume 1,Total 5 volume 1,Total 6 volume 1
0,2.5417881604872016e+17,5.013392358976562e+18,1.0655456735803997e+17,1.8292710984074672e+17,880083077619824.2,3304006055550197.5,1.2845768106711107e+17,4.3370900955287854e+18
