t(s),Total solute volume 1,Total retention volume 1,Total 1 volume 1,Total 2 volume 1,Total 3 volume 1,Total 4 volume 1,Total 5 volume 1,Total 6 volume 1
0,4.756651887055506e+16,5.452232735655918e+16,2534742031225772.5,2489019978208219.0,5849171593478.398,9300439298691.434,101529100110671.83,1815367765567855.5
