t(s),Total solute volume 1,Total retention volume 1,Total 1 volume 1,Total 2 volume 1,Total 3 volume 1,Total 4 volume 1,Total 5 volume 1,Total 6 volume 1
0,5.331000576703257e+17,1.0056072159910493e+21,5.560848088934841e+17,1.2219752934206108e+18,3.853080237750377e+17,2.128875601652599e+18,1.0349521641398184e+20,8.972866557916557e+20
