t(s),Total solute volume 1,Total retention volume 1,Total 1 volume 1,Total 2 volume 1,Total 3 volume 1,Total 4 volume 1,Total 5 volume 1,Total 6 volume 1
0,6.9702016393038264e+16,8.441052250765234e+16,5944515532356725.0,6630186019767457.0,3297452252439.0054,6376940286871.533,93393424247423.58,2030736745702497.2
