t(s),Total solute volume 1,Total retention volume 1,Total 1 volume 1,Total 2 volume 1,Total 3 volume 1,Total 4 volume 1,Total 5 volume 1,Total 6 volume 1
0,6.9702016393038264e+16,3.13538028045772e+19,5944515532356725.0,6630186019767457.0,3.916178568048132e+16,1.3762335007375757e+17,2.1371024731146662e+18,2.8957638477763023e+19
