t(s),Total solute volume 1,Total retention volume 1,Total 1 volume 1,Total 2 volume 1,Total 3 volume 1,Total 4 volume 1,Total 5 volume 1,Total 6 volume 1
0,1.0410857772626118e+17,3.221445572262149e+20,1.4548167332142294e+16,1.8548032395571572e+16,1.7900394121972186e+17,1.148426844182593e+18,2.5965170280151204e+19,2.947147513831974e+20
