t(s),Total solute volume 1,Total retention volume 1,Total 1 volume 1,Total 2 volume 1,Total 3 volume 1,Total 4 volume 1,Total 5 volume 1,Total 6 volume 1
0,4.632802213684205e+19,6.532202326582554e+22,1.098131415173949e+22,3.5085054935044953e+22,9.05765988509713e+21,2.5925938067362284e+21,1.953316125996545e+21,5.60575633907575e+21
