t(s),Total solute volume 1,Total retention volume 1,Total 1 volume 1,Total 2 volume 1,Total 3 volume 1,Total 4 volume 1,Total 5 volume 1,Total 6 volume 1
0,2.0660865705208714e+17,2.396032199341041e+21,6.711558540817307e+16,1.0753082620506754e+17,5.3381283293376845e+17,2.3989334962994785e+18,8.230882514158476e+19,2.3104093728015584e+21
