t(s),Total solute volume 1,Total retention volume 1,Total 1 volume 1,Total 2 volume 1,Total 3 volume 1,Total 4 volume 1,Total 5 volume 1,Total 6 volume 1
0,7.171273444608589e+17,1.602553602063121e+22,1.0775438795249249e+18,2.613815739480852e+18,1.1720099770002764e+19,8.592780966955994e+19,3.010736235387307e+21,1.2912743388840827e+22
