t(s),Total solute volume 1,Total retention volume 1,Total 1 volume 1,Total 2 volume 1,Total 3 volume 1,Total 4 volume 1,Total 5 volume 1,Total 6 volume 1
0,5.549106202873219e+16,6.148744332920836e+18,3574543289432606.5,3695067633789086.0,1.2417537576231974e+16,2.9643496706153228e+16,3.7441840427846125e+17,5.669504221408008e+18
