t(s),Total solute volume 1,Total retention volume 1,Total 1 volume 1,Total 2 volume 1,Total 3 volume 1,Total 4 volume 1,Total 5 volume 1,Total 6 volume 1
0,4.756651887055506e+16,1.2746275722131202e+17,2534742031225772.5,2489019978208219.0,225946941823886.97,362089895407074.5,3954951859489704.0,7.0329487644602264e+16
