t(s),Total solute volume 1,Total retention volume 1,Total 1 volume 1,Total 2 volume 1,Total 3 volume 1,Total 4 volume 1,Total 5 volume 1,Total 6 volume 1
0,5.263409243820472e+16,6.047357500087289e+16,3176956375550943.0,3226718800086626.5,3638606573962.032,6093153229064.555,71902177756452.08,1354173449470673.5
