t(s),Total solute volume 1,Total retention volume 1,Total 1 volume 1,Total 2 volume 1,Total 3 volume 1,Total 4 volume 1,Total 5 volume 1,Total 6 volume 1
0,1.7473117771507889e+18,6.131621388895133e+22,7.856350728538216e+18,2.56333736483743e+19,4.2032567615871576e+20,5.200493843654543e+21,1.7679870227632271e+22,3.798028710535172e+22
