t(s),Total solute volume 1,Total retention volume 1,Total 1 volume 1,Total 2 volume 1,Total 3 volume 1,Total 4 volume 1,Total 5 volume 1,Total 6 volume 1
0,6.197674773403082e+16,7.29520391821078e+16,4574148913662800.0,4905847431427061.0,2842276344973.1235,5175376279808.054,69249392300474.36,1418028058063059.2
