t(s),Total solute volume 1,Total retention volume 1,Total 1 volume 1,Total 2 volume 1,Total 3 volume 1,Total 4 volume 1,Total 5 volume 1,Total 6 volume 1
0,7.171273444608589e+17,4.6204340373924365e+22,1.0775438795249249e+18,2.613815739480852e+18,2.956366088469352e+19,2.876627300545242e+20,1.035620943738408e+22,3.552649605863745e+22
