t(s),Total solute volume 1,Total retention volume 1,Total 1 volume 1,Total 2 volume 1,Total 3 volume 1,Total 4 volume 1,Total 5 volume 1,Total 6 volume 1
0,7.171273444608589e+17,9.705264884662877e+21,1.0775438795249249e+18,2.613815739480852e+18,7.302541756165958e+18,5.0460227689117925e+19,1.759746146866091e+21,7.883347481387896e+21
