t(s),Total solute volume 1,Total retention volume 1,Total 1 volume 1,Total 2 volume 1,Total 3 volume 1,Total 4 volume 1,Total 5 volume 1,Total 6 volume 1
0,7.171273444608589e+17,2.753275798589891e+20,1.0775438795249249e+18,2.613815739480852e+18,2.129535107698988e+17,1.3471442627228083e+18,4.66775799527449e+19,2.2268141516928506e+20
