t(s),Total solute volume 1,Total retention volume 1,Total 1 volume 1,Total 2 volume 1,Total 3 volume 1,Total 4 volume 1,Total 5 volume 1,Total 6 volume 1
0,5.74157916659942e+18,2.7624620763567384e+21,1.1155733650881687e+20,5.3600706402624864e+20,3.420456317940288e+20,4.257352296613644e+20,3.372856126878838e+20,1.0040896225117836e+21
