t(s),Total solute volume 1,Total retention volume 1,Total 1 volume 1,Total 2 volume 1,Total 3 volume 1,Total 4 volume 1,Total 5 volume 1,Total 6 volume 1
0,3.5908603530687936e+17,3.938773450281823e+18,2.3031334757874176e+17,4.4365248646884774e+17,575208824464881.6,2575561099177535.0,1.229203648499626e+17,2.7796504461537516e+18
