t(s),Total solute volume 1,Total retention volume 1,Total 1 volume 1,Total 2 volume 1,Total 3 volume 1,Total 4 volume 1,Total 5 volume 1,Total 6 volume 1
0,2.073332087427378e+19,1.5973694213988402e+22,1.9346913512456716e+21,1.1315073985465211e+22,1.2473638415751816e+21,3.6490473632768387e+20,2.7403081670865142e+20,8.168961617915711e+20
