t(s),Total solute volume 1,Total retention volume 1,Total 1 volume 1,Total 2 volume 1,Total 3 volume 1,Total 4 volume 1,Total 5 volume 1,Total 6 volume 1
0,1.5593745071291005e+17,2.336415777678552e+21,3.5828426689998184e+16,5.226428756416006e+16,6.321967138466829e+17,5.696663173458744e+18,1.8086261600044728e+20,2.148980271625813e+21
