t(s),Total solute volume 1,Total retention volume 1,Total 1 volume 1,Total 2 volume 1,Total 3 volume 1,Total 4 volume 1,Total 5 volume 1,Total 6 volume 1
0,6.160605045081409e+17,9.493145373792283e+22,7.67830629749285e+17,1.7706017440084913e+18,3.3406850411679666e+19,5.1793151038794734e+20,2.5246179739748775e+22,6.913078114449632e+22
