t(s),Total solute volume 1,Total retention volume 1,Total 1 volume 1,Total 2 volume 1,Total 3 volume 1,Total 4 volume 1,Total 5 volume 1,Total 6 volume 1
0,3.5908603530687936e+17,1.3546187008774637e+22,2.3031334757874176e+17,4.4365248646884774e+17,2.4380381778087444e+18,1.4044215715876395e+19,6.83906443331426e+20,1.2844765259680205e+22
