t(s),Total solute volume 1,Total retention volume 1,Total 1 volume 1,Total 2 volume 1,Total 3 volume 1,Total 4 volume 1,Total 5 volume 1,Total 6 volume 1
0,2.5417881604872016e+17,1.5880306260183125e+22,1.0655456735803997e+17,1.8292710984074672e+17,2.355150438225924e+18,2.1879884851602153e+19,9.479851298981004e+20,1.4907542434501964e+22
