t(s),Total solute volume 1,Total retention volume 1,Total 1 volume 1,Total 2 volume 1,Total 3 volume 1,Total 4 volume 1,Total 5 volume 1,Total 6 volume 1
0,1.1886142573461043e+18,7.044631819306031e+21,3.3262845753212687e+18,9.547595689902217e+18,2.0936764371814986e+19,1.7098239450431675e+20,1.6728351347699113e+21,5.165815031137495e+21
