t(s),Total solute volume 1,Total retention volume 1,Total 1 volume 1,Total 2 volume 1,Total 3 volume 1,Total 4 volume 1,Total 5 volume 1,Total 6 volume 1
0,1.5593745071291005e+17,3.488121429260149e+19,3.5828426689998184e+16,5.226428756416006e+16,1.3103389443797462e+16,3.88362121601104e+16,1.0552686186106451e+18,3.3529975907419517e+19
