t(s),Total solute volume 1,Total retention volume 1,Total 1 volume 1,Total 2 volume 1,Total 3 volume 1,Total 4 volume 1,Total 5 volume 1,Total 6 volume 1
0,1.874180731908145e+17,5.333232568859999e+21,5.399819431922016e+16,8.374842692958085e+16,1.0831676528711141e+18,1.0641236999633637e+19,3.873187239804454e+20,4.933864275532595e+21
