t(s),Total solute volume 1,Total retention volume 1,Total 1 volume 1,Total 2 volume 1,Total 3 volume 1,Total 4 volume 1,Total 5 volume 1,Total 6 volume 1
0,9.682243045823266e+16,1.4361018342871969e+20,1.2374155389646972e+16,1.5399323190154844e+16,1.0151558869264088e+17,4.166352251082496e+17,8.313937792657492e+18,1.3465349891322877e+20
