t(s),Total solute volume 1,Total retention volume 1,Total 1 volume 1,Total 2 volume 1,Total 3 volume 1,Total 4 volume 1,Total 5 volume 1,Total 6 volume 1
0,2.5417881604872016e+17,1.7362777039380575e+20,1.0655456735803997e+17,1.8292710984074672e+17,3.3968046233894828e+16,1.2859979401591912e+17,5.002820442449761e+18,1.679187216178622e+20
