t(s),Total solute volume 1,Total retention volume 1,Total 1 volume 1,Total 2 volume 1,Total 3 volume 1,Total 4 volume 1,Total 5 volume 1,Total 6 volume 1
0,1.0410857772626118e+17,2.0651519572939168e+20,1.4548167332142294e+16,1.8548032395571572e+16,1.2807076889495467e+17,5.537122015633427e+17,1.1705325985923983e+19,1.9399088199555596e+20
