t(s),Total solute volume 1,Total retention volume 1,Total 1 volume 1,Total 2 volume 1,Total 3 volume 1,Total 4 volume 1,Total 5 volume 1,Total 6 volume 1
0,4.6444135142887546e+17,1.362773232707457e+19,4.088535341100352e+17,8.580895293571512e+17,3439800900992673.5,1.7546609937354798e+16,8.8662274035239e+17,1.098873876098778e+19
