t(s),Total solute volume 1,Total retention volume 1,Total 1 volume 1,Total 2 volume 1,Total 3 volume 1,Total 4 volume 1,Total 5 volume 1,Total 6 volume 1
0,7.171273444608589e+17,2.088870703504915e+20,1.0775438795249249e+18,2.613815739480852e+18,1.6077795469153846e+17,1.0164494380106748e+18,3.5217714574344184e+19,1.6808364141997805e+20
