t(s),Total solute volume 1,Total retention volume 1,Total 1 volume 1,Total 2 volume 1,Total 3 volume 1,Total 4 volume 1,Total 5 volume 1,Total 6 volume 1
0,4.999990884535286e+16,4.3279568109003e+18,2833151015773908.0,2828700406760326.5,1.0280557779538438e+16,2.445649386454367e+16,2.865687387712368e+17,3.9509892602170957e+18
