t(s),Total solute volume 1,Total retention volume 1,Total 1 volume 1,Total 2 volume 1,Total 3 volume 1,Total 4 volume 1,Total 5 volume 1,Total 6 volume 1
0,1.433399386980134e+18,1.0740073231047297e+22,5.050972524890161e+18,1.5430230570377775e+19,5.281562136772759e+19,4.589362449267784e+20,2.606157744072091e+21,7.600249018198293e+21
