t(s),Total solute volume 1,Total retention volume 1,Total 1 volume 1,Total 2 volume 1,Total 3 volume 1,Total 4 volume 1,Total 5 volume 1,Total 6 volume 1
0,6.5666411056726936e+16,1.220061686936996e+17,5203971956357368.0,5689972671683596.0,77982696046442.89,146418776060643.66,2048400272719908.8,4.317301126410748e+16
