t(s),Total solute volume 1,Total retention volume 1,Total 1 volume 1,Total 2 volume 1,Total 3 volume 1,Total 4 volume 1,Total 5 volume 1,Total 6 volume 1
0,5.859579698822926e+16,6.8342640189558584e+16,4036115571689510.5,4248607036429529.5,3067812847198.4595,5427710377526.566,69559300143228.45,1384065769842564.8
