t(s),Total solute volume 1,Total retention volume 1,Total 1 volume 1,Total 2 volume 1,Total 3 volume 1,Total 4 volume 1,Total 5 volume 1,Total 6 volume 1
0,7.898873006952949e+16,8.941212667759293e+19,7857626411464600.0,9137075296732168.0,7.98752100211232e+16,4.503932835988889e+17,8.259031805276225e+18,8.052684294691743e+19
