t(s),Total solute volume 1,Total retention volume 1,Total 1 volume 1,Total 2 volume 1,Total 3 volume 1,Total 4 volume 1,Total 5 volume 1,Total 6 volume 1
0,2.1550923634800276e+18,4.005631351099062e+22,1.2543579337050872e+19,4.387601538914759e+19,5.2515383254728704e+20,4.951037612959697e+21,1.0019436660987112e+22,2.450211071740752e+22
