t(s),Total solute volume 1,Total retention volume 1,Total 1 volume 1,Total 2 volume 1,Total 3 volume 1,Total 4 volume 1,Total 5 volume 1,Total 6 volume 1
0,2.0660865705208714e+17,9.645864173661981e+20,6.711558540817307e+16,1.0753082620506754e+17,2.2837159760464054e+17,8.62739421506443e+17,2.9160382196234998e+19,9.339536690821868e+20
