t(s),Total solute volume 1,Total retention volume 1,Total 1 volume 1,Total 2 volume 1,Total 3 volume 1,Total 4 volume 1,Total 5 volume 1,Total 6 volume 1
0,9.026506572834251e+16,1.2239235615357739e+17,1.0582167792312242e+16,1.2864965809597988e+16,8503853024613.232,18777041510791.23,335450274504808.56,8317425654283006.0
