t(s),Total solute volume 1,Total retention volume 1,Total 1 volume 1,Total 2 volume 1,Total 3 volume 1,Total 4 volume 1,Total 5 volume 1,Total 6 volume 1
0,6.160605045081409e+17,9.932123991340389e+22,7.67830629749285e+17,1.7706017440084913e+18,3.4262442676621734e+19,5.5451929109984916e+20,2.7278273746225852e+22,7.145102994052523e+22
