t(s),Total solute volume 1,Total retention volume 1,Total 1 volume 1,Total 2 volume 1,Total 3 volume 1,Total 4 volume 1,Total 5 volume 1,Total 6 volume 1
0,7.898873006952949e+16,1.49172436744077e+17,7857626411464600.0,9137075296732168.0,65913658520310.25,135980184075903.06,2192576982361120.5,5.079453414139543e+16
