t(s),Total solute volume 1,Total retention volume 1,Total 1 volume 1,Total 2 volume 1,Total 3 volume 1,Total 4 volume 1,Total 5 volume 1,Total 6 volume 1
0,1.4297083041559683e+17,4.610409466521175e+20,2.9520321540870584e+16,4.183413466422628e+16,1.823812415924372e+17,6.813353790329718e+17,1.7728407975519263e+19,4.422344967693429e+20
