t(s),Total solute volume 1,Total retention volume 1,Total 1 volume 1,Total 2 volume 1,Total 3 volume 1,Total 4 volume 1,Total 5 volume 1,Total 6 volume 1
0,6.197674773403082e+16,5.825530576121065e+18,4574148913662800.0,4905847431427061.0,1.0195175861448554e+16,2.2245633215699188e+16,3.018248549017139e+17,5.419808168063138e+18
