t(s),Total solute volume 1,Total retention volume 1,Total 1 volume 1,Total 2 volume 1,Total 3 volume 1,Total 4 volume 1,Total 5 volume 1,Total 6 volume 1
0,9.954516368711946e+17,1.3139699387560211e+20,2.2394775286774456e+18,6.059472535941418e+18,2.2959447125750106e+17,1.670704412809662e+18,2.6987226590022005e+19,9.3215066700023e+19
