t(s),Total solute volume 1,Total retention volume 1,Total 1 volume 1,Total 2 volume 1,Total 3 volume 1,Total 4 volume 1,Total 5 volume 1,Total 6 volume 1
0,2.5417881604872016e+17,9.038456974004117e+20,1.0655456735803997e+17,1.8292710984074672e+17,1.7478421251912298e+17,6.863876111372595e+17,2.6772127531670274e+19,8.756687375518353e+20
