t(s),Total solute volume 1,Total retention volume 1,Total 1 volume 1,Total 2 volume 1,Total 3 volume 1,Total 4 volume 1,Total 5 volume 1,Total 6 volume 1
0,4.388031255538536e+18,3.0927890545283936e+21,6.12580002685351e+19,2.7044583928840336e+20,2.5103493346624042e+20,5.697490311016986e+20,4.8797268652922366e+20,1.447940532618725e+21
