t(s),Total solute volume 1,Total retention volume 1,Total 1 volume 1,Total 2 volume 1,Total 3 volume 1,Total 4 volume 1,Total 5 volume 1,Total 6 volume 1
0,3.41080351854199e+18,2.220837403725596e+20,3.4926673833597542e+19,1.42115214248461e+20,2.0843266976807334e+18,7.892860937724521e+18,7.90951425946237e+18,2.37443468770918e+19
