t(s),Total solute volume 1,Total retention volume 1,Total 1 volume 1,Total 2 volume 1,Total 3 volume 1,Total 4 volume 1,Total 5 volume 1,Total 6 volume 1
0,1.4509118010472559e+19,6.490445401377318e+21,8.782046250079989e+20,5.232424008980733e+21,1.56415590709804e+20,5.2158354139407884e+19,3.921011449839687e+19,1.1752359003038237e+20
