t(s),Total solute volume 1,Total retention volume 1,Total 1 volume 1,Total 2 volume 1,Total 3 volume 1,Total 4 volume 1,Total 5 volume 1,Total 6 volume 1
0,9.954516368711946e+17,3.393760920855103e+22,2.2394775286774456e+18,6.059472535941418e+18,5.492328776381097e+19,5.312843369027395e+20,8.783475885730179e+21,2.4558631296452706e+22
