t(s),Total solute volume 1,Total retention volume 1,Total 1 volume 1,Total 2 volume 1,Total 3 volume 1,Total 4 volume 1,Total 5 volume 1,Total 6 volume 1
0,5.74157916659942e+18,5.503371348129683e+21,1.1155733650881687e+20,5.3600706402624864e+20,7.803194078744176e+20,9.853985519410267e+20,7.814769306709123e+20,2.302870477941648e+21
