t(s),Total solute volume 1,Total retention volume 1,Total 1 volume 1,Total 2 volume 1,Total 3 volume 1,Total 4 volume 1,Total 5 volume 1,Total 6 volume 1
0,1.5593745071291005e+17,6.301913540280023e+17,3.5828426689998184e+16,5.226428756416006e+16,146886830489150.53,429317933278867.5,1.1654145271905642e+16,3.7393083902526554e+17
