t(s),Total solute volume 1,Total retention volume 1,Total 1 volume 1,Total 2 volume 1,Total 3 volume 1,Total 4 volume 1,Total 5 volume 1,Total 6 volume 1
0,5.331000576703257e+17,2.3061556824577634e+21,5.560848088934841e+17,1.2219752934206108e+18,8.791919772959866e+17,4.927771026963469e+18,2.398072055807386e+20,2.058230353712847e+21
