t(s),Total solute volume 1,Total retention volume 1,Total 1 volume 1,Total 2 volume 1,Total 3 volume 1,Total 4 volume 1,Total 5 volume 1,Total 6 volume 1
0,9.682243045823266e+16,2.456973337338596e+17,1.2374155389646972e+16,1.5399323190154844e+16,104847900761263.95,240086267763916.7,4526610684692391.0,1.1622987984260685e+17
