t(s),Total solute volume 1,Total retention volume 1,Total 1 volume 1,Total 2 volume 1,Total 3 volume 1,Total 4 volume 1,Total 5 volume 1,Total 6 volume 1
0,7.654339330001997e+18,8.087887722769892e+21,2.1174029546635166e+20,1.1075853577564208e+21,1.7423648790593596e+21,1.248906814819942e+21,9.580217702267651e+20,2.8116142661109416e+21
