t(s),Total solute volume 1,Total retention volume 1,Total 1 volume 1,Total 2 volume 1,Total 3 volume 1,Total 4 volume 1,Total 5 volume 1,Total 6 volume 1
0,4.999990884535286e+16,6.155966528297369e+16,2833151015773908.0,2828700406760326.5,16355416081677.285,26687605968997.656,302741217689935.56,5552120775345499.0
