t(s),Total solute volume 1,Total retention volume 1,Total 1 volume 1,Total 2 volume 1,Total 3 volume 1,Total 4 volume 1,Total 5 volume 1,Total 6 volume 1
0,9.954516368711946e+17,2.6702191845426526e+21,2.2394775286774456e+18,6.059472535941418e+18,4.946196791217912e+18,3.677803625797095e+19,5.949880166374826e+20,2.0242125331545132e+21
