t(s),Total solute volume 1,Total retention volume 1,Total 1 volume 1,Total 2 volume 1,Total 3 volume 1,Total 4 volume 1,Total 5 volume 1,Total 6 volume 1
0,1.122294944848212e+17,1.8938882636663232e+17,1.720192593325329e+16,2.2487444393871428e+16,25042323134566.492,61829919185347.86,1305581684806260.2,3.607750762755715e+16
