t(s),Total solute volume 1,Total retention volume 1,Total 1 volume 1,Total 2 volume 1,Total 3 volume 1,Total 4 volume 1,Total 5 volume 1,Total 6 volume 1
0,7.412634750021373e+16,2.0495625339269683e+17,6819284532587502.0,7763492501330356.0,161069988217820.47,321964818537121.94,4944327060722512.0,1.1081976699108547e+17
