t(s),Total solute volume 1,Total retention volume 1,Total 1 volume 1,Total 2 volume 1,Total 3 volume 1,Total 4 volume 1,Total 5 volume 1,Total 6 volume 1
0,3.41080351854199e+18,7.205781642624766e+22,3.4926673833597542e+19,1.42115214248461e+20,2.7676446866775e+21,1.6108109771160292e+22,1.6768918909765726e+22,3.623269036704347e+22
