t(s),Total solute volume 1,Total retention volume 1,Total 1 volume 1,Total 2 volume 1,Total 3 volume 1,Total 4 volume 1,Total 5 volume 1,Total 6 volume 1
0,3.049370426842634e+19,1.2343248381822551e+23,4.502339012740615e+21,2.2082334505202914e+22,4.09701711088281e+22,1.5603660046101912e+22,1.2030718139477474e+22,2.8212767301607237e+22
