t(s),Total solute volume 1,Total retention volume 1,Total 1 volume 1,Total 2 volume 1,Total 3 volume 1,Total 4 volume 1,Total 5 volume 1,Total 6 volume 1
0,2.838052749429945e+17,1.9235227880265506e+22,1.3626480534992328e+17,2.426887464870655e+17,2.8107830287291453e+18,2.296093523992103e+19,1.0372226710206361e+21,1.8171570732149554e+22
