t(s),Total solute volume 1,Total retention volume 1,Total 1 volume 1,Total 2 volume 1,Total 3 volume 1,Total 4 volume 1,Total 5 volume 1,Total 6 volume 1
0,3.41080351854199e+18,3.0898507665493354e+20,3.4926673833597542e+19,1.42115214248461e+20,6.433046326038587e+18,2.437384200738373e+19,2.4426203560293732e+19,7.329929316061272e+19
