t(s),Total solute volume 1,Total retention volume 1,Total 1 volume 1,Total 2 volume 1,Total 3 volume 1,Total 4 volume 1,Total 5 volume 1,Total 6 volume 1
0,4.999990884535286e+16,1.183475227359513e+18,2833151015773908.0,2828700406760326.5,3009563331747472.0,5405932844133148.0,6.175787724916684e+16,1.0576400936665804e+18
