t(s),Total solute volume 1,Total retention volume 1,Total 1 volume 1,Total 2 volume 1,Total 3 volume 1,Total 4 volume 1,Total 5 volume 1,Total 6 volume 1
0,1.1886142573461043e+18,1.559643958715924e+23,3.3262845753212687e+18,9.547595689902217e+18,2.5191472053210556e+20,5.999667658201477e+21,6.840491332605933e+22,8.129383767227938e+22
