t(s),Total solute volume 1,Total retention volume 1,Total 1 volume 1,Total 2 volume 1,Total 3 volume 1,Total 4 volume 1,Total 5 volume 1,Total 6 volume 1
0,1.433399386980134e+18,6.312903209673112e+19,5.050972524890161e+18,1.5430230570377777e+19,2.129180109922678e+17,1.6993754522856248e+18,9.590631257670679e+18,2.9711504893534167e+19
