t(s),Total solute volume 1,Total retention volume 1,Total 1 volume 1,Total 2 volume 1,Total 3 volume 1,Total 4 volume 1,Total 5 volume 1,Total 6 volume 1
0,4.632802213684205e+19,5.262982029146891e+22,1.098131415173949e+22,3.5085054935044953e+22,3.117496323748705e+21,8.56017634307258e+20,6.429947579284057e+20,1.9006144665637594e+21
