t(s),Total solute volume 1,Total retention volume 1,Total 1 volume 1,Total 2 volume 1,Total 3 volume 1,Total 4 volume 1,Total 5 volume 1,Total 6 volume 1
0,6.197674773403082e+16,2.365550006643628e+19,4574148913662800.0,4905847431427061.0,3.405038379652695e+16,1.3866045849786654e+17,2.0300409345795523e+18,2.1381291545483006e+19
