t(s),Total solute volume 1,Total retention volume 1,Total 1 volume 1,Total 2 volume 1,Total 3 volume 1,Total 4 volume 1,Total 5 volume 1,Total 6 volume 1
0,8.413405339804337e+17,1.4674619074911924e+22,1.5388438157429553e+18,3.9368564749678444e+18,1.6378806755573737e+19,1.2651190897594314e+20,3.176884555805354e+21,1.1348526762550417e+22
