t(s),Total solute volume 1,Total retention volume 1,Total 1 volume 1,Total 2 volume 1,Total 3 volume 1,Total 4 volume 1,Total 5 volume 1,Total 6 volume 1
0,2.1550923634800276e+18,1.9975209461717464e+20,1.2543579337050872e+19,4.387601538914759e+19,2.186739747294617e+18,1.5544406454161228e+19,3.0742219328894288e+19,9.270404199714693e+19
