t(s),Total solute volume 1,Total retention volume 1,Total 1 volume 1,Total 2 volume 1,Total 3 volume 1,Total 4 volume 1,Total 5 volume 1,Total 6 volume 1
0,7.171273444608589e+17,3.337782811573589e+21,1.0775438795249249e+18,2.613815739480852e+18,2.5834202251722235e+18,1.6817932984858956e+19,5.839141153658039e+20,2.7300588560343095e+21
