t(s),Total solute volume 1,Total retention volume 1,Total 1 volume 1,Total 2 volume 1,Total 3 volume 1,Total 4 volume 1,Total 5 volume 1,Total 6 volume 1
0,5.331000576703257e+17,1.3276297058447359e+21,5.560848088934841e+17,1.2219752934206106e+18,5.08180333083779e+17,2.817736424644146e+18,1.3701844404304485e+20,1.1849741848839625e+21
