t(s),Total solute volume 1,Total retention volume 1,Total 1 volume 1,Total 2 volume 1,Total 3 volume 1,Total 4 volume 1,Total 5 volume 1,Total 6 volume 1
0,9.682243045823266e+16,9.031493840862591e+19,1.2374155389646972e+16,1.5399323190154844e+16,6.860649909906796e+16,2.2398162823926115e+17,4.351977392326694e+18,8.554577697992214e+19
