t(s),Total solute volume 1,Total retention volume 1,Total 1 volume 1,Total 2 volume 1,Total 3 volume 1,Total 4 volume 1,Total 5 volume 1,Total 6 volume 1
0,7.412634750021373e+16,1.2638465176113522e+17,6819284532587502.0,7763492501330356.0,52224474598608.58,104283274107467.25,1601333744495615.0,3.591768573379836e+16
