t(s),Total solute volume 1,Total retention volume 1,Total 1 volume 1,Total 2 volume 1,Total 3 volume 1,Total 4 volume 1,Total 5 volume 1,Total 6 volume 1
0,8.413405339804337e+17,3.6496014995999177e+22,1.5388438157429553e+18,3.9368564749678444e+18,3.700309870903274e+19,3.461776842158473e+20,8.842382674572491e+21,2.726413449767701e+22
