t(s),Total solute volume 1,Total retention volume 1,Total 1 volume 1,Total 2 volume 1,Total 3 volume 1,Total 4 volume 1,Total 5 volume 1,Total 6 volume 1
0,1.4297083041559683e+17,1.5441890716585852e+21,2.9520321540870584e+16,4.183413466422628e+16,4.847641652977619e+17,4.0969088743865876e+18,1.2116947135595379e+20,1.418223601976333e+21
