t(s),Total solute volume 1,Total retention volume 1,Total 1 volume 1,Total 2 volume 1,Total 3 volume 1,Total 4 volume 1,Total 5 volume 1,Total 6 volume 1
0,8.413405339804337e+17,3.1733463615923847e+19,1.5388438157429558e+18,3.936856474967845e+18,3.032378446797882e+16,2.0578228420741894e+17,5.117753348794227e+18,2.006256337376299e+19
