t(s),Total solute volume 1,Total retention volume 1,Total 1 volume 1,Total 2 volume 1,Total 3 volume 1,Total 4 volume 1,Total 5 volume 1,Total 6 volume 1
0,5.74157916659942e+18,1.7646257428828573e+23,1.1155733650881687e+20,5.3600706402624864e+20,1.7518895626981061e+22,4.989791721416382e+22,4.3476081517257145e+22,6.4916373950184255e+22
