t(s),Total solute volume 1,Total retention volume 1,Total 1 volume 1,Total 2 volume 1,Total 3 volume 1,Total 4 volume 1,Total 5 volume 1,Total 6 volume 1
0,3.049370426842634e+19,3.721835743645101e+23,4.502339012740615e+21,2.2082334505202914e+22,9.993515074353015e+22,8.65651820229294e+22,7.64222574125052e+22,8.264581696333385e+22
