t(s),Total solute volume 1,Total retention volume 1,Total 1 volume 1,Total 2 volume 1,Total 3 volume 1,Total 4 volume 1,Total 5 volume 1,Total 6 volume 1
0,4.756651887055506e+16,5.270552410513951e+16,2534742031225772.5,2489019978208219.0,348920849012.53735,554691325255.2643,6055256671380.562,108284356304680.73
