t(s),Total solute volume 1,Total retention volume 1,Total 1 volume 1,Total 2 volume 1,Total 3 volume 1,Total 4 volume 1,Total 5 volume 1,Total 6 volume 1
0,1.4297083041559683e+17,1.1171608730191072e+20,2.9520321540870584e+16,4.183413466422628e+16,4.778287427958629e+16,1.4299187949287533e+17,3.6514695235475256e+18,1.076595177379702e+20
