t(s),Total solute volume 1,Total retention volume 1,Total 1 volume 1,Total 2 volume 1,Total 3 volume 1,Total 4 volume 1,Total 5 volume 1,Total 6 volume 1
0,1.5593745071291005e+17,2.108732417423378e+21,3.5828426689998184e+16,5.226428756416006e+16,5.895730251009613e+17,4.658237576410719e+18,1.434590290444148e+20,1.9597815476124928e+21
