t(s),Total solute volume 1,Total retention volume 1,Total 1 volume 1,Total 2 volume 1,Total 3 volume 1,Total 4 volume 1,Total 5 volume 1,Total 6 volume 1
0,3.184149623986931e+17,1.174051047886146e+22,1.761415583916261e+17,3.2597540298476077e+17,1.9450836009679514e+18,1.0970117602285904e+19,5.042904905558823e+20,1.1222484255178546e+22
