t(s),Total solute volume 1,Total retention volume 1,Total 1 volume 1,Total 2 volume 1,Total 3 volume 1,Total 4 volume 1,Total 5 volume 1,Total 6 volume 1
0,1.122294944848212e+17,1.9316697776870893e+20,1.720192593325329e+16,2.2487444393871428e+16,1.1244637573087571e+17,4.064538392031604e+17,8.868967827305932e+18,1.836271908616591e+20
