t(s),Total solute volume 1,Total retention volume 1,Total 1 volume 1,Total 2 volume 1,Total 3 volume 1,Total 4 volume 1,Total 5 volume 1,Total 6 volume 1
0,1.1999214403838304e+20,4.366818812187913e+23,6.152497233576406e+22,4.870349495676086e+22,9.960997185885009e+22,7.885431263885835e+22,6.852140736486421e+22,7.934772991965655e+22
