t(s),Total solute volume 1,Total retention volume 1,Total 1 volume 1,Total 2 volume 1,Total 3 volume 1,Total 4 volume 1,Total 5 volume 1,Total 6 volume 1
0,5.549106202873219e+16,1.0006487053910913e+19,3574543289432606.5,3695067633789086.0,1.88246491599044e+16,5.6171871653430424e+16,7.275388193679114e+17,9.14119104077774e+18
