t(s),Total solute volume 1,Total retention volume 1,Total 1 volume 1,Total 2 volume 1,Total 3 volume 1,Total 4 volume 1,Total 5 volume 1,Total 6 volume 1
0,6.160605045081409e+17,2.1085728919659684e+19,7.67830629749285e+17,1.7706017440084913e+18,9683794919965956.0,5.683158347723487e+16,2.453641088558433e+18,1.5411079574438148e+19
