t(s),Total solute volume 1,Total retention volume 1,Total 1 volume 1,Total 2 volume 1,Total 3 volume 1,Total 4 volume 1,Total 5 volume 1,Total 6 volume 1
0,6.160605045081409e+17,1.0595243788455666e+23,7.67830629749285e+17,1.7706017440084913e+18,3.5464379208415195e+19,6.117015301262058e+20,3.0530157613815037e+22,7.477195986852716e+22
