t(s),Total solute volume 1,Total retention volume 1,Total 1 volume 1,Total 2 volume 1,Total 3 volume 1,Total 4 volume 1,Total 5 volume 1,Total 6 volume 1
0,7.171273444608589e+17,7.068909292568533e+19,1.0775438795249249e+18,2.613815739480852e+18,5.214862227081507e+16,3.2926113796646944e+17,1.1407138759702979e+19,5.449205744227843e+19
