t(s),Total solute volume 1,Total retention volume 1,Total 1 volume 1,Total 2 volume 1,Total 3 volume 1,Total 4 volume 1,Total 5 volume 1,Total 6 volume 1
0,8.413405339804337e+17,5.097959915106619e+19,1.5388438157429558e+18,3.936856474967845e+18,5.328123655084524e+16,3.616370689959825e+17,8.993929193962823e+18,3.5253710826865385e+19
