t(s),Total solute volume 1,Total retention volume 1,Total 1 volume 1,Total 2 volume 1,Total 3 volume 1,Total 4 volume 1,Total 5 volume 1,Total 6 volume 1
0,2.69227699570376e+18,7.172491762653352e+22,2.0606897695457464e+19,7.758321800726443e+19,1.4938869936167455e+21,1.3280851447686061e+22,1.8282414254356783e+22,3.8566882538173105e+22
