t(s),Total solute volume 1,Total retention volume 1,Total 1 volume 1,Total 2 volume 1,Total 3 volume 1,Total 4 volume 1,Total 5 volume 1,Total 6 volume 1
0,6.160605045081409e+17,5.464474577050606e+22,7.67830629749285e+17,1.7706017440084913e+18,2.30371337289445e+19,2.3656872424939697e+20,1.0775993053188637e+22,4.36059923664609e+22
