t(s),Total solute volume 1,Total retention volume 1,Total 1 volume 1,Total 2 volume 1,Total 3 volume 1,Total 4 volume 1,Total 5 volume 1,Total 6 volume 1
0,6.5666411056726936e+16,8.254857934682295e+17,5203971956357368.0,5689972671683596.0,1276574653466259.2,2436905234801585.0,3.4132050581338156e+16,7.110799073138533e+17
