t(s),Total solute volume 1,Total retention volume 1,Total 1 volume 1,Total 2 volume 1,Total 3 volume 1,Total 4 volume 1,Total 5 volume 1,Total 6 volume 1
0,3.049370426842634e+19,3.1053948288271304e+23,4.502339012740615e+21,2.2082334505202914e+22,9.062684289800858e+22,6.535432240123003e+22,5.5299663305091605e+22,7.26434870561664e+22
