t(s),Total solute volume 1,Total retention volume 1,Total 1 volume 1,Total 2 volume 1,Total 3 volume 1,Total 4 volume 1,Total 5 volume 1,Total 6 volume 1
0,4.6444135142887546e+17,5.475848892965881e+21,4.088535341100352e+17,8.58089529357151e+17,1.538442967041745e+18,8.399439317680955e+18,4.2650732277421054e+20,5.037672303492131e+21
