t(s),Total solute volume 1,Total retention volume 1,Total 1 volume 1,Total 2 volume 1,Total 3 volume 1,Total 4 volume 1,Total 5 volume 1,Total 6 volume 1
0,4.756651887055506e+16,1.5158162008723267e+17,2534742031225772.5,2489019978208219.0,298415708454820.56,479465343869109.3,5237947463228212.0,9.297551069168976e+16
