t(s),Total solute volume 1,Total retention volume 1,Total 1 volume 1,Total 2 volume 1,Total 3 volume 1,Total 4 volume 1,Total 5 volume 1,Total 6 volume 1
0,6.9702016393038264e+16,2.2840408871375914e+17,5944515532356724.0,6630186019767457.0,225583745588810.97,437372718069631.2,6406679508443942.0,1.3905773479648976e+17
