t(s),Total solute volume 1,Total retention volume 1,Total 1 volume 1,Total 2 volume 1,Total 3 volume 1,Total 4 volume 1,Total 5 volume 1,Total 6 volume 1
0,3.5908603530687936e+17,2.642407303617772e+20,2.3031334757874176e+17,4.4365248646884774e+17,5.200551882755543e+16,2.339598205647883e+17,1.1169557941921102e+19,2.5175215521110884e+20
