t(s),Total solute volume 1,Total retention volume 1,Total 1 volume 1,Total 2 volume 1,Total 3 volume 1,Total 4 volume 1,Total 5 volume 1,Total 6 volume 1
0,1.5593745071291005e+17,6.702486782281785e+18,3.5828426689998184e+16,5.226428756416006e+16,2454265176831425.0,7191014586608128.0,1.9523888462487405e+17,6.253572452926325e+18
