t(s),Total solute volume 1,Total retention volume 1,Total 1 volume 1,Total 2 volume 1,Total 3 volume 1,Total 4 volume 1,Total 5 volume 1,Total 6 volume 1
0,1.5593745071291005e+17,1.3586752134528677e+20,3.5828426689998184e+16,5.226428756416006e+16,5.049387110880675e+16,1.5597705118558813e+17,4.250939801443706e+18,1.3116608045658161e+20
