t(s),Total solute volume 1,Total retention volume 1,Total 1 volume 1,Total 2 volume 1,Total 3 volume 1,Total 4 volume 1,Total 5 volume 1,Total 6 volume 1
0,2.838052749429945e+17,1.0957414139240845e+21,1.3626480534992328e+17,2.426887464870655e+17,1.9982340054995654e+17,8.235954480204193e+17,3.4558717105064935e+19,1.0594965191436741e+21
