t(s),Total solute volume 1,Total retention volume 1,Total 1 volume 1,Total 2 volume 1,Total 3 volume 1,Total 4 volume 1,Total 5 volume 1,Total 6 volume 1
0,5.549106202873219e+16,1.6130187896761824e+17,3574543289432606.5,3695067633789086.0,227084270888644.66,392688972830952.1,4827883301106985.0,9.309354947083909e+16
