t(s),Total solute volume 1,Total retention volume 1,Total 1 volume 1,Total 2 volume 1,Total 3 volume 1,Total 4 volume 1,Total 5 volume 1,Total 6 volume 1
0,6.5666411056726936e+16,1.8229057708346902e+17,5203971956357369.0,5689972671683596.0,181323764952678.12,340932835440294.2,4770125491945666.0,1.0043783930636414e+17
