t(s),Total solute volume 1,Total retention volume 1,Total 1 volume 1,Total 2 volume 1,Total 3 volume 1,Total 4 volume 1,Total 5 volume 1,Total 6 volume 1
0,1.4509118010472559e+19,9.56965010190745e+21,8.782046250079989e+20,5.232424008980733e+21,1.4687394332778787e+21,4.951839298519419e+20,3.72542408210278e+20,1.1080465785679855e+21
