t(s),Total solute volume 1,Total retention volume 1,Total 1 volume 1,Total 2 volume 1,Total 3 volume 1,Total 4 volume 1,Total 5 volume 1,Total 6 volume 1
0,6.197674773403082e+16,1.154637337815569e+17,4574148913662800.0,4905847431427061.0,83604576718315.61,152431805102252.12,2039808136583412.8,4.17311451840303e+16
