t(s),Total solute volume 1,Total retention volume 1,Total 1 volume 1,Total 2 volume 1,Total 3 volume 1,Total 4 volume 1,Total 5 volume 1,Total 6 volume 1
0,4.6444135142887546e+17,6.62698479132896e+19,4.088535341100352e+17,8.580895293571514e+17,1.865598594082812e+16,9.522719982732997e+16,4.81200816490657e+18,5.961257214771883e+19
