t(s),Total solute volume 1,Total retention volume 1,Total 1 volume 1,Total 2 volume 1,Total 3 volume 1,Total 4 volume 1,Total 5 volume 1,Total 6 volume 1
0,1.122294944848212e+17,4.8705401947500564e+20,1.720192593325329e+16,2.2487444393871428e+16,2.33026078632441e+17,1.676814875502431e+18,4.085008291129463e+19,4.4414217674476736e+20
