t(s),Total solute volume 1,Total retention volume 1,Total 1 volume 1,Total 2 volume 1,Total 3 volume 1,Total 4 volume 1,Total 5 volume 1,Total 6 volume 1
0,1.0410857772626118e+17,3.0908012318347716e+20,1.4548167332142294e+16,1.8548032395571572e+16,1.7391705592752234e+17,1.0643514963763848e+18,2.383008186362311e+19,2.8387456799009915e+20
