t(s),Total solute volume 1,Total retention volume 1,Total 1 volume 1,Total 2 volume 1,Total 3 volume 1,Total 4 volume 1,Total 5 volume 1,Total 6 volume 1
0,5.331000576703257e+17,5.759017339194177e+20,5.560848088934841e+17,1.2219752934206108e+18,2.2074509149334406e+17,1.2138888123192077e+18,5.8993558961115324e+19,5.131623808945056e+20
