t(s),Total solute volume 1,Total retention volume 1,Total 1 volume 1,Total 2 volume 1,Total 3 volume 1,Total 4 volume 1,Total 5 volume 1,Total 6 volume 1
0,4.6444135142887546e+17,3.8762286367794035e+22,4.088535341100352e+17,8.58089529357151e+17,9.229650639663383e+18,7.779822289852464e+19,4.1181241408587893e+21,3.4555402968982115e+22
