t(s),Total solute volume 1,Total retention volume 1,Total 1 volume 1,Total 2 volume 1,Total 3 volume 1,Total 4 volume 1,Total 5 volume 1,Total 6 volume 1
0,4.6444135142887546e+17,7.53905470294936e+22,4.088535341100352e+17,8.58089529357151e+17,1.4988031166735354e+19,2.1312060797951e+20,1.2299155203454927e+22,6.286155180247993e+22
