t(s),Total solute volume 1,Total retention volume 1,Total 1 volume 1,Total 2 volume 1,Total 3 volume 1,Total 4 volume 1,Total 5 volume 1,Total 6 volume 1
0,1.4297083041559683e+17,1.4469034925900497e+20,2.9520321540870584e+16,4.183413466422628e+16,6.1438200048632024e+16,1.8764333678416474e+17,4.79910055135006e+18,1.3942784188420235e+20
