t(s),Total solute volume 1,Total retention volume 1,Total 1 volume 1,Total 2 volume 1,Total 3 volume 1,Total 4 volume 1,Total 5 volume 1,Total 6 volume 1
0,1.0417779541760956e+19,3.1008630885148585e+23,4.2060845695740917e+20,2.3786086414986547e+21,6.164142056208987e+22,8.621491548326263e+22,7.667570682509619e+22,8.274463110304287e+22
