t(s),Total solute volume 1,Total retention volume 1,Total 1 volume 1,Total 2 volume 1,Total 3 volume 1,Total 4 volume 1,Total 5 volume 1,Total 6 volume 1
0,1.0417779541760956e+19,8.403446455531975e+21,4.2060845695740917e+20,2.3786086414986547e+21,1.9957323852855595e+21,9.016387998703047e+20,6.820801126523763e+20,2.0143602797259692e+21
