t(s),Total solute volume 1,Total retention volume 1,Total 1 volume 1,Total 2 volume 1,Total 3 volume 1,Total 4 volume 1,Total 5 volume 1,Total 6 volume 1
0,7.654339330001997e+18,2.8928254598772414e+23,2.117402954663519e+20,1.1075853577564208e+21,3.894030685519403e+22,8.69046453214059e+22,7.862196715505491e+22,8.348864666352295e+22
