t(s),Total solute volume 1,Total retention volume 1,Total 1 volume 1,Total 2 volume 1,Total 3 volume 1,Total 4 volume 1,Total 5 volume 1,Total 6 volume 1
0,9.954516368711946e+17,1.0141929783560099e+20,2.2394775286774456e+18,6.059472535941418e+18,1.7324978279058272e+17,1.260375831437371e+18,2.0358744036215116e+19,7.0332526483667706e+19
