t(s),Total solute volume 1,Total retention volume 1,Total 1 volume 1,Total 2 volume 1,Total 3 volume 1,Total 4 volume 1,Total 5 volume 1,Total 6 volume 1
0,4.388031255538536e+18,4.076097790097848e+20,6.12580002685351e+19,2.704458392884031e+20,6.573098037269591e+18,1.4686367112241656e+19,1.2564595150651974e+19,3.769384789714855e+19
