t(s),Total solute volume 1,Total retention volume 1,Total 1 volume 1,Total 2 volume 1,Total 3 volume 1,Total 4 volume 1,Total 5 volume 1,Total 6 volume 1
0,4.071819960099205e+17,6.930999527312735e+22,3.048573828454969e+17,6.123728968341585e+17,1.0839731503459293e+19,1.6351671210704598e+20,9.600093693549157e+21,5.953422072369264e+22
