t(s),Total solute volume 1,Total retention volume 1,Total 1 volume 1,Total 2 volume 1,Total 3 volume 1,Total 4 volume 1,Total 5 volume 1,Total 6 volume 1
0,4.6444135142887546e+17,8.726804833811461e+19,4.088535341100352e+17,8.580895293571511e+17,2.472316148475269e+16,1.2622915161395608e+17,6.378710121914796e+18,7.900700148820507e+19
