t(s),Total solute volume 1,Total retention volume 1,Total 1 volume 1,Total 2 volume 1,Total 3 volume 1,Total 4 volume 1,Total 5 volume 1,Total 6 volume 1
0,5.74157916659942e+18,4.332417746754074e+21,1.1155733650881687e+20,5.3600706402624864e+20,5.93938989840275e+20,7.454146171655997e+20,5.908957131485478e+20,1.7488624468979307e+21
