t(s),Total solute volume 1,Total retention volume 1,Total 1 volume 1,Total 2 volume 1,Total 3 volume 1,Total 4 volume 1,Total 5 volume 1,Total 6 volume 1
0,1.1886142573461043e+18,1.1859336106232319e+23,3.3262845753212687e+18,9.547595689902217e+18,2.2124510894491907e+20,4.2004356324223584e+21,4.556527813478944e+22,6.8592339691644956e+22
