t(s),Total solute volume 1,Total retention volume 1,Total 1 volume 1,Total 2 volume 1,Total 3 volume 1,Total 4 volume 1,Total 5 volume 1,Total 6 volume 1
0,1.7473117771507889e+18,1.2013130256808049e+23,7.856350728538216e+18,2.56333736483743e+19,6.546064945966518e+20,1.1898738454768132e+22,4.273741948068232e+22,6.4805301101878825e+22
