t(s),Total solute volume 1,Total retention volume 1,Total 1 volume 1,Total 2 volume 1,Total 3 volume 1,Total 4 volume 1,Total 5 volume 1,Total 6 volume 1
0,2.5417881604872016e+17,8.397865977976227e+18,1.0655456735803997e+17,1.8292710984074672e+17,1546378279203174.2,5806389351228458.0,2.2575142319049168e+17,7.621101293907815e+18
