t(s),Total solute volume 1,Total retention volume 1,Total 1 volume 1,Total 2 volume 1,Total 3 volume 1,Total 4 volume 1,Total 5 volume 1,Total 6 volume 1
0,3.41080351854199e+18,6.615718943451213e+21,3.4926673833597542e+19,1.42115214248461e+20,3.144415889983868e+20,1.23963274159606e+21,1.2458109662846184e+21,3.6353809549714496e+21
