t(s),Total solute volume 1,Total retention volume 1,Total 1 volume 1,Total 2 volume 1,Total 3 volume 1,Total 4 volume 1,Total 5 volume 1,Total 6 volume 1
0,5.331000576703257e+17,3.987540437918914e+22,5.560848088934841e+17,1.2219752934206106e+18,1.2757321765798466e+19,1.095312320665862e+20,5.541006615511801e+21,3.4209798049685282e+22
