t(s),Total solute volume 1,Total retention volume 1,Total 1 volume 1,Total 2 volume 1,Total 3 volume 1,Total 4 volume 1,Total 5 volume 1,Total 6 volume 1
0,2.0660865705208714e+17,1.62518573655791e+19,6.711558540817307e+16,1.0753082620506754e+17,3920395998265548.0,1.3257839284157034e+16,4.4445254515081197e+17,1.5408971516480467e+19
