t(s),Total solute volume 1,Total retention volume 1,Total 1 volume 1,Total 2 volume 1,Total 3 volume 1,Total 4 volume 1,Total 5 volume 1,Total 6 volume 1
0,9.026506572834251e+16,1.6291149934960535e+20,1.0582167792312242e+16,1.2864965809597988e+16,1.1640351124079715e+17,6.830043787710778e+17,1.3792734041593375e+19,1.4820564521867094e+20
