t(s),Total solute volume 1,Total retention volume 1,Total 1 volume 1,Total 2 volume 1,Total 3 volume 1,Total 4 volume 1,Total 5 volume 1,Total 6 volume 1
0,1.5593745071291005e+17,9.226276468875592e+17,3.5828426689998184e+16,5.226428756416006e+16,258110798218856.34,754490859027412.8,2.048136863694665e+16,6.571035116262877e+17
