t(s),Total solute volume 1,Total retention volume 1,Total 1 volume 1,Total 2 volume 1,Total 3 volume 1,Total 4 volume 1,Total 5 volume 1,Total 6 volume 1
0,7.654339330001997e+18,3.560836929727001e+21,2.1174029546635182e+20,1.1075853577564208e+21,5.8160202850935203e+20,4.082379953122708e+20,3.126878009515639e+20,9.313291124010716e+20
