t(s),Total solute volume 1,Total retention volume 1,Total 1 volume 1,Total 2 volume 1,Total 3 volume 1,Total 4 volume 1,Total 5 volume 1,Total 6 volume 1
0,9.682243045823266e+16,1.6478681597585452e+18,1.2374155389646972e+16,1.5399323190154844e+16,1316051491312926.5,3029559805034958.0,5.7140743318054856e+16,1.4617858961060854e+18
