t(s),Total solute volume 1,Total retention volume 1,Total 1 volume 1,Total 2 volume 1,Total 3 volume 1,Total 4 volume 1,Total 5 volume 1,Total 6 volume 1
0,8.434622358698939e+16,2.3767123112300877e+17,9096397638945638.0,1.0811486824468592e+16,147244850091355.56,314301626846930.75,5330206247434388.0,1.276253703482322e+17
