t(s),Total solute volume 1,Total retention volume 1,Total 1 volume 1,Total 2 volume 1,Total 3 volume 1,Total 4 volume 1,Total 5 volume 1,Total 6 volume 1
0,4.071819960099205e+17,1.3546838469308484e+19,3.048573828454969e+17,6.123728968341585e+17,2815660687512836.0,1.3440043575758114e+16,6.704166980911973e+17,1.1535753791264422e+19
