t(s),Total solute volume 1,Total retention volume 1,Total 1 volume 1,Total 2 volume 1,Total 3 volume 1,Total 4 volume 1,Total 5 volume 1,Total 6 volume 1
0,4.388031255538536e+18,8.496575887545046e+20,6.12580002685351e+19,2.704458392884034e+20,4.712925135323913e+19,1.0557386814378492e+20,9.033764270358693e+19,2.7052495574141383e+20
