t(s),Total solute volume 1,Total retention volume 1,Total 1 volume 1,Total 2 volume 1,Total 3 volume 1,Total 4 volume 1,Total 5 volume 1,Total 6 volume 1
0,3.049370426842634e+19,3.246639232849892e+23,4.502339012740615e+21,2.2082334505202914e+22,9.300436828000316e+22,7.006618762677502e+22,5.983887186884145e+22,7.513932828716163e+22
