t(s),Total solute volume 1,Total retention volume 1,Total 1 volume 1,Total 2 volume 1,Total 3 volume 1,Total 4 volume 1,Total 5 volume 1,Total 6 volume 1
0,3.41080351854199e+18,1.620462337444016e+23,3.4926673833597542e+19,1.42115214248461e+20,4.640849753403021e+21,4.244976022964065e+22,4.7189242050631535e+22,6.758592901912729e+22
