t(s),Total solute volume 1,Total retention volume 1,Total 1 volume 1,Total 2 volume 1,Total 3 volume 1,Total 4 volume 1,Total 5 volume 1,Total 6 volume 1
0,1.7473117771507889e+18,1.1258187229404046e+21,7.856350728538216e+18,2.56333736483743e+19,9.633356315183309e+18,7.641405804313813e+19,2.4956980567015185e+20,7.549644667578852e+20
