t(s),Total solute volume 1,Total retention volume 1,Total 1 volume 1,Total 2 volume 1,Total 3 volume 1,Total 4 volume 1,Total 5 volume 1,Total 6 volume 1
0,1.433399386980134e+18,1.2265003481287043e+21,5.050972524890161e+18,1.5430230570377777e+19,6.190807560207869e+18,4.9872889579579245e+19,2.8164695765323766e+20,8.668750908534317e+20
