t(s),Total solute volume 1,Total retention volume 1,Total 1 volume 1,Total 2 volume 1,Total 3 volume 1,Total 4 volume 1,Total 5 volume 1,Total 6 volume 1
0,9.682243045823266e+16,2.1595490265262406e+17,1.2374155389646972e+16,1.5399323190154844e+16,79100862981554.14,181109012312494.53,3414620886639752.0,8.76841628526525e+16
