t(s),Total solute volume 1,Total retention volume 1,Total 1 volume 1,Total 2 volume 1,Total 3 volume 1,Total 4 volume 1,Total 5 volume 1,Total 6 volume 1
0,6.160605045081409e+17,3.670390453685631e+21,7.67830629749285e+17,1.7706017440084913e+18,1.9468631099420672e+18,1.1852882779396278e+19,5.1307068520779265e+20,3.1403655297101485e+21
