t(s),Total solute volume 1,Total retention volume 1,Total 1 volume 1,Total 2 volume 1,Total 3 volume 1,Total 4 volume 1,Total 5 volume 1,Total 6 volume 1
0,5.859579698822926e+16,7.1396205438353016e+16,4036115571689510.5,4248607036429529.5,9474312884681.18,16764431713376.379,214847885958797.1,4274599211446552.5
