t(s),Total solute volume 1,Total retention volume 1,Total 1 volume 1,Total 2 volume 1,Total 3 volume 1,Total 4 volume 1,Total 5 volume 1,Total 6 volume 1
0,1.213101554250879e+17,9.187128284247539e+18,2.046233060134811e+16,2.7452473202875316e+16,5238363566250690.0,1.3618940043193706e+16,3.054899750425512e+17,8.693556046366466e+18
