t(s),Total solute volume 1,Total retention volume 1,Total 1 volume 1,Total 2 volume 1,Total 3 volume 1,Total 4 volume 1,Total 5 volume 1,Total 6 volume 1
0,1.4509118010472559e+19,2.9075698938139344e+22,8.782046250079989e+20,5.232424008980733e+21,9.52676117664383e+21,3.446010860175913e+21,2.6059337257147234e+21,7.371855423605474e+21
