t(s),Total solute volume 1,Total retention volume 1,Total 1 volume 1,Total 2 volume 1,Total 3 volume 1,Total 4 volume 1,Total 5 volume 1,Total 6 volume 1
0,7.301727964015883e+19,4.277127457306799e+23,2.7111952799558177e+22,4.446286275392808e+22,1.035589827195411e+23,8.938745607440027e+22,7.93562836087028e+22,8.37621904949128e+22
