t(s),Total solute volume 1,Total retention volume 1,Total 1 volume 1,Total 2 volume 1,Total 3 volume 1,Total 4 volume 1,Total 5 volume 1,Total 6 volume 1
0,1.433399386980134e+18,6.373960092541556e+22,5.050972524890161e+18,1.5430230570377775e+19,2.5074497817896534e+20,3.2705196330247835e+21,1.9310159140641787e+22,4.088626257108724e+22
