t(s),Total solute volume 1,Total retention volume 1,Total 1 volume 1,Total 2 volume 1,Total 3 volume 1,Total 4 volume 1,Total 5 volume 1,Total 6 volume 1
0,5.74157916659942e+18,9.489143732770018e+20,1.1155733650881687e+20,5.3600706402624864e+20,4.819205207859325e+19,5.941116089332273e+19,4.70364542949625e+19,1.4096872630847039e+20
