t(s),Total solute volume 1,Total retention volume 1,Total 1 volume 1,Total 2 volume 1,Total 3 volume 1,Total 4 volume 1,Total 5 volume 1,Total 6 volume 1
0,1.4297083041559683e+17,1.6718205083546395e+19,2.9520321540870584e+16,4.183413466422628e+16,7233281879003803.0,2.0421817619792056e+16,5.192969057014314e+17,1.5956927791725568e+19
