t(s),Total solute volume 1,Total retention volume 1,Total 1 volume 1,Total 2 volume 1,Total 3 volume 1,Total 4 volume 1,Total 5 volume 1,Total 6 volume 1
0,6.9702016393038264e+16,9.385842679148286e+16,5944515532356725.0,6630186019767457.0,17896460138602.22,34615753498405.023,506970637160205.2,1.1022225995521118e+16
