t(s),Total solute volume 1,Total retention volume 1,Total 1 volume 1,Total 2 volume 1,Total 3 volume 1,Total 4 volume 1,Total 5 volume 1,Total 6 volume 1
0,9.026506572834251e+16,1.202598224923033e+17,1.0582167792312242e+16,1.2864965809597988e+16,6414662230046.293,14163818479637.812,253035234151426.1,6274009447189521.0
