t(s),Total solute volume 1,Total retention volume 1,Total 1 volume 1,Total 2 volume 1,Total 3 volume 1,Total 4 volume 1,Total 5 volume 1,Total 6 volume 1
0,9.954516368711946e+17,1.536875678489128e+21,2.2394775286774456e+18,6.059472535941418e+18,2.854114730479028e+18,2.101858411393729e+19,3.3980226971942394e+20,1.1639063082237728e+21
