t(s),Total solute volume 1,Total retention volume 1,Total 1 volume 1,Total 2 volume 1,Total 3 volume 1,Total 4 volume 1,Total 5 volume 1,Total 6 volume 1
0,2.0660865705208714e+17,1.5574300691097835e+21,6.711558540817307e+16,1.0753082620506754e+17,3.594627183311319e+17,1.4576736246560684e+18,4.9554746005771624e+19,1.505676931692356e+21
