t(s),Total solute volume 1,Total retention volume 1,Total 1 volume 1,Total 2 volume 1,Total 3 volume 1,Total 4 volume 1,Total 5 volume 1,Total 6 volume 1
0,4.071819960099205e+17,6.7622040451608265e+19,3.048573828454969e+17,6.123728968341585e+17,1.5267953105598378e+16,7.293608270574094e+16,3.6383991694164024e+18,6.257102497069092e+19
