t(s),Total solute volume 1,Total retention volume 1,Total 1 volume 1,Total 2 volume 1,Total 3 volume 1,Total 4 volume 1,Total 5 volume 1,Total 6 volume 1
0,4.632802213684205e+19,3.760184833595273e+23,1.098131415173949e+22,3.5085054935044953e+22,9.947828870448745e+22,8.036113460421751e+22,7.004623933867507e+22,8.002012360322673e+22
