t(s),Total solute volume 1,Total retention volume 1,Total 1 volume 1,Total 2 volume 1,Total 3 volume 1,Total 4 volume 1,Total 5 volume 1,Total 6 volume 1
0,4.999990884535286e+16,7.977449703353331e+16,2833151015773908.0,2828700406760326.5,66824506599611.04,109208138321519.14,1238978347003215.5,2.269772577372213e+16
