t(s),Total solute volume 1,Total retention volume 1,Total 1 volume 1,Total 2 volume 1,Total 3 volume 1,Total 4 volume 1,Total 5 volume 1,Total 6 volume 1
0,8.413405339804337e+17,4.432405142558838e+22,1.5388438157429548e+18,3.9368564749678444e+18,4.343630840120021e+19,4.350195765560186e+20,1.1189435429926434e+22,3.264984306987945e+22
