t(s),Total solute volume 1,Total retention volume 1,Total 1 volume 1,Total 2 volume 1,Total 3 volume 1,Total 4 volume 1,Total 5 volume 1,Total 6 volume 1
0,8.434622358698939e+16,1.2590916434242275e+20,9096397638945638.0,1.0811486824468592e+16,9.92415585003602e+16,6.037377681667631e+17,1.1753537486212188e+19,1.1334839342149257e+20
