t(s),Total solute volume 1,Total retention volume 1,Total 1 volume 1,Total 2 volume 1,Total 3 volume 1,Total 4 volume 1,Total 5 volume 1,Total 6 volume 1
0,6.9702016393038264e+16,2.3586134883489284e+19,5944515532356725.0,6630186019767457.0,3.0955083639676036e+16,9.287703499217589e+16,1.4145188762757993e+18,2.1965507170636386e+19
