t(s),Total solute volume 1,Total retention volume 1,Total 1 volume 1,Total 2 volume 1,Total 3 volume 1,Total 4 volume 1,Total 5 volume 1,Total 6 volume 1
0,1.4297083041559683e+17,3.74672901008917e+20,2.9520321540870584e+16,4.183413466422628e+16,1.5108167210195536e+17,5.3358975120323315e+17,1.3812223169783568e+19,3.599616811292049e+20
