t(s),Total solute volume 1,Total retention volume 1,Total 1 volume 1,Total 2 volume 1,Total 3 volume 1,Total 4 volume 1,Total 5 volume 1,Total 6 volume 1
0,3.184149623986931e+17,3.193841209273744e+20,1.761415583916261e+17,3.2597540298476077e+17,5.858982406498022e+16,2.4864025514397907e+17,1.1166010732518267e+19,3.070903481918714e+20
