t(s),Total solute volume 1,Total retention volume 1,Total 1 volume 1,Total 2 volume 1,Total 3 volume 1,Total 4 volume 1,Total 5 volume 1,Total 6 volume 1
0,4.999990884535286e+16,5.601366064673966e+16,2833151015773908.0,2828700406760326.5,976039021381.2854,1591881976953.7153,18057539685793.008,331274918168373.6
