t(s),Total solute volume 1,Total retention volume 1,Total 1 volume 1,Total 2 volume 1,Total 3 volume 1,Total 4 volume 1,Total 5 volume 1,Total 6 volume 1
0,4.071819960099205e+17,5.281862685867711e+18,3.048573828454969e+17,6.123728968341585e+17,911716440847310.2,4351389823309372.5,2.1705435681067046e+17,3.735132947103336e+18
