t(s),Total solute volume 1,Total retention volume 1,Total 1 volume 1,Total 2 volume 1,Total 3 volume 1,Total 4 volume 1,Total 5 volume 1,Total 6 volume 1
0,7.898873006952949e+16,5.857177557784072e+19,7857626411464600.0,9137075296732168.0,5.837859524297302e+16,2.2441274777956816e+17,3.8499297462684626e+18,5.43430710567734e+19
