t(s),Total solute volume 1,Total retention volume 1,Total 1 volume 1,Total 2 volume 1,Total 3 volume 1,Total 4 volume 1,Total 5 volume 1,Total 6 volume 1
0,2.838052749429945e+17,2.7620073588655682e+20,1.3626480534992328e+17,2.426887464870655e+17,5.082637317344537e+16,2.0372680021800064e+17,8.531548660673715e+18,2.6675187522571128e+20
