t(s),Total solute volume 1,Total retention volume 1,Total 1 volume 1,Total 2 volume 1,Total 3 volume 1,Total 4 volume 1,Total 5 volume 1,Total 6 volume 1
0,5.74157916659942e+18,1.417366985136952e+23,1.1155733650881687e+20,5.3600706402624864e+20,1.5424634608357237e+22,3.796887333847536e+22,3.230497750884543e+22,5.538490707831338e+22
