t(s),Total solute volume 1,Total retention volume 1,Total 1 volume 1,Total 2 volume 1,Total 3 volume 1,Total 4 volume 1,Total 5 volume 1,Total 6 volume 1
0,1.314985697153493e+17,3.637440992857782e+20,2.4495440733375292e+16,3.3758739075879256e+16,1.631858659113259e+17,6.140047257389576e+17,1.506193941096796e+19,3.4771521653363704e+20
