t(s),Total solute volume 1,Total retention volume 1,Total 1 volume 1,Total 2 volume 1,Total 3 volume 1,Total 4 volume 1,Total 5 volume 1,Total 6 volume 1
0,1.1886142573461043e+18,6.039390140785095e+19,3.3262845753212687e+18,9.547595689902217e+18,1.4236106147324958e+17,1.0976721775066346e+18,1.0695030271821705e+19,3.4396343374479987e+19
