t(s),Total solute volume 1,Total retention volume 1,Total 1 volume 1,Total 2 volume 1,Total 3 volume 1,Total 4 volume 1,Total 5 volume 1,Total 6 volume 1
0,1.7473117771507889e+18,1.5029672291108084e+20,7.856350728538215e+18,2.56333736483743e+19,1.0207097022577455e+18,8.036030031561382e+18,2.623207122253331e+19,7.977087580066695e+19
