t(s),Total solute volume 1,Total retention volume 1,Total 1 volume 1,Total 2 volume 1,Total 3 volume 1,Total 4 volume 1,Total 5 volume 1,Total 6 volume 1
0,9.026506572834251e+16,4.1964467245811974e+19,1.0582167792312242e+16,1.2864965809597988e+16,3.765534232641476e+16,1.0415618072214875e+17,1.8940522109924739e+18,3.981489131244032e+19
