t(s),Total solute volume 1,Total retention volume 1,Total 1 volume 1,Total 2 volume 1,Total 3 volume 1,Total 4 volume 1,Total 5 volume 1,Total 6 volume 1
0,2.073332087427378e+19,7.59270261937879e+22,1.9346913512456716e+21,1.1315073985465211e+22,2.680378485738803e+22,9.640380656825724e+21,7.358236061802222e+21,1.8854125960186395e+22
