t(s),Total solute volume 1,Total retention volume 1,Total 1 volume 1,Total 2 volume 1,Total 3 volume 1,Total 4 volume 1,Total 5 volume 1,Total 6 volume 1
0,8.413405339804337e+17,2.960002027758848e+22,1.538843815742955e+18,3.9368564749678444e+18,3.0930077622238716e+19,2.7242137727184886e+20,6.918510335036673e+21,2.2371841446833453e+22
