t(s),Total solute volume 1,Total retention volume 1,Total 1 volume 1,Total 2 volume 1,Total 3 volume 1,Total 4 volume 1,Total 5 volume 1,Total 6 volume 1
0,5.263409243820472e+16,1.150977988405732e+19,3176956375550943.0,3226718800086626.5,2.1694544553095756e+16,8.453803473037603e+16,1.0991018433097325e+18,1.0245407693850378e+19
