t(s),Total solute volume 1,Total retention volume 1,Total 1 volume 1,Total 2 volume 1,Total 3 volume 1,Total 4 volume 1,Total 5 volume 1,Total 6 volume 1
0,6.5666411056726936e+16,8.493939237334216e+16,5203971956357368.0,5689972671683596.0,14383066198634.367,26981841863798.43,377453357323036.8,7960218423189166.0
