t(s),Total solute volume 1,Total retention volume 1,Total 1 volume 1,Total 2 volume 1,Total 3 volume 1,Total 4 volume 1,Total 5 volume 1,Total 6 volume 1
0,7.171273444608589e+17,4.381446361032455e+21,1.0775438795249249e+18,2.613815739480852e+18,3.3760488778207913e+18,2.2193693582653813e+19,7.71103870405611e+20,3.5803642612029283e+21
