t(s),Total solute volume 1,Total retention volume 1,Total 1 volume 1,Total 2 volume 1,Total 3 volume 1,Total 4 volume 1,Total 5 volume 1,Total 6 volume 1
0,1.4297083041559683e+17,9.959424924971684e+20,2.9520321540870584e+16,4.183413466422628e+16,3.512234389402992e+17,1.9058722665642094e+18,5.182473656434042e+19,9.416463349406778e+20
