t(s),Total solute volume 1,Total retention volume 1,Total 1 volume 1,Total 2 volume 1,Total 3 volume 1,Total 4 volume 1,Total 5 volume 1,Total 6 volume 1
0,6.9702016393038264e+16,3.154670205221898e+18,5944515532356725.0,6630186019767457.0,4645446831394553.0,9489725120924768.0,1.3952851450337418e+17,2.9187298008210396e+18
