t(s),Total solute volume 1,Total retention volume 1,Total 1 volume 1,Total 2 volume 1,Total 3 volume 1,Total 4 volume 1,Total 5 volume 1,Total 6 volume 1
0,1.5593745071291005e+17,1.1571134120567386e+19,3.5828426689998184e+16,5.226428756416006e+16,4301044290725342.5,1.2627079951879742e+16,3.4287765526936934e+17,1.0967298176088332e+19
