t(s),Total solute volume 1,Total retention volume 1,Total 1 volume 1,Total 2 volume 1,Total 3 volume 1,Total 4 volume 1,Total 5 volume 1,Total 6 volume 1
0,5.859579698822926e+16,8.536108301452088e+16,4036115571689510.5,4248607036429529.5,38765031284313.07,68631749101160.86,879598119040919.9,1.7493568518745126e+16
