t(s),Total solute volume 1,Total retention volume 1,Total 1 volume 1,Total 2 volume 1,Total 3 volume 1,Total 4 volume 1,Total 5 volume 1,Total 6 volume 1
0,4.756651887055506e+16,5.404772355930051e+16,2534742031225772.5,2489019978208219.0,4412425102578.08,7015592165857.214,76586085028074.89,1369428577015521.8
