t(s),Total solute volume 1,Total retention volume 1,Total 1 volume 1,Total 2 volume 1,Total 3 volume 1,Total 4 volume 1,Total 5 volume 1,Total 6 volume 1
0,2.1550923634800276e+18,3.871257233872076e+20,1.2543579337050872e+19,4.387601538914759e+19,5.084953617094033e+18,3.6195662864896274e+19,7.159108039818439e+19,2.1567933941735712e+20
