t(s),Total solute volume 1,Total retention volume 1,Total 1 volume 1,Total 2 volume 1,Total 3 volume 1,Total 4 volume 1,Total 5 volume 1,Total 6 volume 1
0,7.412634750021373e+16,1.0488403006414147e+17,6819284532587501.0,7763492501330356.0,22423654973141.984,44763390948764.21,687355706572003.5,1.54203627775147e+16
