t(s),Total solute volume 1,Total retention volume 1,Total 1 volume 1,Total 2 volume 1,Total 3 volume 1,Total 4 volume 1,Total 5 volume 1,Total 6 volume 1
0,1.4297083041559683e+17,3.0018232496072956e+20,2.9520321540870584e+16,4.183413466422628e+16,1.2307943809195411e+17,4.1444613646450003e+17,1.0683562206918574e+19,2.8874691189264237e+20
