t(s),Total solute volume 1,Total retention volume 1,Total 1 volume 1,Total 2 volume 1,Total 3 volume 1,Total 4 volume 1,Total 5 volume 1,Total 6 volume 1
0,1.7065136209902323e+17,3.4452381193606833e+21,4.381099764971746e+16,6.585874551544885e+16,8.124564852249087e+17,7.436355379450123e+18,2.50872998299611e+20,3.185835988091163e+21
