t(s),Total solute volume 1,Total retention volume 1,Total 1 volume 1,Total 2 volume 1,Total 3 volume 1,Total 4 volume 1,Total 5 volume 1,Total 6 volume 1
0,1.4297083041559683e+17,1.4501613885637712e+21,2.9520321540870584e+16,4.183413466422628e+16,4.645958543089757e+17,3.621557083577381e+18,1.051115032319305e+20,1.3407494071073453e+21
