t(s),Total solute volume 1,Total retention volume 1,Total 1 volume 1,Total 2 volume 1,Total 3 volume 1,Total 4 volume 1,Total 5 volume 1,Total 6 volume 1
0,5.74157916659942e+18,6.124507521349523e+22,1.1155733650881687e+20,5.3600706402624864e+20,8.300021669418613e+21,1.3976369829349815e+22,1.135487717932527e+22,2.6960500555700314e+22
