t(s),Total solute volume 1,Total retention volume 1,Total 1 volume 1,Total 2 volume 1,Total 3 volume 1,Total 4 volume 1,Total 5 volume 1,Total 6 volume 1
0,5.331000576703257e+17,6.630050323506747e+22,5.560848088934841e+17,1.2219752934206106e+18,1.878582039525759e+19,2.2092197597343928e+20,1.1667274373152821e+22,5.439120990538523e+22
