t(s),Total solute volume 1,Total retention volume 1,Total 1 volume 1,Total 2 volume 1,Total 3 volume 1,Total 4 volume 1,Total 5 volume 1,Total 6 volume 1
0,1.7473117771507889e+18,6.335165737323066e+19,7.856350728538215e+18,2.56333736483743e+19,2.4950381159766928e+17,1.9630262051036803e+18,6.407622348732621e+18,1.9494468853732168e+19
