t(s),Total solute volume 1,Total retention volume 1,Total 1 volume 1,Total 2 volume 1,Total 3 volume 1,Total 4 volume 1,Total 5 volume 1,Total 6 volume 1
0,9.026506572834251e+16,5.176889441724085e+19,1.0582167792312242e+16,1.2864965809597988e+16,4.55897614544732e+16,1.3319701808847203e+17,2.434304836823572e+18,4.904209060154315e+19
