t(s),Total solute volume 1,Total retention volume 1,Total 1 volume 1,Total 2 volume 1,Total 3 volume 1,Total 4 volume 1,Total 5 volume 1,Total 6 volume 1
0,1.0410857772626118e+17,1.560227368162788e+17,1.4548167332142294e+16,1.8548032395571572e+16,14344879857126.979,34078913987929.473,679310580187887.9,1.809022498827335e+16
