t(s),Total solute volume 1,Total retention volume 1,Total 1 volume 1,Total 2 volume 1,Total 3 volume 1,Total 4 volume 1,Total 5 volume 1,Total 6 volume 1
0,4.6444135142887546e+17,5.0304678356911124e+22,4.088535341100352e+17,8.58089529357151e+17,1.1324489319071707e+19,1.120555816846133e+20,6.058422398469094e+21,4.412114450302324e+22
