t(s),Total solute volume 1,Total retention volume 1,Total 1 volume 1,Total 2 volume 1,Total 3 volume 1,Total 4 volume 1,Total 5 volume 1,Total 6 volume 1
0,3.41080351854199e+18,1.3996673768564266e+21,3.4926673833597542e+19,1.42115214248461e+20,6.076790668937166e+19,2.318326159530099e+20,2.3244261692124054e+20,6.941715456921949e+20
