t(s),Total solute volume 1,Total retention volume 1,Total 1 volume 1,Total 2 volume 1,Total 3 volume 1,Total 4 volume 1,Total 5 volume 1,Total 6 volume 1
0,4.999990884535286e+16,5.61282738999411e+16,2833151015773908.0,2828700406760327.0,1293927839407.609,2110366890040.5442,23938998120955.44,439170339203322.2
