t(s),Total solute volume 1,Total retention volume 1,Total 1 volume 1,Total 2 volume 1,Total 3 volume 1,Total 4 volume 1,Total 5 volume 1,Total 6 volume 1
0,4.999990884535286e+16,8.978290484154575e+18,2833151015773908.0,2828700406760326.5,1.852477377783512e+16,6.970587060188517e+16,8.698393841220022e+17,7.964558695385007e+18
