t(s),Total solute volume 1,Total retention volume 1,Total 1 volume 1,Total 2 volume 1,Total 3 volume 1,Total 4 volume 1,Total 5 volume 1,Total 6 volume 1
0,1.213101554250879e+17,4.028600925527853e+17,2.046233060134811e+16,2.7452473202875316e+16,136332576618750.02,350389734331481.7,7853352348409475.0,2.2529505866411267e+17
