t(s),Total solute volume 1,Total retention volume 1,Total 1 volume 1,Total 2 volume 1,Total 3 volume 1,Total 4 volume 1,Total 5 volume 1,Total 6 volume 1
0,1.433399386980134e+18,7.098395082200036e+20,5.050972524890161e+18,1.5430230570377777e+19,3.543650383870914e+18,2.84298335836968e+19,1.6050516071855987e+20,4.9544626105163684e+20
