t(s),Total solute volume 1,Total retention volume 1,Total 1 volume 1,Total 2 volume 1,Total 3 volume 1,Total 4 volume 1,Total 5 volume 1,Total 6 volume 1
0,6.160605045081409e+17,4.808820366707413e+21,7.67830629749285e+17,1.7706017440084913e+18,2.537704823627534e+18,1.5628294077205236e+19,6.770608379104095e+20,4.110439037017933e+21
