t(s),Total solute volume 1,Total retention volume 1,Total 1 volume 1,Total 2 volume 1,Total 3 volume 1,Total 4 volume 1,Total 5 volume 1,Total 6 volume 1
0,2.286764682938004e+17,1.5318822128970934e+19,8.41666310503365e+16,1.3948910952252272e+17,3238812472813746.0,1.1528989388971928e+16,4.1608463866627706e+17,1.4435637479576185e+19
