t(s),Total solute volume 1,Total retention volume 1,Total 1 volume 1,Total 2 volume 1,Total 3 volume 1,Total 4 volume 1,Total 5 volume 1,Total 6 volume 1
0,1.433399386980134e+18,1.591163243685481e+23,5.050972524890161e+18,1.5430230570377775e+19,4.3160197901512285e+20,1.0383231980276713e+22,6.815615887426556e+22,8.012341693251171e+22
