t(s),Total solute volume 1,Total retention volume 1,Total 1 volume 1,Total 2 volume 1,Total 3 volume 1,Total 4 volume 1,Total 5 volume 1,Total 6 volume 1
0,5.549106202873219e+16,6.3026437129784904e+16,3574543289432606.5,3695067633789086.0,613716983526.3845,1055873109991.5537,12976722001852.074,251117865736391.12
