t(s),Total solute volume 1,Total retention volume 1,Total 1 volume 1,Total 2 volume 1,Total 3 volume 1,Total 4 volume 1,Total 5 volume 1,Total 6 volume 1
0,1.1999214403838304e+20,4.634393926803441e+23,6.152497233576406e+22,4.870349495676086e+22,1.0332315816116957e+23,8.826634683206722e+22,7.818023016986186e+22,8.332119808067967e+22
