t(s),Total solute volume 1,Total retention volume 1,Total 1 volume 1,Total 2 volume 1,Total 3 volume 1,Total 4 volume 1,Total 5 volume 1,Total 6 volume 1
0,5.331000576703257e+17,6.277161009640775e+19,5.560848088934841e+17,1.2219752934206108e+18,2.33264448617219e+16,1.2755122006674366e+17,6.196394210951755e+18,5.411317806054324e+19
