t(s),Total solute volume 1,Total retention volume 1,Total 1 volume 1,Total 2 volume 1,Total 3 volume 1,Total 4 volume 1,Total 5 volume 1,Total 6 volume 1
0,1.7473117771507889e+18,8.464170840302843e+19,7.856350728538216e+18,2.56333736483743e+19,4.384018179785056e+17,3.449787705574061e+18,1.1260771106213343e+19,3.4255711619200184e+19
