t(s),Total solute volume 1,Total retention volume 1,Total 1 volume 1,Total 2 volume 1,Total 3 volume 1,Total 4 volume 1,Total 5 volume 1,Total 6 volume 1
0,1.1999214403838304e+20,1.1768338966399375e+23,6.152497233576406e+22,4.870349495676086e+22,3.519623349493318e+21,9.615552058723634e+20,7.223733921950005e+20,2.1313782798721367e+21
