t(s),Total solute volume 1,Total retention volume 1,Total 1 volume 1,Total 2 volume 1,Total 3 volume 1,Total 4 volume 1,Total 5 volume 1,Total 6 volume 1
0,2.1550923634800276e+18,8.459928991283102e+19,1.2543579337050872e+19,4.387601538914759e+19,4.033014370035418e+17,2.8644590613007744e+18,5.664718470251534e+18,1.7092123854597167e+19
