t(s),Total solute volume 1,Total retention volume 1,Total 1 volume 1,Total 2 volume 1,Total 3 volume 1,Total 4 volume 1,Total 5 volume 1,Total 6 volume 1
0,4.6444135142887546e+17,2.2823331217921748e+22,4.088535341100352e+17,8.58089529357151e+17,5.875798130301211e+18,4.00333757970049e+19,2.071260757676321e+21,2.07044299019028e+22
