t(s),Total solute volume 1,Total retention volume 1,Total 1 volume 1,Total 2 volume 1,Total 3 volume 1,Total 4 volume 1,Total 5 volume 1,Total 6 volume 1
0,1.433399386980134e+18,2.1253978989958073e+21,5.050972524890161e+18,1.5430230570377777e+19,1.0767391012858538e+19,8.736681430144106e+19,4.936363960651202e+20,1.5117126951340912e+21
