t(s),Total solute volume 1,Total retention volume 1,Total 1 volume 1,Total 2 volume 1,Total 3 volume 1,Total 4 volume 1,Total 5 volume 1,Total 6 volume 1
0,2.286764682938004e+17,1.2665684527751482e+22,8.41666310503365e+16,1.3948910952252272e+17,1.9659473880724186e+18,2.1810067582330778e+19,9.232965667672938e+20,1.1718159613804858e+22
