t(s),Total solute volume 1,Total retention volume 1,Total 1 volume 1,Total 2 volume 1,Total 3 volume 1,Total 4 volume 1,Total 5 volume 1,Total 6 volume 1
0,1.7473117771507889e+18,9.832838941577539e+21,7.856350728538215e+18,2.56333736483743e+19,8.33244527090456e+19,7.064404493399996e+20,2.318453495104877e+21,6.689383508269404e+21
