t(s),Total solute volume 1,Total retention volume 1,Total 1 volume 1,Total 2 volume 1,Total 3 volume 1,Total 4 volume 1,Total 5 volume 1,Total 6 volume 1
0,5.331000576703257e+17,9.911862875742503e+22,5.560848088934841e+17,1.2219752934206108e+18,2.403970402521194e+19,4.171022525775118e+20,2.3876012541456975e+22,7.479916309920491e+22
