t(s),Total solute volume 1,Total retention volume 1,Total 1 volume 1,Total 2 volume 1,Total 3 volume 1,Total 4 volume 1,Total 5 volume 1,Total 6 volume 1
0,1.1999214403838304e+20,2.6048758274224623e+23,6.152497233576406e+22,4.870349495676086e+22,6.007398444876963e+22,2.6705430157189435e+22,2.1002872733719987e+22,4.235683596600088e+22
