t(s),Total solute volume 1,Total retention volume 1,Total 1 volume 1,Total 2 volume 1,Total 3 volume 1,Total 4 volume 1,Total 5 volume 1,Total 6 volume 1
0,1.314985697153493e+17,9.286393070341911e+19,2.4495440733375292e+16,3.3758739075879256e+16,4.5543089268624616e+16,1.3262662053971301e+17,3.1810653160454103e+18,8.931494292804097e+19
