t(s),Total solute volume 1,Total retention volume 1,Total 1 volume 1,Total 2 volume 1,Total 3 volume 1,Total 4 volume 1,Total 5 volume 1,Total 6 volume 1
0,5.74157916659942e+18,1.2386455527026903e+23,1.1155733650881687e+20,5.3600706402624864e+20,1.4146665617361067e+22,3.2158986028981156e+22,2.705218553073908e+22,4.985341211348541e+22
