t(s),Total solute volume 1,Total retention volume 1,Total 1 volume 1,Total 2 volume 1,Total 3 volume 1,Total 4 volume 1,Total 5 volume 1,Total 6 volume 1
0,4.071819960099205e+17,6.753298598254749e+22,3.048573828454969e+17,6.123728968341585e+17,1.0671012432904434e+19,1.557338052713174e+20,9.066775561469606e+21,5.82984811910985e+22
