t(s),Total solute volume 1,Total retention volume 1,Total 1 volume 1,Total 2 volume 1,Total 3 volume 1,Total 4 volume 1,Total 5 volume 1,Total 6 volume 1
0,1.0417779541760956e+19,1.8578641172619308e+23,4.2060845695740917e+20,2.3786086414986547e+21,4.679395452364811e+22,4.300969449078773e+22,3.512651014375343e+22,5.804661769000548e+22
