t(s),Total solute volume 1,Total retention volume 1,Total 1 volume 1,Total 2 volume 1,Total 3 volume 1,Total 4 volume 1,Total 5 volume 1,Total 6 volume 1
0,1.874180731908145e+17,4.920887522773191e+21,5.399819431922016e+16,8.374842692958085e+16,1.0252469928583852e+18,9.073053265986921e+18,3.22294102511844e+20,4.588169955308077e+21
