t(s),Total solute volume 1,Total retention volume 1,Total 1 volume 1,Total 2 volume 1,Total 3 volume 1,Total 4 volume 1,Total 5 volume 1,Total 6 volume 1
0,6.197674773403082e+16,7.194085523252281e+16,4574148913662800.0,4905847431427061.0,920216410002.8248,1675529389196.5684,22419459704839.883,459095947898733.3
