t(s),Total solute volume 1,Total retention volume 1,Total 1 volume 1,Total 2 volume 1,Total 3 volume 1,Total 4 volume 1,Total 5 volume 1,Total 6 volume 1
0,2.073332087427378e+19,2.9250129904544523e+23,1.9346913512456716e+21,1.1315073985465211e+22,8.570670577106356e+22,6.542596273686818e+22,5.5398080338947295e+22,7.270005154097704e+22
