t(s),Total solute volume 1,Total retention volume 1,Total 1 volume 1,Total 2 volume 1,Total 3 volume 1,Total 4 volume 1,Total 5 volume 1,Total 6 volume 1
0,5.859579698822926e+16,6.771246852217391e+16,4036115571689510.5,4248607036429529.5,1745608324717.6572,3088329335887.7114,39578686691671.305,787536301471523.4
