t(s),Total solute volume 1,Total retention volume 1,Total 1 volume 1,Total 2 volume 1,Total 3 volume 1,Total 4 volume 1,Total 5 volume 1,Total 6 volume 1
0,1.122294944848212e+17,5.035716263376515e+20,1.720192593325329e+16,2.2487444393871428e+16,2.3821209704585258e+17,1.790424029990589e+18,4.407688967118463e+19,4.573141816746202e+20
