t(s),Total solute volume 1,Total retention volume 1,Total 1 volume 1,Total 2 volume 1,Total 3 volume 1,Total 4 volume 1,Total 5 volume 1,Total 6 volume 1
0,1.1999214403838304e+20,1.6791526426406185e+23,6.152497233576406e+22,4.870349495676086e+22,2.604778584240533e+22,8.40700506480783e+21,6.398654915536502e+21,1.6713359004748789e+22
