t(s),Total solute volume 1,Total retention volume 1,Total 1 volume 1,Total 2 volume 1,Total 3 volume 1,Total 4 volume 1,Total 5 volume 1,Total 6 volume 1
0,4.388031255538536e+18,1.8640390435179577e+22,6.12580002685351e+19,2.704458392884035e+20,1.5807139981862793e+21,3.92472644491799e+21,3.383923412145264e+21,9.414934709117258e+21
