t(s),Total solute volume 1,Total retention volume 1,Total 1 volume 1,Total 2 volume 1,Total 3 volume 1,Total 4 volume 1,Total 5 volume 1,Total 6 volume 1
0,4.756651887055506e+16,8.295932095797986e+18,2534742031225772.5,2489019978208219.0,1.777768764965404e+16,7.636172172190458e+16,9.456000951197236e+17,7.203602310426621e+18
