t(s),Total solute volume 1,Total retention volume 1,Total 1 volume 1,Total 2 volume 1,Total 3 volume 1,Total 4 volume 1,Total 5 volume 1,Total 6 volume 1
0,1.1886142573461043e+18,1.4991284443564028e+23,3.3262845753212687e+18,9.547595689902217e+18,2.4771705549877782e+20,5.701148332055038e+21,6.4455501672135375e+22,7.949441488143071e+22
