t(s),Total solute volume 1,Total retention volume 1,Total 1 volume 1,Total 2 volume 1,Total 3 volume 1,Total 4 volume 1,Total 5 volume 1,Total 6 volume 1
0,2.286764682938004e+17,3.50362575575429e+19,8.41666310503365e+16,1.3948910952252272e+17,7530072971363972.0,2.684416922086828e+16,9.689144038717307e+17,3.358063670261241e+19
