t(s),Total solute volume 1,Total retention volume 1,Total 1 volume 1,Total 2 volume 1,Total 3 volume 1,Total 4 volume 1,Total 5 volume 1,Total 6 volume 1
0,4.388031255538536e+18,2.514535250111246e+23,6.12580002685351e+19,2.7044583928840343e+20,1.0841226216318442e+22,7.79027585603482e+22,7.880755967913881e+22,8.356588868450739e+22
