t(s),Total solute volume 1,Total retention volume 1,Total 1 volume 1,Total 2 volume 1,Total 3 volume 1,Total 4 volume 1,Total 5 volume 1,Total 6 volume 1
0,1.314985697153493e+17,5.090133287423868e+20,2.4495440733375292e+16,3.3758739075879252e+16,2.1798712545134746e+17,9.493580105682525e+17,2.3663327315928228e+19,4.83992903540908e+20
