t(s),Total solute volume 1,Total retention volume 1,Total 1 volume 1,Total 2 volume 1,Total 3 volume 1,Total 4 volume 1,Total 5 volume 1,Total 6 volume 1
0,6.9702016393038264e+16,4.081585178340205e+18,5944515532356725.0,6630186019767457.0,6007643547157100.0,1.2478623084166374e+16,1.8370242472539235e+17,3.79711976903833e+18
