t(s),Total solute volume 1,Total retention volume 1,Total 1 volume 1,Total 2 volume 1,Total 3 volume 1,Total 4 volume 1,Total 5 volume 1,Total 6 volume 1
0,2.073332087427378e+19,2.3760965719825682e+23,1.9346913512456716e+21,1.1315073985465211e+22,7.533554696868882e+22,4.801886677771493e+22,3.931753462939814e+22,6.166721016487347e+22
