t(s),Total solute volume 1,Total retention volume 1,Total 1 volume 1,Total 2 volume 1,Total 3 volume 1,Total 4 volume 1,Total 5 volume 1,Total 6 volume 1
0,1.122294944848212e+17,3.552644582252918e+17,1.720192593325329e+16,2.2487444393871428e+16,135885239152233.23,335607827160014.25,7086746528827677.0,1.9578735381820816e+17
