t(s),Total solute volume 1,Total retention volume 1,Total 1 volume 1,Total 2 volume 1,Total 3 volume 1,Total 4 volume 1,Total 5 volume 1,Total 6 volume 1
0,7.171273444608589e+17,1.2963772734198053e+23,1.0775438795249249e+18,2.613815739480852e+18,5.772479557966163e+19,1.161284853652002e+21,4.7457668761738986e+22,8.095664044404644e+22
