t(s),Total solute volume 1,Total retention volume 1,Total 1 volume 1,Total 2 volume 1,Total 3 volume 1,Total 4 volume 1,Total 5 volume 1,Total 6 volume 1
0,1.1999214403838304e+20,3.067593495246489e+23,6.152497233576406e+22,4.870349495676086e+22,7.3433055290915425e+22,3.83214126368004e+22,3.078954082511393e+22,5.386688133525161e+22
