t(s),Total solute volume 1,Total retention volume 1,Total 1 volume 1,Total 2 volume 1,Total 3 volume 1,Total 4 volume 1,Total 5 volume 1,Total 6 volume 1
0,3.5908603530687936e+17,4.6419510559403084e+22,2.3031334757874176e+17,4.4365248646884774e+17,6.72778324393414e+18,7.817033743795826e+19,4.196555787167109e+21,4.21370235996849e+22
