t(s),Total solute volume 1,Total retention volume 1,Total 1 volume 1,Total 2 volume 1,Total 3 volume 1,Total 4 volume 1,Total 5 volume 1,Total 6 volume 1
0,5.74157916659942e+18,7.490987790924064e+20,1.1155733650881687e+20,5.3600706402624864e+20,1.5625830560872804e+19,1.924317910393643e+19,1.5233910071137386e+19,4.568987965480562e+19
