t(s),Total solute volume 1,Total retention volume 1,Total 1 volume 1,Total 2 volume 1,Total 3 volume 1,Total 4 volume 1,Total 5 volume 1,Total 6 volume 1
0,1.5593745071291005e+17,4.097836370972625e+17,3.5828426689998184e+16,5.226428756416006e+16,63051028711345.72,184267790459121.1,5002051016631851.0,1.6050410229438515e+17
