t(s),Total solute volume 1,Total retention volume 1,Total 1 volume 1,Total 2 volume 1,Total 3 volume 1,Total 4 volume 1,Total 5 volume 1,Total 6 volume 1
0,1.122294944848212e+17,2.3921347499913187e+17,1.720192593325329e+16,2.2487444393871428e+16,58339489158731.96,144054707747774.9,3041835076100390.5,8.405038091418162e+16
