t(s),Total solute volume 1,Total retention volume 1,Total 1 volume 1,Total 2 volume 1,Total 3 volume 1,Total 4 volume 1,Total 5 volume 1,Total 6 volume 1
0,2.073332087427378e+19,3.533679884398801e+23,1.9346913512456716e+21,1.1315073985465211e+22,9.445960977498519e+22,8.654248908347207e+22,7.644190578783851e+22,8.265348513599721e+22
