t(s),Total solute volume 1,Total retention volume 1,Total 1 volume 1,Total 2 volume 1,Total 3 volume 1,Total 4 volume 1,Total 5 volume 1,Total 6 volume 1
0,4.999990884535286e+16,1.0862846356243337e+19,2833151015773908.0,2828700406760326.5,2.110971860993641e+16,9.715421938277352e+16,1.2620954388786373e+18,9.42682521910412e+18
