t(s),Total solute volume 1,Total retention volume 1,Total 1 volume 1,Total 2 volume 1,Total 3 volume 1,Total 4 volume 1,Total 5 volume 1,Total 6 volume 1
0,1.7473117771507889e+18,1.6182303349240135e+23,7.856350728538216e+18,2.56333736483743e+19,7.577472432212127e+20,1.7358684087737553e+22,6.535876706151946e+22,7.831259806376907e+22
