t(s),Total solute volume 1,Total retention volume 1,Total 1 volume 1,Total 2 volume 1,Total 3 volume 1,Total 4 volume 1,Total 5 volume 1,Total 6 volume 1
0,6.9702016393038264e+16,2.7455010943341146e+19,5944515532356725.0,6630186019767457.0,3.515440483067454e+16,1.140064658051819e+17,1.752231600678752e+18,2.5471341754081243e+19
