t(s),Total solute volume 1,Total retention volume 1,Total 1 volume 1,Total 2 volume 1,Total 3 volume 1,Total 4 volume 1,Total 5 volume 1,Total 6 volume 1
0,1.7473117771507889e+18,3.9006531612772454e+20,7.856350728538215e+18,2.56333736483743e+19,3.1444154909367224e+18,2.480161241059636e+19,8.097049190488323e+19,2.459117601672394e+20
