t(s),Total solute volume 1,Total retention volume 1,Total 1 volume 1,Total 2 volume 1,Total 3 volume 1,Total 4 volume 1,Total 5 volume 1,Total 6 volume 1
0,4.999990884535286e+16,8.760624080025222e+16,2833151015773908.0,2828700406760326.5,88504849618358.92,144735468760266.12,1642115970135422.2,3.006912424385145e+16
