t(s),Total solute volume 1,Total retention volume 1,Total 1 volume 1,Total 2 volume 1,Total 3 volume 1,Total 4 volume 1,Total 5 volume 1,Total 6 volume 1
0,2.073332087427378e+19,3.6146207371861066e+23,1.9346913512456716e+21,1.1315073985465211e+22,9.544226296256725e+22,8.945314000620282e+22,7.948588852405897e+22,8.38102835681954e+22
