t(s),Total solute volume 1,Total retention volume 1,Total 1 volume 1,Total 2 volume 1,Total 3 volume 1,Total 4 volume 1,Total 5 volume 1,Total 6 volume 1
0,5.74157916659942e+18,2.6225520328195696e+23,1.1155733650881687e+20,5.3600706402624864e+20,2.107023780885879e+22,8.180233026759162e+22,7.617669984584114e+22,8.255262937995922e+22
