t(s),Total solute volume 1,Total retention volume 1,Total 1 volume 1,Total 2 volume 1,Total 3 volume 1,Total 4 volume 1,Total 5 volume 1,Total 6 volume 1
0,2.1550923634800276e+18,4.117530575672677e+21,1.2543579337050872e+19,4.387601538914759e+19,6.182976225963769e+19,4.5220314254380486e+20,8.96125719765933e+20,2.648797264013583e+21
