t(s),Total solute volume 1,Total retention volume 1,Total 1 volume 1,Total 2 volume 1,Total 3 volume 1,Total 4 volume 1,Total 5 volume 1,Total 6 volume 1
0,4.999990884535286e+16,6.011118750862472e+16,2833151015773908.0,2828700406760327.0,12339278647829.021,20131884151910.555,228371888538527.28,4188584189398779.5
