t(s),Total solute volume 1,Total retention volume 1,Total 1 volume 1,Total 2 volume 1,Total 3 volume 1,Total 4 volume 1,Total 5 volume 1,Total 6 volume 1
0,2.286764682938004e+17,1.2229377279876512e+22,8.41666310503365e+16,1.3948910952252272e+17,1.9203349319938872e+18,2.030525941122366e+19,8.494487876715221e+20,1.1357250565652907e+22
