t(s),Total solute volume 1,Total retention volume 1,Total 1 volume 1,Total 2 volume 1,Total 3 volume 1,Total 4 volume 1,Total 5 volume 1,Total 6 volume 1
0,7.654339330001997e+18,5.22386083329418e+21,2.117402954663518e+20,1.1075853577564208e+21,1.0107875121875308e+21,7.149754367425985e+20,5.479297737143744e+20,1.623188118096952e+21
