t(s),Total solute volume 1,Total retention volume 1,Total 1 volume 1,Total 2 volume 1,Total 3 volume 1,Total 4 volume 1,Total 5 volume 1,Total 6 volume 1
0,2.69227699570376e+18,2.3155139720003324e+21,2.0606897695457464e+19,7.758321800726443e+19,6.046985269826088e+19,3.443693654167219e+20,4.5524779247217856e+20,1.3545445687147802e+21
