t(s),Total solute volume 1,Total retention volume 1,Total 1 volume 1,Total 2 volume 1,Total 3 volume 1,Total 4 volume 1,Total 5 volume 1,Total 6 volume 1
0,2.838052749429945e+17,2.5787553612791135e+22,1.3626480534992328e+17,2.426887464870655e+17,3.4891379666351575e+18,3.826449810040015e+19,1.8251347582014608e+21,2.3920002459696003e+22
