t(s),Total solute volume 1,Total retention volume 1,Total 1 volume 1,Total 2 volume 1,Total 3 volume 1,Total 4 volume 1,Total 5 volume 1,Total 6 volume 1
0,4.071819960099205e+17,6.5338127329057885e+22,3.048573828454969e+17,6.123728968341585e+17,1.0455053257226381e+19,1.4648125405855611e+20,8.444230596869684e+21,5.67356360125963e+22
