t(s),Total solute volume 1,Total retention volume 1,Total 1 volume 1,Total 2 volume 1,Total 3 volume 1,Total 4 volume 1,Total 5 volume 1,Total 6 volume 1
0,6.197674773403082e+16,9.035949452667768e+16,4574148913662800.0,4905847431427061.0,35922767846452.15,65445346048539.14,875727622919452.5,1.7925654710742044e+16
