t(s),Total solute volume 1,Total retention volume 1,Total 1 volume 1,Total 2 volume 1,Total 3 volume 1,Total 4 volume 1,Total 5 volume 1,Total 6 volume 1
0,1.213101554250879e+17,1.8473286087909565e+18,2.046233060134811e+16,2.7452473202875316e+16,978488240283113.0,2519579321939192.5,5.647925191744654e+16,1.618126330081939e+18
