t(s),Total solute volume 1,Total retention volume 1,Total 1 volume 1,Total 2 volume 1,Total 3 volume 1,Total 4 volume 1,Total 5 volume 1,Total 6 volume 1
0,6.160605045081409e+17,4.492363565269607e+19,7.67830629749285e+17,1.7706017440084913e+18,2.2554963933236348e+16,1.3240071813726117e+17,5.716350656647667e+18,3.5897836435711967e+19
