t(s),Total solute volume 1,Total retention volume 1,Total 1 volume 1,Total 2 volume 1,Total 3 volume 1,Total 4 volume 1,Total 5 volume 1,Total 6 volume 1
0,1.874180731908145e+17,5.728995234182699e+17,5.399819431922016e+16,8.374842692958085e+16,70382892162738.75,226018533521222.62,7047575896206551.0,2.403908516567593e+17
