t(s),Total solute volume 1,Total retention volume 1,Total 1 volume 1,Total 2 volume 1,Total 3 volume 1,Total 4 volume 1,Total 5 volume 1,Total 6 volume 1
0,6.160605045081409e+17,1.219926221220032e+21,7.67830629749285e+17,1.7706017440084913e+18,6.534228739764376e+17,3.881255896983534e+18,1.6771048690012727e+20,1.0445265626706862e+21
