t(s),Total solute volume 1,Total retention volume 1,Total 1 volume 1,Total 2 volume 1,Total 3 volume 1,Total 4 volume 1,Total 5 volume 1,Total 6 volume 1
0,4.632802213684205e+19,1.1148701212357084e+23,1.098131415173949e+22,3.5085054935044953e+22,2.916466064355343e+22,9.747397154760286e+21,7.436695975323403e+21,1.9025561241012817e+22
