t(s),Total solute volume 1,Total retention volume 1,Total 1 volume 1,Total 2 volume 1,Total 3 volume 1,Total 4 volume 1,Total 5 volume 1,Total 6 volume 1
0,2.286764682938004e+17,4.654243381141802e+21,8.41666310503365e+16,1.3948910952252272e+17,8.901874316982815e+17,4.571852885215574e+18,1.702522491460995e+20,4.478076759469919e+21
