t(s),Total solute volume 1,Total retention volume 1,Total 1 volume 1,Total 2 volume 1,Total 3 volume 1,Total 4 volume 1,Total 5 volume 1,Total 6 volume 1
0,5.859579698822926e+16,1.6686377809408483e+17,4036115571689510.5,4248607036429529.5,209447090550292.7,372034095167638.06,4769153325334850.0,9.463262398668442e+16
