t(s),Total solute volume 1,Total retention volume 1,Total 1 volume 1,Total 2 volume 1,Total 3 volume 1,Total 4 volume 1,Total 5 volume 1,Total 6 volume 1
0,5.263409243820472e+16,7.272514457572558e+16,3176956375550943.5,3226718800086626.5,34674836108527.79,58113351807094.336,685804853324189.1,1.2908783920644306e+16
