t(s),Total solute volume 1,Total retention volume 1,Total 1 volume 1,Total 2 volume 1,Total 3 volume 1,Total 4 volume 1,Total 5 volume 1,Total 6 volume 1
0,4.632802213684205e+19,4.0089942206724044e+23,1.098131415173949e+22,3.5085054935044953e+22,1.0285324670920851e+23,8.915127660955812e+22,7.911120814316008e+22,8.367099349639287e+22
