t(s),Total solute volume 1,Total retention volume 1,Total 1 volume 1,Total 2 volume 1,Total 3 volume 1,Total 4 volume 1,Total 5 volume 1,Total 6 volume 1
0,4.6444135142887546e+17,4.20198705128603e+21,4.088535341100352e+17,8.58089529357151e+17,1.1882428630276242e+18,6.385032881805254e+18,3.238369098064093e+20,3.868845481319831e+21
