t(s),Total solute volume 1,Total retention volume 1,Total 1 volume 1,Total 2 volume 1,Total 3 volume 1,Total 4 volume 1,Total 5 volume 1,Total 6 volume 1
0,6.197674773403082e+16,7.408464556998389e+16,4574148913662800.0,4905847431427061.0,4995078473290.234,9095637166917.389,121704943715783.19,2492105831505107.5
