t(s),Total solute volume 1,Total retention volume 1,Total 1 volume 1,Total 2 volume 1,Total 3 volume 1,Total 4 volume 1,Total 5 volume 1,Total 6 volume 1
0,1.4509118010472559e+19,6.333117673953015e+21,8.782046250079989e+20,5.232424008980733e+21,8.90706451831564e+19,2.96848363149763e+19,2.2314743870017294e+19,6.6909696585613115e+19
