t(s),Total solute volume 1,Total retention volume 1,Total 1 volume 1,Total 2 volume 1,Total 3 volume 1,Total 4 volume 1,Total 5 volume 1,Total 6 volume 1
0,5.331000576703257e+17,3.9752526159905067e+21,5.560848088934841e+17,1.2219752934206108e+18,1.5039334728818578e+18,8.586165134671896e+18,4.18397407059837e+20,3.5444539501632417e+21
