t(s),Total solute volume 1,Total retention volume 1,Total 1 volume 1,Total 2 volume 1,Total 3 volume 1,Total 4 volume 1,Total 5 volume 1,Total 6 volume 1
0,6.160605045081409e+17,8.976628196052142e+22,7.67830629749285e+17,1.7706017440084913e+18,3.233634602616556e+19,4.762711817377572e+20,2.297699848744568e+22,6.627752145243515e+22
