t(s),Total solute volume 1,Total retention volume 1,Total 1 volume 1,Total 2 volume 1,Total 3 volume 1,Total 4 volume 1,Total 5 volume 1,Total 6 volume 1
0,4.632802213684205e+19,3.9913557888762396e+23,1.098131415173949e+22,3.5085054935044953e+22,1.0262682516859481e+23,8.85216024401298e+22,7.845097606519344e+22,8.342347810478597e+22
