t(s),Total solute volume 1,Total retention volume 1,Total 1 volume 1,Total 2 volume 1,Total 3 volume 1,Total 4 volume 1,Total 5 volume 1,Total 6 volume 1
0,6.5666411056726936e+16,1.1085004460057701e+17,5203971956357368.0,5689972671683596.0,58845595768380.36,110458360178702.77,1545285430085652.5,3.2575099529779036e+16
