t(s),Total solute volume 1,Total retention volume 1,Total 1 volume 1,Total 2 volume 1,Total 3 volume 1,Total 4 volume 1,Total 5 volume 1,Total 6 volume 1
0,1.213101554250879e+17,1.2675214278352557e+20,2.046233060134811e+16,2.7452473202875316e+16,6.9297107591294536e+16,2.107815429847754e+17,4.785416261122744e+18,1.2151742291259903e+20
