t(s),Total solute volume 1,Total retention volume 1,Total 1 volume 1,Total 2 volume 1,Total 3 volume 1,Total 4 volume 1,Total 5 volume 1,Total 6 volume 1
0,1.4297083041559683e+17,1.0983556154707386e+21,2.9520321540870584e+16,4.183413466422628e+16,3.790827276239473e+17,2.2230437559824579e+18,6.116289182600149e+19,1.0343762718745311e+21
