t(s),Total solute volume 1,Total retention volume 1,Total 1 volume 1,Total 2 volume 1,Total 3 volume 1,Total 4 volume 1,Total 5 volume 1,Total 6 volume 1
0,1.0417779541760956e+19,1.546234854714243e+22,4.2060845695740917e+20,2.3786086414986547e+21,4.460054373353865e+21,2.0729601096224806e+21,1.5713953358967975e+21,4.5483038502715455e+21
