t(s),Total solute volume 1,Total retention volume 1,Total 1 volume 1,Total 2 volume 1,Total 3 volume 1,Total 4 volume 1,Total 5 volume 1,Total 6 volume 1
0,2.69227699570376e+18,1.3679061278916666e+21,2.0606897695457464e+19,7.758321800726443e+19,3.4729686267385414e+19,1.965135488253561e+20,2.59668290342495e+20,7.761122097580065e+20
