t(s),Total solute volume 1,Total retention volume 1,Total 1 volume 1,Total 2 volume 1,Total 3 volume 1,Total 4 volume 1,Total 5 volume 1,Total 6 volume 1
0,1.0417779541760956e+19,7.052824609878231e+21,4.2060845695740917e+20,2.3786086414986547e+21,1.5173400883723496e+21,6.81807005101967e+20,5.155812332265975e+20,1.528461405179509e+21
