t(s),Total solute volume 1,Total retention volume 1,Total 1 volume 1,Total 2 volume 1,Total 3 volume 1,Total 4 volume 1,Total 5 volume 1,Total 6 volume 1
0,2.1550923634800276e+18,5.395832069389738e+21,1.2543579337050872e+19,4.387601538914759e+19,8.08623295226468e+19,5.96899590661671e+20,1.1836594017696002e+21,3.4758360603461477e+21
