t(s),Total solute volume 1,Total retention volume 1,Total 1 volume 1,Total 2 volume 1,Total 3 volume 1,Total 4 volume 1,Total 5 volume 1,Total 6 volume 1
0,5.263409243820472e+16,5.62360171207161e+18,3176956375550943.0,3226718800086626.5,1.2201196289999248e+16,3.0076920601017416e+16,3.6697948246705446e+17,5.155306345099732e+18
