t(s),Total solute volume 1,Total retention volume 1,Total 1 volume 1,Total 2 volume 1,Total 3 volume 1,Total 4 volume 1,Total 5 volume 1,Total 6 volume 1
0,5.331000576703257e+17,2.827025029281003e+19,5.560848088934841e+17,1.2219752934206106e+18,1.0017050436958578e+16,5.47534044848133e+16,2.6598312002402074e+18,2.3234488477663638e+19
