t(s),Total solute volume 1,Total retention volume 1,Total 1 volume 1,Total 2 volume 1,Total 3 volume 1,Total 4 volume 1,Total 5 volume 1,Total 6 volume 1
0,4.6444135142887546e+17,5.576917171110521e+22,4.088535341100352e+17,8.58089529357151e+17,1.2224374663601324e+19,1.3072536450854627e+20,7.151233871457852e+21,4.847325671605962e+22
