t(s),Total solute volume 1,Total retention volume 1,Total 1 volume 1,Total 2 volume 1,Total 3 volume 1,Total 4 volume 1,Total 5 volume 1,Total 6 volume 1
0,4.071819960099205e+17,4.070577396059318e+22,3.048573828454969e+17,6.123728968341585e+17,7.462381253798601e+18,6.727596441187812e+19,3.5771399104380755e+21,3.705257129221337e+22
