t(s),Total solute volume 1,Total retention volume 1,Total 1 volume 1,Total 2 volume 1,Total 3 volume 1,Total 4 volume 1,Total 5 volume 1,Total 6 volume 1
0,6.197674773403082e+16,8.571744139111344e+16,4574148913662800.0,4905847431427061.0,27102588921306.074,49369363248994.78,660607459152241.6,1.3523617900669842e+16
