t(s),Total solute volume 1,Total retention volume 1,Total 1 volume 1,Total 2 volume 1,Total 3 volume 1,Total 4 volume 1,Total 5 volume 1,Total 6 volume 1
0,4.999990884535286e+16,5.6863322644952454e+17,2833151015773908.0,2828700406760327.0,1397839940330926.5,2381573190717919.5,2.709958894951093e+16,4.820924641010715e+17
