t(s),Total solute volume 1,Total retention volume 1,Total 1 volume 1,Total 2 volume 1,Total 3 volume 1,Total 4 volume 1,Total 5 volume 1,Total 6 volume 1
0,7.898873006952949e+16,4.710916234331593e+18,7857626411464600.0,9137075296732168.0,5617468231712013.0,1.2123644580351956e+16,1.9611470896073046e+17,4.401076980781091e+18
