t(s),Total solute volume 1,Total retention volume 1,Total 1 volume 1,Total 2 volume 1,Total 3 volume 1,Total 4 volume 1,Total 5 volume 1,Total 6 volume 1
0,1.122294944848212e+17,5.0919217905771296e+17,1.720192593325329e+16,2.2487444393871428e+16,238719628330384.66,589758070829645.4,1.2453673707662982e+16,3.439911628389415e+17
