t(s),Total solute volume 1,Total retention volume 1,Total 1 volume 1,Total 2 volume 1,Total 3 volume 1,Total 4 volume 1,Total 5 volume 1,Total 6 volume 1
0,1.7473117771507889e+18,1.3078414186380616e+23,7.856350728538216e+18,2.56333736483743e+19,6.849119456526428e+20,1.3253914723648857e+22,4.815543197134203e+22,6.865464618700682e+22
