t(s),Total solute volume 1,Total retention volume 1,Total 1 volume 1,Total 2 volume 1,Total 3 volume 1,Total 4 volume 1,Total 5 volume 1,Total 6 volume 1
0,3.184149623986931e+17,3.785727050118575e+22,1.761415583916261e+17,3.2597540298476077e+17,5.018034574288617e+18,6.098228876219968e+19,3.1505981691133816e+21,3.4639851476811092e+22
