t(s),Total solute volume 1,Total retention volume 1,Total 1 volume 1,Total 2 volume 1,Total 3 volume 1,Total 4 volume 1,Total 5 volume 1,Total 6 volume 1
0,4.756651887055506e+16,2.7865940968404716e+18,2534742031225772.5,2489019978208219.0,7370621232379009.0,1.5858812642431888e+16,1.7748767914169e+17,2.533286702943974e+18
