t(s),Total solute volume 1,Total retention volume 1,Total 1 volume 1,Total 2 volume 1,Total 3 volume 1,Total 4 volume 1,Total 5 volume 1,Total 6 volume 1
0,7.171273444608589e+17,9.226056659283132e+19,1.0775438795249249e+18,2.613815739480852e+18,6.911384650561115e+16,4.364659482662002e+17,1.512142509276893e+19,7.222507474182392e+19
