t(s),Total solute volume 1,Total retention volume 1,Total 1 volume 1,Total 2 volume 1,Total 3 volume 1,Total 4 volume 1,Total 5 volume 1,Total 6 volume 1
0,5.549106202873219e+16,5.854199489743768e+17,3574543289432606.5,3695067633789086.0,1193734945823149.5,2110408182992397.0,2.5986875982481584e+16,4.933682569111324e+17
