t(s),Total solute volume 1,Total retention volume 1,Total 1 volume 1,Total 2 volume 1,Total 3 volume 1,Total 4 volume 1,Total 5 volume 1,Total 6 volume 1
0,2.1550923634800276e+18,9.210505213046577e+21,1.2543579337050872e+19,4.387601538914759e+19,1.364397892560632e+20,1.0352604568159555e+21,2.0570988442640153e+21,5.923131435620678e+21
