t(s),Total solute volume 1,Total retention volume 1,Total 1 volume 1,Total 2 volume 1,Total 3 volume 1,Total 4 volume 1,Total 5 volume 1,Total 6 volume 1
0,1.4297083041559683e+17,7.34054711665584e+18,2.9520321540870584e+16,4.183413466422628e+16,3130267734125058.5,8787445135966253.0,2.2336246566452298e+17,6.890941651500515e+18
