t(s),Total solute volume 1,Total retention volume 1,Total 1 volume 1,Total 2 volume 1,Total 3 volume 1,Total 4 volume 1,Total 5 volume 1,Total 6 volume 1
0,5.549106202873219e+16,6.3227751248146456e+16,3574543289432606.5,3695067633789086.0,1078597816228.0636,1855699565990.331,22806637165094.605,441337361645057.06
