t(s),Total solute volume 1,Total retention volume 1,Total 1 volume 1,Total 2 volume 1,Total 3 volume 1,Total 4 volume 1,Total 5 volume 1,Total 6 volume 1
0,2.5417881604872016e+17,3.2273985024369927e+21,1.0655456735803997e+17,1.8292710984074672e+17,5.975045689263245e+17,2.642151979762081e+18,1.0401308640987524e+20,3.119602098985196e+21
