t(s),Total solute volume 1,Total retention volume 1,Total 1 volume 1,Total 2 volume 1,Total 3 volume 1,Total 4 volume 1,Total 5 volume 1,Total 6 volume 1
0,2.0660865705208714e+17,3.393230839662805e+20,6.711558540817307e+16,1.0753082620506754e+17,8.252211097323093e+16,2.897054094325706e+17,9.737890444218423e+18,3.2883171093299e+20
