t(s),Total solute volume 1,Total retention volume 1,Total 1 volume 1,Total 2 volume 1,Total 3 volume 1,Total 4 volume 1,Total 5 volume 1,Total 6 volume 1
0,4.388031255538536e+18,2.075332697886094e+23,6.12580002685351e+19,2.7044583928840307e+20,1.0023928844903405e+22,6.171329274509162e+22,6.014907692962247e+22,7.531087939817686e+22
