t(s),Total solute volume 1,Total retention volume 1,Total 1 volume 1,Total 2 volume 1,Total 3 volume 1,Total 4 volume 1,Total 5 volume 1,Total 6 volume 1
0,9.682243045823266e+16,1.3004606445050282e+17,1.2374155389646972e+16,1.5399323190154844e+16,4719488370890.455,10802219159093.066,203659941890364.94,5230973763047424.0
