t(s),Total solute volume 1,Total retention volume 1,Total 1 volume 1,Total 2 volume 1,Total 3 volume 1,Total 4 volume 1,Total 5 volume 1,Total 6 volume 1
0,1.314985697153493e+17,1.1966168225037689e+20,2.4495440733375292e+16,3.3758739075879256e+16,5.817329211500657e+16,1.736205691833424e+17,4.172211672343304e+18,1.1506792396721286e+20
