t(s),Total solute volume 1,Total retention volume 1,Total 1 volume 1,Total 2 volume 1,Total 3 volume 1,Total 4 volume 1,Total 5 volume 1,Total 6 volume 1
0,9.026506572834251e+16,3.064767812387946e+17,1.0582167792312242e+16,1.2864965809597988e+16,188776411133848.94,417233201245901.75,7454337828663431.0,1.847042344675022e+17
