t(s),Total solute volume 1,Total retention volume 1,Total 1 volume 1,Total 2 volume 1,Total 3 volume 1,Total 4 volume 1,Total 5 volume 1,Total 6 volume 1
0,1.4297083041559683e+17,1.1913205175167835e+21,2.9520321540870584e+16,4.183413466422628e+16,4.0320767315021254e+17,2.542164487799828e+18,7.078361571904755e+19,1.1173772043501691e+21
