t(s),Total solute volume 1,Total retention volume 1,Total 1 volume 1,Total 2 volume 1,Total 3 volume 1,Total 4 volume 1,Total 5 volume 1,Total 6 volume 1
0,1.874180731908145e+17,3.967103605636226e+19,5.399819431922016e+16,8.374842692958085e+16,1.1148214290667642e+16,3.604811579427923e+16,1.1245735457182019e+18,3.8174101486119805e+19
