t(s),Total solute volume 1,Total retention volume 1,Total 1 volume 1,Total 2 volume 1,Total 3 volume 1,Total 4 volume 1,Total 5 volume 1,Total 6 volume 1
0,2.5417881604872016e+17,9.941325678519584e+19,1.0655456735803997e+17,1.8292710984074672e+17,1.9431420349186744e+16,7.329355488229861e+16,2.850543519963487e+18,9.592632779675342e+19
