t(s),Total solute volume 1,Total retention volume 1,Total 1 volume 1,Total 2 volume 1,Total 3 volume 1,Total 4 volume 1,Total 5 volume 1,Total 6 volume 1
0,6.160605045081409e+17,2.689684284074212e+22,7.67830629749285e+17,1.7706017440084913e+18,1.2835495162189928e+19,9.894224110702864e+19,4.367013142451835e+21,2.241489746914275e+22
