t(s),Total solute volume 1,Total retention volume 1,Total 1 volume 1,Total 2 volume 1,Total 3 volume 1,Total 4 volume 1,Total 5 volume 1,Total 6 volume 1
0,1.874180731908145e+17,4.2830959882633525e+21,5.399819431922016e+16,8.374842692958085e+16,9.276883351927058e+17,7.034347511603018e+18,2.42295750859477e+20,4.032513036862624e+21
