t(s),Total solute volume 1,Total retention volume 1,Total 1 volume 1,Total 2 volume 1,Total 3 volume 1,Total 4 volume 1,Total 5 volume 1,Total 6 volume 1
0,1.7473117771507889e+18,4.40245410885371e+21,7.856350728538216e+18,2.56333736483743e+19,3.802770630309589e+19,3.093197150136119e+20,1.0120524241819271e+21,3.007817227201083e+21
