t(s),Total solute volume 1,Total retention volume 1,Total 1 volume 1,Total 2 volume 1,Total 3 volume 1,Total 4 volume 1,Total 5 volume 1,Total 6 volume 1
0,2.1550923634800276e+18,1.561539654307453e+23,1.2543579337050872e+19,4.387601538914759e+19,1.329296403245305e+21,2.514983576067644e+22,5.62504863106998e+22,7.33657722690318e+22
