t(s),Total solute volume 1,Total retention volume 1,Total 1 volume 1,Total 2 volume 1,Total 3 volume 1,Total 4 volume 1,Total 5 volume 1,Total 6 volume 1
0,1.7065136209902323e+17,7.382333270858323e+19,4.381099764971746e+16,6.585874551544885e+16,2.3972334007252136e+16,7.483836803223325e+16,2.178023673476305e+18,7.1266177227800986e+19
