t(s),Total solute volume 1,Total retention volume 1,Total 1 volume 1,Total 2 volume 1,Total 3 volume 1,Total 4 volume 1,Total 5 volume 1,Total 6 volume 1
0,4.756651887055506e+16,5.285878747102932e+16,2534742031225772.5,2489019978208219.0,812949443761.8741,1292394592866.0208,14108369067558.932,252292877936523.0
