t(s),Total solute volume 1,Total retention volume 1,Total 1 volume 1,Total 2 volume 1,Total 3 volume 1,Total 4 volume 1,Total 5 volume 1,Total 6 volume 1
0,8.434622358698939e+16,1.1774863994336045e+20,9096397638945638.0,1.0811486824468592e+16,9.483994552509288e+16,5.3314892824168877e+17,1.0202736109128511e+19,1.0681366085241351e+20
