t(s),Total solute volume 1,Total retention volume 1,Total 1 volume 1,Total 2 volume 1,Total 3 volume 1,Total 4 volume 1,Total 5 volume 1,Total 6 volume 1
0,1.1886142573461043e+18,1.6189744349693474e+23,3.3262845753212687e+18,9.547595689902217e+18,2.5578414856410258e+20,6.293872154059109e+21,7.236324055284146e+22,8.297048414695e+22
