t(s),Total solute volume 1,Total retention volume 1,Total 1 volume 1,Total 2 volume 1,Total 3 volume 1,Total 4 volume 1,Total 5 volume 1,Total 6 volume 1
0,2.286764682938004e+17,1.6289621558983155e+18,8.41666310503365e+16,1.3948910952252272e+17,256444043729735.2,911906076577921.5,3.2908596351623268e+16,1.142553000559738e+18
