t(s),Total solute volume 1,Total retention volume 1,Total 1 volume 1,Total 2 volume 1,Total 3 volume 1,Total 4 volume 1,Total 5 volume 1,Total 6 volume 1
0,1.7065136209902323e+17,3.9496309050729094e+17,4.381099764971746e+16,6.585874551544885e+16,37659212172826.445,115261506900716.4,3349790198980029.0,1.1113927432505192e+17
