t(s),Total solute volume 1,Total retention volume 1,Total 1 volume 1,Total 2 volume 1,Total 3 volume 1,Total 4 volume 1,Total 5 volume 1,Total 6 volume 1
0,6.5666411056726936e+16,9.607778629059976e+16,5203971956357369.0,5689972671683596.0,33499169912855.44,62859057319234.28,879361564914726.0,1.8541710813685864e+16
