t(s),Total solute volume 1,Total retention volume 1,Total 1 volume 1,Total 2 volume 1,Total 3 volume 1,Total 4 volume 1,Total 5 volume 1,Total 6 volume 1
0,1.4509118010472559e+19,6.974714950929016e+21,8.782046250079989e+20,5.232424008980733e+21,3.635306510167461e+20,1.2143264641857297e+20,9.129816494350357e+19,2.733157365509288e+20
