t(s),Total solute volume 1,Total retention volume 1,Total 1 volume 1,Total 2 volume 1,Total 3 volume 1,Total 4 volume 1,Total 5 volume 1,Total 6 volume 1
0,1.4509118010472559e+19,9.759759858508559e+22,8.782046250079989e+20,5.232424008980733e+21,3.43007252086984e+22,1.5989800475012008e+22,1.2363238839704468e+22,2.8818696309671333e+22
