t(s),Total solute volume 1,Total retention volume 1,Total 1 volume 1,Total 2 volume 1,Total 3 volume 1,Total 4 volume 1,Total 5 volume 1,Total 6 volume 1
0,7.898873006952949e+16,3.618048943293391e+18,7857626411464600.0,9137075296732168.0,4305532386418449.5,9191978545475858.0,1.4857431259451498e+17,3.359993687989247e+18
