t(s),Total solute volume 1,Total retention volume 1,Total 1 volume 1,Total 2 volume 1,Total 3 volume 1,Total 4 volume 1,Total 5 volume 1,Total 6 volume 1
0,5.549106202873219e+16,6.358155236003004e+16,3574543289432606.5,3695067633789086.0,1895596766729.8828,3261385006250.9434,40082630288061.1,775639796015515.4
