t(s),Total solute volume 1,Total retention volume 1,Total 1 volume 1,Total 2 volume 1,Total 3 volume 1,Total 4 volume 1,Total 5 volume 1,Total 6 volume 1
0,9.682243045823266e+16,1.0693678445166223e+19,1.2374155389646972e+16,1.5399323190154844e+16,9008735748522182.0,2.1461678809393924e+16,4.0578154607338726e+17,1.0132830575497052e+19
