t(s),Total solute volume 1,Total retention volume 1,Total 1 volume 1,Total 2 volume 1,Total 3 volume 1,Total 4 volume 1,Total 5 volume 1,Total 6 volume 1
0,9.026506572834251e+16,3.2930198629966735e+18,1.0582167792312242e+16,1.2864965809597988e+16,3094135520482258.0,6946904492097768.0,1.2425124640789122e+17,3.045015377245916e+18
