t(s),Total solute volume 1,Total retention volume 1,Total 1 volume 1,Total 2 volume 1,Total 3 volume 1,Total 4 volume 1,Total 5 volume 1,Total 6 volume 1
0,1.874180731908145e+17,4.476247974780398e+18,5.399819431922016e+16,8.374842692958085e+16,1179028150099205.0,3788789278889295.0,1.1814544999569698e+17,4.0279700129160596e+18
