t(s),Total solute volume 1,Total retention volume 1,Total 1 volume 1,Total 2 volume 1,Total 3 volume 1,Total 4 volume 1,Total 5 volume 1,Total 6 volume 1
0,1.433399386980134e+18,3.582718618676178e+22,5.050972524890161e+18,1.5430230570377775e+19,1.583436847917871e+20,1.6737943695590765e+21,9.66453577321599e+21,2.43085977567125e+22
