t(s),Total solute volume 1,Total retention volume 1,Total 1 volume 1,Total 2 volume 1,Total 3 volume 1,Total 4 volume 1,Total 5 volume 1,Total 6 volume 1
0,2.838052749429945e+17,2.4265718125832097e+21,1.3626480534992328e+17,2.426887464870655e+17,4.3502813588824083e+17,1.8767834524948308e+18,7.90186699041458e+19,2.3445785722638932e+21
