t(s),Total solute volume 1,Total retention volume 1,Total 1 volume 1,Total 2 volume 1,Total 3 volume 1,Total 4 volume 1,Total 5 volume 1,Total 6 volume 1
0,3.184149623986931e+17,2.1849334727916787e+21,1.761415583916261e+17,3.2597540298476077e+17,3.9469000390065875e+17,1.7522450911289623e+18,7.894592400181394e+19,2.10302008177106e+21
