t(s),Total solute volume 1,Total retention volume 1,Total 1 volume 1,Total 2 volume 1,Total 3 volume 1,Total 4 volume 1,Total 5 volume 1,Total 6 volume 1
0,1.7065136209902323e+17,4.2504381249455235e+19,4.381099764971746e+16,6.585874551544885e+16,1.3808892814304854e+16,4.274642365456281e+16,1.2433063368311444e+18,4.0924198490891e+19
