t(s),Total solute volume 1,Total retention volume 1,Total 1 volume 1,Total 2 volume 1,Total 3 volume 1,Total 4 volume 1,Total 5 volume 1,Total 6 volume 1
0,1.874180731908145e+17,3.9915334004048124e+21,5.399819431922016e+16,8.374842692958085e+16,8.799112000288909e+17,6.234925170806807e+18,2.122356179071825e+20,3.771857781432376e+21
