t(s),Total solute volume 1,Total retention volume 1,Total 1 volume 1,Total 2 volume 1,Total 3 volume 1,Total 4 volume 1,Total 5 volume 1,Total 6 volume 1
0,7.171273444608589e+17,1.4596240987146473e+21,1.0775438795249249e+18,2.613815739480852e+18,1.1376171506178822e+18,7.276773432650198e+18,2.5233120937291052e+20,1.194470011795001e+21
