t(s),Total solute volume 1,Total retention volume 1,Total 1 volume 1,Total 2 volume 1,Total 3 volume 1,Total 4 volume 1,Total 5 volume 1,Total 6 volume 1
0,4.632802213684205e+19,4.0224350249177764e+23,1.098131415173949e+22,3.5085054935044953e+22,1.0302452317699122e+23,8.963170482499012e+22,7.961610121791754e+22,8.385847616295993e+22
