t(s),Total solute volume 1,Total retention volume 1,Total 1 volume 1,Total 2 volume 1,Total 3 volume 1,Total 4 volume 1,Total 5 volume 1,Total 6 volume 1
0,4.071819960099205e+17,2.280246622000266e+19,3.048573828454969e+17,6.123728968341585e+17,4947591628996756.0,2.3619604026454184e+16,1.1782048992078994e+18,2.0271281849449734e+19
