t(s),Total solute volume 1,Total retention volume 1,Total 1 volume 1,Total 2 volume 1,Total 3 volume 1,Total 4 volume 1,Total 5 volume 1,Total 6 volume 1
0,1.4509118010472559e+19,1.2119608888731592e+22,8.782046250079989e+20,5.232424008980733e+21,2.5472176744134685e+21,8.66670745377654e+20,6.524456946803097e+20,1.928137022261046e+21
