t(s),Total solute volume 1,Total retention volume 1,Total 1 volume 1,Total 2 volume 1,Total 3 volume 1,Total 4 volume 1,Total 5 volume 1,Total 6 volume 1
0,1.433399386980134e+18,3.960652002178349e+19,5.050972524890161e+18,1.5430230570377775e+19,9.1407875692471e+16,7.294219353533663e+17,4.11652713877698e+18,1.275456058971239e+19
