t(s),Total solute volume 1,Total retention volume 1,Total 1 volume 1,Total 2 volume 1,Total 3 volume 1,Total 4 volume 1,Total 5 volume 1,Total 6 volume 1
0,1.213101554250879e+17,7.133514784689644e+17,2.046233060134811e+16,2.7452473202875316e+16,317461878086829.75,816243422613141.1,1.8295137824543544e+16,5.246976761144053e+17
