t(s),Total solute volume 1,Total retention volume 1,Total 1 volume 1,Total 2 volume 1,Total 3 volume 1,Total 4 volume 1,Total 5 volume 1,Total 6 volume 1
0,4.6444135142887546e+17,2.447390279214211e+21,4.0885353411003526e+17,8.580895293571511e+17,6.982096529897281e+17,3.670745336153262e+18,1.8587766289704396e+20,2.2554122769131236e+21
