t(s),Total solute volume 1,Total retention volume 1,Total 1 volume 1,Total 2 volume 1,Total 3 volume 1,Total 4 volume 1,Total 5 volume 1,Total 6 volume 1
0,5.549106202873219e+16,3.267395968733917e+18,3574543289432606.5,3695067633789086.0,6925500218223944.0,1.411346501252942e+16,1.7571132329527552e+17,3.0078850072559283e+18
