t(s),Total solute volume 1,Total retention volume 1,Total 1 volume 1,Total 2 volume 1,Total 3 volume 1,Total 4 volume 1,Total 5 volume 1,Total 6 volume 1
0,1.122294944848212e+17,2.6763982115473098e+17,1.720192593325329e+16,2.2487444393871428e+16,77335336150981.52,190970406335043.84,4032514141814578.5,1.114201364584859e+17
