t(s),Total solute volume 1,Total retention volume 1,Total 1 volume 1,Total 2 volume 1,Total 3 volume 1,Total 4 volume 1,Total 5 volume 1,Total 6 volume 1
0,4.388031255538536e+18,4.823154897514259e+22,6.12580002685351e+19,2.7044583928840333e+20,3.746043999947253e+21,1.0981501777185878e+22,9.603618851643938e+21,2.356429247555299e+22
