t(s),Total solute volume 1,Total retention volume 1,Total 1 volume 1,Total 2 volume 1,Total 3 volume 1,Total 4 volume 1,Total 5 volume 1,Total 6 volume 1
0,1.5593745071291005e+17,5.119030215873093e+18,3.5828426689998184e+16,5.226428756416006e+16,1853007786352547.2,5425830184848330.0,1.473068118042174e+17,4.720414401130512e+18
