t(s),Total solute volume 1,Total retention volume 1,Total 1 volume 1,Total 2 volume 1,Total 3 volume 1,Total 4 volume 1,Total 5 volume 1,Total 6 volume 1
0,7.301727964015883e+19,1.5543676041864022e+23,2.7111952799558177e+22,4.446286275392808e+22,3.6648024552677566e+22,1.2960117455052656e+22,9.943911226095023e+21,2.4236874351686445e+22
