t(s),Total solute volume 1,Total retention volume 1,Total 1 volume 1,Total 2 volume 1,Total 3 volume 1,Total 4 volume 1,Total 5 volume 1,Total 6 volume 1
0,2.1550923634800276e+18,1.1973479562666125e+22,1.2543579337050872e+19,4.387601538914759e+19,1.7557994598692733e+20,1.3589504977372685e+21,2.704332986051216e+21,7.676041445801102e+21
