t(s),Total solute volume 1,Total retention volume 1,Total 1 volume 1,Total 2 volume 1,Total 3 volume 1,Total 4 volume 1,Total 5 volume 1,Total 6 volume 1
0,7.412634750021373e+16,2.9276587706854035e+17,6819284532587501.0,7763492501330356.0,282604869312575.3,565561764586574.1,8685886503833338.0,1.9452269939666832e+17
