t(s),Total solute volume 1,Total retention volume 1,Total 1 volume 1,Total 2 volume 1,Total 3 volume 1,Total 4 volume 1,Total 5 volume 1,Total 6 volume 1
0,9.682243045823266e+16,1.27531896252743e+18,1.2374155389646972e+16,1.5399323190154844e+16,994739050171192.2,2286676474369828.0,4.312492185933489e+16,1.1043167161055241e+18
