t(s),Total solute volume 1,Total retention volume 1,Total 1 volume 1,Total 2 volume 1,Total 3 volume 1,Total 4 volume 1,Total 5 volume 1,Total 6 volume 1
0,1.433399386980134e+18,3.677655914399736e+21,5.050972524890161e+18,1.5430230570377775e+19,1.858452599764453e+19,1.5267466419513678e+20,8.633986360583497e+20,2.621083485666315e+21
