t(s),Total solute volume 1,Total retention volume 1,Total 1 volume 1,Total 2 volume 1,Total 3 volume 1,Total 4 volume 1,Total 5 volume 1,Total 6 volume 1
0,6.9702016393038264e+16,5.259941665337547e+18,5944515532356725.0,6630186019767457.0,7713864956272228.0,1.636710807311569e+16,2.413360771757179e+17,4.91224789718732e+18
