t(s),Total solute volume 1,Total retention volume 1,Total 1 volume 1,Total 2 volume 1,Total 3 volume 1,Total 4 volume 1,Total 5 volume 1,Total 6 volume 1
0,2.69227699570376e+18,1.2785477682258184e+23,2.0606897695457464e+19,7.758321800726443e+19,2.1827407807346662e+21,2.656860949744623e+22,3.819543408878016e+22,6.080711006292405e+22
