t(s),Total solute volume 1,Total retention volume 1,Total 1 volume 1,Total 2 volume 1,Total 3 volume 1,Total 4 volume 1,Total 5 volume 1,Total 6 volume 1
0,3.5908603530687936e+17,1.399156441939867e+21,2.3031334757874176e+17,4.4365248646884774e+17,2.7398812865868912e+17,1.2582435274257183e+18,6.015777593236757e+19,1.33643338248206e+21
