t(s),Total solute volume 1,Total retention volume 1,Total 1 volume 1,Total 2 volume 1,Total 3 volume 1,Total 4 volume 1,Total 5 volume 1,Total 6 volume 1
0,3.41080351854199e+18,2.2809563457740698e+23,3.4926673833597542e+19,1.42115214248461e+20,5.401014269861205e+21,6.432367610354749e+22,7.57741830617685e+22,8.241630845063321e+22
