t(s),Total solute volume 1,Total retention volume 1,Total 1 volume 1,Total 2 volume 1,Total 3 volume 1,Total 4 volume 1,Total 5 volume 1,Total 6 volume 1
0,8.434622358698939e+16,1.123179806669673e+20,9096397638945638.0,1.0811486824468592e+16,9.176431441173562e+16,4.898668693253595e+17,9.277677988408345e+18,1.0235441738677336e+20
