t(s),Total solute volume 1,Total retention volume 1,Total 1 volume 1,Total 2 volume 1,Total 3 volume 1,Total 4 volume 1,Total 5 volume 1,Total 6 volume 1
0,6.9702016393038264e+16,5.091513611809069e+19,5944515532356725.0,6630186019767457.0,5.605380960176166e+16,3.042287357271084e+17,5.096304076924453e+18,4.537627277789184e+19
