t(s),Total solute volume 1,Total retention volume 1,Total 1 volume 1,Total 2 volume 1,Total 3 volume 1,Total 4 volume 1,Total 5 volume 1,Total 6 volume 1
0,2.838052749429945e+17,8.346752806265272e+20,1.3626480534992328e+17,2.426887464870655e+17,1.5271035755221088e+17,6.23836421786851e+17,2.615988265529685e+19,8.070760923651113e+20
