t(s),Total solute volume 1,Total retention volume 1,Total 1 volume 1,Total 2 volume 1,Total 3 volume 1,Total 4 volume 1,Total 5 volume 1,Total 6 volume 1
0,1.5593745071291005e+17,4.59425077010913e+19,3.5828426689998184e+16,5.226428756416006e+16,1.7257529243077362e+16,5.137973717694874e+16,1.3965511666738604e+18,4.4233289103030714e+19
