t(s),Total solute volume 1,Total retention volume 1,Total 1 volume 1,Total 2 volume 1,Total 3 volume 1,Total 4 volume 1,Total 5 volume 1,Total 6 volume 1
0,9.954516368711946e+17,1.4420345234970965e+23,2.2394775286774456e+18,6.059472535941418e+18,1.4780839441862977e+20,3.2442771443373315e+21,6.097059810042074e+22,7.983147430883191e+22
