t(s),Total solute volume 1,Total retention volume 1,Total 1 volume 1,Total 2 volume 1,Total 3 volume 1,Total 4 volume 1,Total 5 volume 1,Total 6 volume 1
0,1.213101554250879e+17,5.3718523370718305e+20,2.046233060134811e+16,2.7452473202875316e+16,2.4247883722436627e+17,1.3645066125546278e+18,3.334417677086767e+19,5.02064846527291e+20
