t(s),Total solute volume 1,Total retention volume 1,Total 1 volume 1,Total 2 volume 1,Total 3 volume 1,Total 4 volume 1,Total 5 volume 1,Total 6 volume 1
0,2.0660865705208714e+17,7.337964127231142e+21,6.711558540817307e+16,1.0753082620506754e+17,1.341607673183186e+18,1.2091252226055856e+19,4.585870396704117e+20,6.865562972592825e+21
