t(s),Total solute volume 1,Total retention volume 1,Total 1 volume 1,Total 2 volume 1,Total 3 volume 1,Total 4 volume 1,Total 5 volume 1,Total 6 volume 1
0,4.756651887055506e+16,1.8335631112015344e+17,2534742031225772.5,2489019978208219.0,393653564772051.06,634648763524638.0,6934928425853946.0,1.2280279948601422e+17
