t(s),Total solute volume 1,Total retention volume 1,Total 1 volume 1,Total 2 volume 1,Total 3 volume 1,Total 4 volume 1,Total 5 volume 1,Total 6 volume 1
0,9.026506572834251e+16,1.4919747462229112e+18,1.0582167792312242e+16,1.2864965809597988e+16,1346398762264542.0,2994399517076405.5,5.3521592982796e+16,1.3204001556305347e+18
