t(s),Total solute volume 1,Total retention volume 1,Total 1 volume 1,Total 2 volume 1,Total 3 volume 1,Total 4 volume 1,Total 5 volume 1,Total 6 volume 1
0,5.331000576703257e+17,8.651877354356827e+18,5.560848088934841e+17,1.2219752934206106e+18,2446979960082559.5,1.3372357428325372e+16,6.49597585221953e+17,5.67530027176204e+18
