t(s),Total solute volume 1,Total retention volume 1,Total 1 volume 1,Total 2 volume 1,Total 3 volume 1,Total 4 volume 1,Total 5 volume 1,Total 6 volume 1
0,7.171273444608589e+17,3.156012225310001e+22,1.0775438795249249e+18,2.613815739480852e+18,2.1537800941611835e+19,1.8268606758260267e+20,6.48416060131549e+21,2.486732929629658e+22
