t(s),Total solute volume 1,Total retention volume 1,Total 1 volume 1,Total 2 volume 1,Total 3 volume 1,Total 4 volume 1,Total 5 volume 1,Total 6 volume 1
0,6.160605045081409e+17,1.137814221241584e+23,7.67830629749285e+17,1.7706017440084913e+18,3.675068357209121e+19,6.818554462155755e+20,3.4651678753503568e+22,7.840798274798754e+22
