t(s),Total solute volume 1,Total retention volume 1,Total 1 volume 1,Total 2 volume 1,Total 3 volume 1,Total 4 volume 1,Total 5 volume 1,Total 6 volume 1
0,3.184149623986931e+17,3.926376162671995e+22,1.761415583916261e+17,3.2597540298476077e+17,5.140993433068356e+18,6.550315949537137e+19,3.422490681667361e+21,3.57698062601996e+22
