t(s),Total solute volume 1,Total retention volume 1,Total 1 volume 1,Total 2 volume 1,Total 3 volume 1,Total 4 volume 1,Total 5 volume 1,Total 6 volume 1
0,1.122294944848212e+17,3.0732972708752355e+19,1.720192593325329e+16,2.2487444393871428e+16,1.99808605427192e+16,5.227401400481557e+16,1.1084008920698117e+18,2.940039807732352e+19
