t(s),Total solute volume 1,Total retention volume 1,Total 1 volume 1,Total 2 volume 1,Total 3 volume 1,Total 4 volume 1,Total 5 volume 1,Total 6 volume 1
0,2.073332087427378e+19,3.0644631361482493e+23,1.9346913512456716e+21,1.1315073985465211e+22,8.79432520470557e+22,7.012182854832335e+22,5.992576441981327e+22,7.518496994204898e+22
