t(s),Total solute volume 1,Total retention volume 1,Total 1 volume 1,Total 2 volume 1,Total 3 volume 1,Total 4 volume 1,Total 5 volume 1,Total 6 volume 1
0,2.073332087427378e+19,3.277796733494208e+23,1.9346913512456716e+21,1.1315073985465211e+22,9.108872207219107e+22,7.74808073067477e+22,6.7192888353330695e+22,7.874675695957231e+22
