t(s),Total solute volume 1,Total retention volume 1,Total 1 volume 1,Total 2 volume 1,Total 3 volume 1,Total 4 volume 1,Total 5 volume 1,Total 6 volume 1
0,7.654339330001997e+18,2.46385718871112e+23,2.1174029546635192e+20,1.1075853577564208e+21,3.6344753568374548e+22,7.068740709103105e+22,6.184975122956639e+22,7.617682698959136e+22
