t(s),Total solute volume 1,Total retention volume 1,Total 1 volume 1,Total 2 volume 1,Total 3 volume 1,Total 4 volume 1,Total 5 volume 1,Total 6 volume 1
0,6.197674773403082e+16,2.1984207491732406e+18,4574148913662800.0,4905847431427061.0,3937814482340246.0,7659607615500216.0,1.0297897427160368e+17,2.0123876087246072e+18
