t(s),Total solute volume 1,Total retention volume 1,Total 1 volume 1,Total 2 volume 1,Total 3 volume 1,Total 4 volume 1,Total 5 volume 1,Total 6 volume 1
0,5.263409243820472e+16,6.631865949647657e+18,3176956375550943.0,3226718800086626.5,1.4053230494245632e+16,3.731703568758289e+16,4.590736320110987e+17,6.062384283840884e+18
