t(s),Total solute volume 1,Total retention volume 1,Total 1 volume 1,Total 2 volume 1,Total 3 volume 1,Total 4 volume 1,Total 5 volume 1,Total 6 volume 1
0,9.026506572834251e+16,7.50331512210325e+19,1.0582167792312242e+16,1.2864965809597988e+16,6.321677455903614e+16,2.110761518262888e+17,3.9102341608776125e+18,7.073491193443908e+19
