t(s),Total solute volume 1,Total retention volume 1,Total 1 volume 1,Total 2 volume 1,Total 3 volume 1,Total 4 volume 1,Total 5 volume 1,Total 6 volume 1
0,3.049370426842634e+19,3.365198482125839e+23,4.502339012740615e+21,2.2082334505202914e+22,9.488196801617026e+22,7.409579886129649e+22,6.378845010586442e+22,7.713846400704362e+22
