t(s),Total solute volume 1,Total retention volume 1,Total 1 volume 1,Total 2 volume 1,Total 3 volume 1,Total 4 volume 1,Total 5 volume 1,Total 6 volume 1
0,4.756651887055506e+16,5.294623966244817e+16,2534742031225772.5,2489019978208219.0,1077721702657.5508,1713335040898.2085,18703559276427.754,334464166439384.75
