t(s),Total solute volume 1,Total retention volume 1,Total 1 volume 1,Total 2 volume 1,Total 3 volume 1,Total 4 volume 1,Total 5 volume 1,Total 6 volume 1
0,9.682243045823266e+16,2.513240436753989e+20,1.2374155389646972e+16,1.5399323190154844e+16,1.5361706962803904e+17,1.0633049988297023e+18,2.3334091628355596e+19,2.2664843406954296e+20
