t(s),Total solute volume 1,Total retention volume 1,Total 1 volume 1,Total 2 volume 1,Total 3 volume 1,Total 4 volume 1,Total 5 volume 1,Total 6 volume 1
0,3.41080351854199e+18,3.8963288105579514e+21,3.4926673833597542e+19,1.42115214248461e+20,1.834517037993425e+20,7.109788531362886e+20,7.136438872319615e+20,2.1078016747898135e+21
