t(s),Total solute volume 1,Total retention volume 1,Total 1 volume 1,Total 2 volume 1,Total 3 volume 1,Total 4 volume 1,Total 5 volume 1,Total 6 volume 1
0,2.5417881604872016e+17,1.6662353795025165e+22,1.0655456735803997e+17,1.8292710984074672e+17,2.4381518653234115e+18,2.3893166139012366e+19,1.0462280084242924e+21,1.558925080810342e+22
