t(s),Total solute volume 1,Total retention volume 1,Total 1 volume 1,Total 2 volume 1,Total 3 volume 1,Total 4 volume 1,Total 5 volume 1,Total 6 volume 1
0,4.388031255538536e+18,2.3924076404598892e+22,6.12580002685351e+19,2.704458392884034e+20,2.0009109640512398e+21,5.12007588172163e+21,4.425121407107273e+21,1.2041876280906286e+22
