t(s),Total solute volume 1,Total retention volume 1,Total 1 volume 1,Total 2 volume 1,Total 3 volume 1,Total 4 volume 1,Total 5 volume 1,Total 6 volume 1
0,1.433399386980134e+18,1.0852768744348238e+23,5.050972524890161e+18,1.5430230570377775e+19,3.5653807086712645e+20,6.351356245120793e+21,3.920726865862499e+22,6.259060986638717e+22
