t(s),Total solute volume 1,Total retention volume 1,Total 1 volume 1,Total 2 volume 1,Total 3 volume 1,Total 4 volume 1,Total 5 volume 1,Total 6 volume 1
0,6.160605045081409e+17,1.0834633589083369e+23,7.67830629749285e+17,1.7706017440084913e+18,3.5872529793643962e+19,6.328682221890349e+20,3.175807020813247e+22,7.591637043783964e+22
