t(s),Total solute volume 1,Total retention volume 1,Total 1 volume 1,Total 2 volume 1,Total 3 volume 1,Total 4 volume 1,Total 5 volume 1,Total 6 volume 1
0,5.263409243820472e+16,8.721026325895863e+18,3176956375550944.0,3226718800086626.5,1.7585554289101764e+16,5.47607723170754e+16,6.873225335697486e+17,7.902319698106163e+18
