t(s),Total solute volume 1,Total retention volume 1,Total 1 volume 1,Total 2 volume 1,Total 3 volume 1,Total 4 volume 1,Total 5 volume 1,Total 6 volume 1
0,4.632802213684205e+19,4.985819061279036e+22,1.098131415173949e+22,3.5085054935044953e+22,1.7972243358253892e+21,4.8906757963266726e+20,3.6712722052853504e+20,1.0920743678837765e+21
