t(s),Total solute volume 1,Total retention volume 1,Total 1 volume 1,Total 2 volume 1,Total 3 volume 1,Total 4 volume 1,Total 5 volume 1,Total 6 volume 1
0,4.388031255538536e+18,2.4951134985531615e+23,6.12580002685351e+19,2.7044583928840346e+20,1.0809777831202464e+22,7.718032179563082e+22,7.794483120237191e+22,8.324032715529551e+22
