t(s),Total solute volume 1,Total retention volume 1,Total 1 volume 1,Total 2 volume 1,Total 3 volume 1,Total 4 volume 1,Total 5 volume 1,Total 6 volume 1
0,1.0410857772626118e+17,7.121242174610318e+19,1.4548167332142294e+16,1.8548032395571572e+16,5.0329288820092184e+16,1.4528369402565232e+17,2.940016505654052e+18,6.793958748014918e+19
