t(s),Total solute volume 1,Total retention volume 1,Total 1 volume 1,Total 2 volume 1,Total 3 volume 1,Total 4 volume 1,Total 5 volume 1,Total 6 volume 1
0,5.263409243820472e+16,3.573223302052154e+17,3176956375550943.0,3226718800086626.5,749846594046683.0,1280808224624701.5,1.5135240786742644e+16,2.8111866698595907e+17
