t(s),Total solute volume 1,Total retention volume 1,Total 1 volume 1,Total 2 volume 1,Total 3 volume 1,Total 4 volume 1,Total 5 volume 1,Total 6 volume 1
0,5.549106202873219e+16,7.493631987196957e+17,3574543289432606.5,3695067633789086.0,1562792282053842.8,2786637559365228.5,3.4334910199618544e+16,6.479181857266956e+17
