t(s),Total solute volume 1,Total retention volume 1,Total 1 volume 1,Total 2 volume 1,Total 3 volume 1,Total 4 volume 1,Total 5 volume 1,Total 6 volume 1
0,1.7473117771507889e+18,1.66673186740141e+23,7.856350728538216e+18,2.56333736483743e+19,7.673451364317816e+20,1.8014912070726516e+22,6.822553353640941e+22,7.96301589604213e+22
