t(s),Total solute volume 1,Total retention volume 1,Total 1 volume 1,Total 2 volume 1,Total 3 volume 1,Total 4 volume 1,Total 5 volume 1,Total 6 volume 1
0,7.301727964015883e+19,4.288680058149203e+23,2.7111952799558177e+22,4.446286275392808e+22,1.0370658322087147e+23,8.980026802319611e+22,7.979045923706921e+22,8.392286250066032e+22
