t(s),Total solute volume 1,Total retention volume 1,Total 1 volume 1,Total 2 volume 1,Total 3 volume 1,Total 4 volume 1,Total 5 volume 1,Total 6 volume 1
0,6.197674773403082e+16,3.088715640082558e+17,4574148913662800.0,4905847431427061.0,449952214880317.1,825289930993789.6,1.1048458345248356e+16,2.2509111943800608e+17
