t(s),Total solute volume 1,Total retention volume 1,Total 1 volume 1,Total 2 volume 1,Total 3 volume 1,Total 4 volume 1,Total 5 volume 1,Total 6 volume 1
0,5.74157916659942e+18,1.1722898079072926e+21,1.1155733650881687e+20,5.3600706402624864e+20,8.455343082992278e+19,1.0436065931748576e+20,8.26302625712237e+19,2.474394754870062e+20
