t(s),Total solute volume 1,Total retention volume 1,Total 1 volume 1,Total 2 volume 1,Total 3 volume 1,Total 4 volume 1,Total 5 volume 1,Total 6 volume 1
0,8.434622358698939e+16,1.7722238717819894e+18,9096397638945638.0,1.0811486824468592e+16,1832700281460493.2,3955665408506575.5,6.713590275915619e+16,1.5950454952824768e+18
