t(s),Total solute volume 1,Total retention volume 1,Total 1 volume 1,Total 2 volume 1,Total 3 volume 1,Total 4 volume 1,Total 5 volume 1,Total 6 volume 1
0,4.6444135142887546e+17,8.094283758039172e+22,4.088535341100352e+17,8.58089529357151e+17,1.5640168511338312e+19,2.4115409722977767e+20,1.418207054140449e+22,6.650224138883092e+22
