t(s),Total solute volume 1,Total retention volume 1,Total 1 volume 1,Total 2 volume 1,Total 3 volume 1,Total 4 volume 1,Total 5 volume 1,Total 6 volume 1
0,4.6444135142887546e+17,6.0811591698865375e+22,4.088535341100352e+17,8.58089529357151e+17,1.3003829277328404e+19,1.4951614815894838e+20,8.27748463999769e+21,5.2369855697018195e+22
