t(s),Total solute volume 1,Total retention volume 1,Total 1 volume 1,Total 2 volume 1,Total 3 volume 1,Total 4 volume 1,Total 5 volume 1,Total 6 volume 1
0,1.0417779541760956e+19,3.040601832402207e+23,4.2060845695740917e+20,2.3786086414986547e+21,6.112538742435892e+22,8.397056678767238e+22,7.433621544898164e+22,8.181837870121577e+22
