t(s),Total solute volume 1,Total retention volume 1,Total 1 volume 1,Total 2 volume 1,Total 3 volume 1,Total 4 volume 1,Total 5 volume 1,Total 6 volume 1
0,1.213101554250879e+17,3.38645020922539e+20,2.046233060134811e+16,2.7452473202875316e+16,1.6744070888354317e+17,6.886125292105919e+17,1.6106959146529686e+19,3.215127835786913e+20
