t(s),Total solute volume 1,Total retention volume 1,Total 1 volume 1,Total 2 volume 1,Total 3 volume 1,Total 4 volume 1,Total 5 volume 1,Total 6 volume 1
0,1.4509118010472559e+19,3.417173496383812e+23,8.782046250079989e+20,5.232424008980733e+21,8.295435033191232e+22,8.93235662854188e+22,7.949908094464436e+22,8.3815214324409e+22
