t(s),Total solute volume 1,Total retention volume 1,Total 1 volume 1,Total 2 volume 1,Total 3 volume 1,Total 4 volume 1,Total 5 volume 1,Total 6 volume 1
0,1.0417779541760956e+19,3.136497307334404e+23,4.2060845695740917e+20,2.3786086414986547e+21,6.193894442708383e+22,8.754629870087572e+22,7.80737745792646e+22,8.328107814822068e+22
