t(s),Total solute volume 1,Total retention volume 1,Total 1 volume 1,Total 2 volume 1,Total 3 volume 1,Total 4 volume 1,Total 5 volume 1,Total 6 volume 1
0,1.122294944848212e+17,4.634061103048403e+18,1.720192593325329e+16,2.2487444393871428e+16,2985629252735598.5,7433614181455486.0,1.5705793009460707e+17,4.3146650647075584e+18
