t(s),Total solute volume 1,Total retention volume 1,Total 1 volume 1,Total 2 volume 1,Total 3 volume 1,Total 4 volume 1,Total 5 volume 1,Total 6 volume 1
0,1.213101554250879e+17,6.870821911099052e+20,2.046233060134811e+16,2.7452473202875316e+16,2.8940626899841344e+17,2.1159789031650004e+18,5.441410145357401e+19,6.300934795249227e+20
