t(s),Total solute volume 1,Total retention volume 1,Total 1 volume 1,Total 2 volume 1,Total 3 volume 1,Total 4 volume 1,Total 5 volume 1,Total 6 volume 1
0,3.049370426842634e+19,3.462692972712341e+23,4.502339012740615e+21,2.2082334505202914e+22,9.634920005576274e+22,7.745596337748608e+22,6.713070487474147e+22,7.871826174102823e+22
