t(s),Total solute volume 1,Total retention volume 1,Total 1 volume 1,Total 2 volume 1,Total 3 volume 1,Total 4 volume 1,Total 5 volume 1,Total 6 volume 1
0,4.388031255538536e+18,1.4451923796811928e+22,6.12580002685351e+19,2.7044583928840343e+20,1.236475372948555e+21,2.9971072159694853e+21,2.5793475819695474e+21,7.302901755111903e+21
