t(s),Total solute volume 1,Total retention volume 1,Total 1 volume 1,Total 2 volume 1,Total 3 volume 1,Total 4 volume 1,Total 5 volume 1,Total 6 volume 1
0,2.69227699570376e+18,5.1310251425281986e+20,2.0606897695457464e+19,7.758321800726443e+19,1.1338659125126322e+19,6.378665947833182e+19,8.425187706990741e+19,2.5284292588102946e+20
