t(s),Total solute volume 1,Total retention volume 1,Total 1 volume 1,Total 2 volume 1,Total 3 volume 1,Total 4 volume 1,Total 5 volume 1,Total 6 volume 1
0,1.314985697153493e+17,2.3992190264383114e+17,2.4495440733375292e+16,3.3758739075879256e+16,25466487148178.76,68196943008808.89,1625755651651109.2,4.8449734037424136e+16
