t(s),Total solute volume 1,Total retention volume 1,Total 1 volume 1,Total 2 volume 1,Total 3 volume 1,Total 4 volume 1,Total 5 volume 1,Total 6 volume 1
0,1.5593745071291005e+17,7.192883589245172e+20,3.5828426689998184e+16,5.226428756416006e+16,2.4497842022567334e+17,9.698416734580411e+17,2.699309199105385e+19,6.908364166748155e+20
