t(s),Total solute volume 1,Total retention volume 1,Total 1 volume 1,Total 2 volume 1,Total 3 volume 1,Total 4 volume 1,Total 5 volume 1,Total 6 volume 1
0,8.434622358698939e+16,1.2885068454316746e+17,9096397638945638.0,1.0811486824468592e+16,27154385419101.96,57916856730713.37,982151733637696.0,2.3529353516974964e+16
