t(s),Total solute volume 1,Total retention volume 1,Total 1 volume 1,Total 2 volume 1,Total 3 volume 1,Total 4 volume 1,Total 5 volume 1,Total 6 volume 1
0,6.5666411056726936e+16,1.7800609709331763e+18,5203971956357369.0,5689972671683596.0,2877671586285115.0,5618664883887633.0,7.882433360498253e+16,1.6161799451732406e+18
