t(s),Total solute volume 1,Total retention volume 1,Total 1 volume 1,Total 2 volume 1,Total 3 volume 1,Total 4 volume 1,Total 5 volume 1,Total 6 volume 1
0,9.026506572834251e+16,7.353469345257801e+18,1.0582167792312242e+16,1.2864965809597988e+16,6986531177342326.0,1.6025917826994116e+16,2.8707774716098432e+17,6.929666949762017e+18
