t(s),Total solute volume 1,Total retention volume 1,Total 1 volume 1,Total 2 volume 1,Total 3 volume 1,Total 4 volume 1,Total 5 volume 1,Total 6 volume 1
0,4.999990884535286e+16,1.9002152910797207e+18,2833151015773908.0,2828700406760326.5,4805074122397342.0,9186758734423418.0,1.0547452446726032e+17,1.725087173487762e+18
