t(s),Total solute volume 1,Total retention volume 1,Total 1 volume 1,Total 2 volume 1,Total 3 volume 1,Total 4 volume 1,Total 5 volume 1,Total 6 volume 1
0,5.263409243820472e+16,1.5432731856954227e+18,3176956375550944.5,3226718800086626.5,3614588558196780.5,6687828316576823.0,7.950001618623878e+16,1.3944329850205683e+18
