t(s),Total solute volume 1,Total retention volume 1,Total 1 volume 1,Total 2 volume 1,Total 3 volume 1,Total 4 volume 1,Total 5 volume 1,Total 6 volume 1
0,5.74157916659942e+18,7.80280787236395e+20,1.1155733650881687e+20,5.3600706402624864e+20,2.0710402891235766e+19,2.5509025991887393e+19,2.01945150750059e+19,6.056086357660093e+19
