t(s),Total solute volume 1,Total retention volume 1,Total 1 volume 1,Total 2 volume 1,Total 3 volume 1,Total 4 volume 1,Total 5 volume 1,Total 6 volume 1
0,5.263409243820472e+16,1.2250693541212269e+19,3176956375550944.0,3226718800086626.5,2.267322374129598e+16,9.397845994579538e+16,1.2358840816116854e+18,1.0839120008299741e+19
