t(s),Total solute volume 1,Total retention volume 1,Total 1 volume 1,Total 2 volume 1,Total 3 volume 1,Total 4 volume 1,Total 5 volume 1,Total 6 volume 1
0,6.197674773403082e+16,7.270794357101633e+18,4574148913662800.0,4905847431427061.0,1.2538680598839714e+16,2.866629942228378e+16,3.9051722008250304e+17,6.76761541291879e+18
