t(s),Total solute volume 1,Total retention volume 1,Total 1 volume 1,Total 2 volume 1,Total 3 volume 1,Total 4 volume 1,Total 5 volume 1,Total 6 volume 1
0,1.314985697153493e+17,9.433214348885147e+20,2.4495440733375292e+16,3.3758739075879256e+16,3.525717167662514e+17,2.503760699109188e+18,6.744066640803133e+19,8.72834683315085e+20
