t(s),Total solute volume 1,Total retention volume 1,Total 1 volume 1,Total 2 volume 1,Total 3 volume 1,Total 4 volume 1,Total 5 volume 1,Total 6 volume 1
0,7.654339330001997e+18,2.849712053253405e+23,2.1174029546635166e+20,1.1075853577564208e+21,3.870715989922643e+22,8.525494653995604e+22,7.686394089762952e+22,8.281817799597604e+22
