t(s),Total solute volume 1,Total retention volume 1,Total 1 volume 1,Total 2 volume 1,Total 3 volume 1,Total 4 volume 1,Total 5 volume 1,Total 6 volume 1
0,1.7065136209902323e+17,4.323016801042694e+17,4.381099764971746e+16,6.585874551544885e+16,49924520440556.93,152802805767173.25,4440838167694452.0,1.4733700934618048e+17
