t(s),Total solute volume 1,Total retention volume 1,Total 1 volume 1,Total 2 volume 1,Total 3 volume 1,Total 4 volume 1,Total 5 volume 1,Total 6 volume 1
0,4.632802213684205e+19,1.648349001624879e+23,1.098131415173949e+22,3.5085054935044953e+22,4.938327628977997e+22,1.985145375166332e+22,1.5420675945296585e+22,3.4066797066828172e+22
