t(s),Total solute volume 1,Total retention volume 1,Total 1 volume 1,Total 2 volume 1,Total 3 volume 1,Total 4 volume 1,Total 5 volume 1,Total 6 volume 1
0,1.4297083041559683e+17,2.73643921951852e+17,2.9520321540870584e+16,4.183413466422628e+16,26100423431660.605,72956400459924.72,1853876723013384.5,5.736570178425629e+16
