t(s),Total solute volume 1,Total retention volume 1,Total 1 volume 1,Total 2 volume 1,Total 3 volume 1,Total 4 volume 1,Total 5 volume 1,Total 6 volume 1
0,4.388031255538536e+18,4.617512922650733e+20,6.12580002685351e+19,2.704458392884031e+20,1.1547006661839225e+19,2.580780623965741e+19,2.2079781799768367e+19,6.622482675132624e+19
