t(s),Total solute volume 1,Total retention volume 1,Total 1 volume 1,Total 2 volume 1,Total 3 volume 1,Total 4 volume 1,Total 5 volume 1,Total 6 volume 1
0,1.1999214403838304e+20,3.2944966307505636e+23,6.152497233576406e+22,4.870349495676086e+22,7.914109626701746e+22,4.461557716820714e+22,3.6271218714890388e+22,5.907331148838017e+22
