t(s),Total solute volume 1,Total retention volume 1,Total 1 volume 1,Total 2 volume 1,Total 3 volume 1,Total 4 volume 1,Total 5 volume 1,Total 6 volume 1
0,2.073332087427378e+19,1.7069324003144194e+23,1.9346913512456716e+21,1.1315073985465211e+22,5.876674650780514e+22,2.964306632820132e+22,2.3454654425794278e+22,4.5558274112055e+22
