t(s),Total solute volume 1,Total retention volume 1,Total 1 volume 1,Total 2 volume 1,Total 3 volume 1,Total 4 volume 1,Total 5 volume 1,Total 6 volume 1
0,4.999990884535286e+16,5.934729166162399e+18,2833151015773908.0,2828700406760327.0,1.344091406927249e+16,3.722270262231831e+16,4.437945310186731e+17,5.384609258184238e+18
