t(s),Total solute volume 1,Total retention volume 1,Total 1 volume 1,Total 2 volume 1,Total 3 volume 1,Total 4 volume 1,Total 5 volume 1,Total 6 volume 1
0,1.0410857772626118e+17,3.483124337949645e+20,1.4548167332142294e+16,1.8548032395571572e+16,1.8867514454044317e+17,1.3329512998585175e+18,3.0801531019758223e+19,3.158520715533496e+20
