t(s),Total solute volume 1,Total retention volume 1,Total 1 volume 1,Total 2 volume 1,Total 3 volume 1,Total 4 volume 1,Total 5 volume 1,Total 6 volume 1
0,5.549106202873219e+16,1.6581183493690716e+19,3574543289432606.5,3695067633789086.0,2.754146625622507e+16,1.2453317975156435e+17,1.726105363578649e+18,1.4640242811152503e+19
