t(s),Total solute volume 1,Total retention volume 1,Total 1 volume 1,Total 2 volume 1,Total 3 volume 1,Total 4 volume 1,Total 5 volume 1,Total 6 volume 1
0,1.0417779541760956e+19,2.956064993294886e+21,4.2060845695740917e+20,2.3786086414986547e+21,5.272659632573163e+19,2.3307003779468636e+19,1.7604422044828838e+19,5.279209314700863e+19
