t(s),Total solute volume 1,Total retention volume 1,Total 1 volume 1,Total 2 volume 1,Total 3 volume 1,Total 4 volume 1,Total 5 volume 1,Total 6 volume 1
0,2.69227699570376e+18,5.175540031090591e+21,2.0606897695457464e+19,7.758321800726443e+19,1.3695959239765131e+20,7.952218267739469e+20,1.0527194308733668e+21,3.0897567883470884e+21
