t(s),Total solute volume 1,Total retention volume 1,Total 1 volume 1,Total 2 volume 1,Total 3 volume 1,Total 4 volume 1,Total 5 volume 1,Total 6 volume 1
0,2.838052749429945e+17,2.757250832357036e+22,1.3626480534992328e+17,2.426887464870655e+17,3.6516787952029133e+18,4.362743785480615e+19,2.1225027782220956e+21,2.5402063669871012e+22
