t(s),Total solute volume 1,Total retention volume 1,Total 1 volume 1,Total 2 volume 1,Total 3 volume 1,Total 4 volume 1,Total 5 volume 1,Total 6 volume 1
0,5.859579698822926e+16,1.934168863348101e+19,4036115571689510.5,4248607036429529.5,3.0160414333193256e+16,1.2638306603882602e+17,1.790170117715687e+18,1.7328094515797408e+19
