t(s),Total solute volume 1,Total retention volume 1,Total 1 volume 1,Total 2 volume 1,Total 3 volume 1,Total 4 volume 1,Total 5 volume 1,Total 6 volume 1
0,1.4509118010472559e+19,3.001152506379796e+23,8.782046250079989e+20,5.232424008980733e+21,7.809333785768907e+22,7.435810512066983e+22,6.4200207253907584e+22,7.733846265370745e+22
