t(s),Total solute volume 1,Total retention volume 1,Total 1 volume 1,Total 2 volume 1,Total 3 volume 1,Total 4 volume 1,Total 5 volume 1,Total 6 volume 1
0,4.388031255538536e+18,2.50614122283544e+23,6.12580002685351e+19,2.7044583928840326e+20,1.08276817702272e+22,7.759047734383107e+22,7.843427780721389e+22,8.342559349145642e+22
