t(s),Total solute volume 1,Total retention volume 1,Total 1 volume 1,Total 2 volume 1,Total 3 volume 1,Total 4 volume 1,Total 5 volume 1,Total 6 volume 1
0,7.171273444608589e+17,1.2791320701013987e+23,1.0775438795249249e+18,2.613815739480852e+18,5.7378845399207354e+19,1.1393830639713141e+21,4.640539566721729e+22,8.030664094658942e+22
