t(s),Total solute volume 1,Total retention volume 1,Total 1 volume 1,Total 2 volume 1,Total 3 volume 1,Total 4 volume 1,Total 5 volume 1,Total 6 volume 1
0,1.4297083041559683e+17,3.2808183245811456e+18,2.9520321540870584e+16,4.183413466422628e+16,1348297770233084.2,3775680108085208.5,9.595506971219582e+16,2.9654139903699067e+18
