t(s),Total solute volume 1,Total retention volume 1,Total 1 volume 1,Total 2 volume 1,Total 3 volume 1,Total 4 volume 1,Total 5 volume 1,Total 6 volume 1
0,2.0660865705208714e+17,7.882350328694836e+17,6.711558540817307e+16,1.0753082620506754e+17,100603378738289.25,339610625091699.1,1.138360950905759e+16,3.951561406912714e+17
