t(s),Total solute volume 1,Total retention volume 1,Total 1 volume 1,Total 2 volume 1,Total 3 volume 1,Total 4 volume 1,Total 5 volume 1,Total 6 volume 1
0,5.859579698822926e+16,9.137425526380114e+16,4036115571689510.5,4248607036429529.5,51373281045162.5,90976081040874.81,1165987147375356.8,2.318539915799047e+16
