t(s),Total solute volume 1,Total retention volume 1,Total 1 volume 1,Total 2 volume 1,Total 3 volume 1,Total 4 volume 1,Total 5 volume 1,Total 6 volume 1
0,1.433399386980134e+18,6.324072006688647e+21,5.050972524890161e+18,1.5430230570377775e+19,3.1664752549132968e+19,2.656713243729037e+20,1.5047133417673256e+21,4.5001079855169347e+21
