t(s),Total solute volume 1,Total retention volume 1,Total 1 volume 1,Total 2 volume 1,Total 3 volume 1,Total 4 volume 1,Total 5 volume 1,Total 6 volume 1
0,8.413405339804337e+17,2.077994844903046e+19,1.5388438157429548e+18,3.9368564749678444e+18,1.7256247945189224e+16,1.170924257914513e+17,2.912039333686115e+18,1.1416519616916486e+19
