t(s),Total solute volume 1,Total retention volume 1,Total 1 volume 1,Total 2 volume 1,Total 3 volume 1,Total 4 volume 1,Total 5 volume 1,Total 6 volume 1
0,5.331000576703257e+17,1.4305651369262668e+20,5.560848088934841e+17,1.2219752934206108e+18,5.428013245697169e+16,2.9707114465421184e+17,1.4432501560528452e+19,1.2596150069500242e+20
