t(s),Total solute volume 1,Total retention volume 1,Total 1 volume 1,Total 2 volume 1,Total 3 volume 1,Total 4 volume 1,Total 5 volume 1,Total 6 volume 1
0,8.413405339804337e+17,1.1436491979555503e+23,1.5388438157429545e+18,3.9368564749678444e+18,8.318385513655806e+19,1.4763595628525044e+21,4.136829872680272e+22,7.143076060993995e+22
