t(s),Total solute volume 1,Total retention volume 1,Total 1 volume 1,Total 2 volume 1,Total 3 volume 1,Total 4 volume 1,Total 5 volume 1,Total 6 volume 1
0,1.0417779541760956e+19,2.4225557784037106e+22,4.2060845695740917e+20,2.3786086414986547e+21,7.435593333746693e+21,3.5803392206251025e+21,2.721253186096038e+21,7.6787371655715e+21
