t(s),Total solute volume 1,Total retention volume 1,Total 1 volume 1,Total 2 volume 1,Total 3 volume 1,Total 4 volume 1,Total 5 volume 1,Total 6 volume 1
0,5.549106202873219e+16,1.5876418543865183e+18,3574543289432606.5,3695067633789086.0,3410748565614591.5,6355566315102386.0,7.856441583391229e+16,1.4365504507199245e+18
