t(s),Total solute volume 1,Total retention volume 1,Total 1 volume 1,Total 2 volume 1,Total 3 volume 1,Total 4 volume 1,Total 5 volume 1,Total 6 volume 1
0,8.434622358698939e+16,3.385573706648241e+17,9096397638945638.0,1.0811486824468592e+16,258511643288157.75,552208744260892.5,9365322408782308.0,2.2412721981808726e+17
