t(s),Total solute volume 1,Total retention volume 1,Total 1 volume 1,Total 2 volume 1,Total 3 volume 1,Total 4 volume 1,Total 5 volume 1,Total 6 volume 1
0,4.999990884535286e+16,5.901833916151855e+16,2833151015773908.0,2828700406760326.5,9308913600485.432,15186349321912.137,172269662563096.44,3159813968145631.5
