t(s),Total solute volume 1,Total retention volume 1,Total 1 volume 1,Total 2 volume 1,Total 3 volume 1,Total 4 volume 1,Total 5 volume 1,Total 6 volume 1
0,5.549106202873219e+16,6.337987887863814e+16,3574543289432606.5,3695067633789086.0,1429893051609.2168,2460113346747.226,30234928308907.934,585080991977491.5
