t(s),Total solute volume 1,Total retention volume 1,Total 1 volume 1,Total 2 volume 1,Total 3 volume 1,Total 4 volume 1,Total 5 volume 1,Total 6 volume 1
0,1.4297083041559683e+17,1.5198962952862646e+21,2.9520321540870584e+16,4.183413466422628e+16,4.7966464974487264e+17,3.9693142746881853e+18,1.1679950246281657e+20,1.3984334886123864e+21
