t(s),Total solute volume 1,Total retention volume 1,Total 1 volume 1,Total 2 volume 1,Total 3 volume 1,Total 4 volume 1,Total 5 volume 1,Total 6 volume 1
0,2.0660865705208714e+17,2.5865871155923036e+20,6.711558540817307e+16,1.0753082620506754e+17,6.3109619255862264e+16,2.194892685188315e+17,7.372720248096203e+18,2.506221373546996e+20
