t(s),Total solute volume 1,Total retention volume 1,Total 1 volume 1,Total 2 volume 1,Total 3 volume 1,Total 4 volume 1,Total 5 volume 1,Total 6 volume 1
0,3.5908603530687936e+17,1.0007343164861567e+19,2.3031334757874176e+17,4.4365248646884774e+17,1776448237635791.2,7955116449063666.0,3.79666118840633e+17,8.584893611979772e+18
