t(s),Total solute volume 1,Total retention volume 1,Total 1 volume 1,Total 2 volume 1,Total 3 volume 1,Total 4 volume 1,Total 5 volume 1,Total 6 volume 1
0,2.5417881604872016e+17,1.3139507682608035e+20,1.0655456735803997e+17,1.8292710984074672e+17,2.5700958134649844e+16,9.709649263672771e+16,3.776712760235593e+18,1.2695190612182583e+20
