t(s),Total solute volume 1,Total retention volume 1,Total 1 volume 1,Total 2 volume 1,Total 3 volume 1,Total 4 volume 1,Total 5 volume 1,Total 6 volume 1
0,7.301727964015883e+19,7.2378599893893045e+22,2.7111952799558177e+22,4.446286275392808e+22,3.529227700937286e+20,9.453625310863201e+19,7.091442134373815e+19,2.1239361622024074e+20
