t(s),Total solute volume 1,Total retention volume 1,Total 1 volume 1,Total 2 volume 1,Total 3 volume 1,Total 4 volume 1,Total 5 volume 1,Total 6 volume 1
0,2.286764682938004e+17,3.228586084293319e+20,8.41666310503365e+16,1.3948910952252272e+17,6.9607610633437096e+16,2.5360161322074208e+17,9.167571256693674e+18,3.129154957399174e+20
