t(s),Total solute volume 1,Total retention volume 1,Total 1 volume 1,Total 2 volume 1,Total 3 volume 1,Total 4 volume 1,Total 5 volume 1,Total 6 volume 1
0,4.632802213684205e+19,4.681022833071823e+22,1.098131415173949e+22,3.5085054935044953e+22,3.358346448953935e+20,9.049084018498319e+19,6.78815341280857e+19,2.03324202589327e+20
