t(s),Total solute volume 1,Total retention volume 1,Total 1 volume 1,Total 2 volume 1,Total 3 volume 1,Total 4 volume 1,Total 5 volume 1,Total 6 volume 1
0,4.999990884535286e+16,5.6748655278198744e+16,2833151015773908.0,2828700406760326.5,3014560182002.9146,4916937888350.007,55775608765829.664,1023187903475798.8
