t(s),Total solute volume 1,Total retention volume 1,Total 1 volume 1,Total 2 volume 1,Total 3 volume 1,Total 4 volume 1,Total 5 volume 1,Total 6 volume 1
0,1.213101554250879e+17,1.5904717320904016e+20,2.046233060134811e+16,2.7452473202875316e+16,8.560881945551203e+16,2.721760274853266e+17,6.202683622797806e+18,1.523174797800711e+20
