t(s),Total solute volume 1,Total retention volume 1,Total 1 volume 1,Total 2 volume 1,Total 3 volume 1,Total 4 volume 1,Total 5 volume 1,Total 6 volume 1
0,3.184149623986931e+17,2.415916387993531e+20,1.761415583916261e+17,3.2597540298476077e+17,4.431507652594653e+16,1.8771025527063248e+17,8.428642393341042e+18,2.3211043915043927e+20
