t(s),Total solute volume 1,Total retention volume 1,Total 1 volume 1,Total 2 volume 1,Total 3 volume 1,Total 4 volume 1,Total 5 volume 1,Total 6 volume 1
0,6.9702016393038264e+16,6.756951967129819e+17,5944515532356725.0,6630186019767457.0,913164292532183.8,1784614897038032.5,2.6155783454634452e+16,5.6456491612361005e+17
