t(s),Total solute volume 1,Total retention volume 1,Total 1 volume 1,Total 2 volume 1,Total 3 volume 1,Total 4 volume 1,Total 5 volume 1,Total 6 volume 1
0,1.0417779541760956e+19,5.242078281636192e+21,4.2060845695740917e+20,2.3786086414986547e+21,8.724999360810996e+20,3.8921891430334536e+20,2.9417597691338313e+20,8.765485763405519e+20
