t(s),Total solute volume 1,Total retention volume 1,Total 1 volume 1,Total 2 volume 1,Total 3 volume 1,Total 4 volume 1,Total 5 volume 1,Total 6 volume 1
0,2.286764682938004e+17,5.563170355204804e+20,8.41666310503365e+16,1.3948910952252272e+17,1.1919625886497584e+17,4.420310196622285e+17,1.5999629809330029e+19,5.3930384622375685e+20
