t(s),Total solute volume 1,Total retention volume 1,Total 1 volume 1,Total 2 volume 1,Total 3 volume 1,Total 4 volume 1,Total 5 volume 1,Total 6 volume 1
0,8.413405339804337e+17,1.4132808360422981e+23,1.5388438157429548e+18,3.9368564749678444e+18,9.200841679027618e+19,1.970831124692522e+21,5.767104070972335e+22,8.158788631219866e+22
