t(s),Total solute volume 1,Total retention volume 1,Total 1 volume 1,Total 2 volume 1,Total 3 volume 1,Total 4 volume 1,Total 5 volume 1,Total 6 volume 1
0,7.171273444608589e+17,1.2293641394054814e+23,1.0775438795249249e+18,2.613815739480852e+18,5.633703125104975e+19,1.0767231180328539e+21,4.343376598291643e+22,7.836517932138512e+22
