t(s),Total solute volume 1,Total retention volume 1,Total 1 volume 1,Total 2 volume 1,Total 3 volume 1,Total 4 volume 1,Total 5 volume 1,Total 6 volume 1
0,8.413405339804337e+17,9.930686920049486e+22,1.538843815742955e+18,3.9368564749678444e+18,7.693948015155433e+19,1.2178091264293478e+21,3.3382833740132823e+22,6.462296981295706e+22
