t(s),Total solute volume 1,Total retention volume 1,Total 1 volume 1,Total 2 volume 1,Total 3 volume 1,Total 4 volume 1,Total 5 volume 1,Total 6 volume 1
0,7.412634750021373e+16,4.3684559267566664e+18,6819284532587502.0,7763492501330356.0,5800518980234985.0,1.2257838877382134e+16,1.8899378396691126e+17,4.072694660398104e+18
