t(s),Total solute volume 1,Total retention volume 1,Total 1 volume 1,Total 2 volume 1,Total 3 volume 1,Total 4 volume 1,Total 5 volume 1,Total 6 volume 1
0,2.1550923634800276e+18,8.423478799395675e+22,1.2543579337050872e+19,4.387601538914759e+19,9.29535275783774e+20,1.1720369133470066e+22,2.4500180759306243e+22,4.702612813830775e+22
