t(s),Total solute volume 1,Total retention volume 1,Total 1 volume 1,Total 2 volume 1,Total 3 volume 1,Total 4 volume 1,Total 5 volume 1,Total 6 volume 1
0,7.301727964015883e+19,7.846906391921956e+22,2.7111952799558177e+22,4.446286275392808e+22,3.272177180661879e+21,8.939460613301038e+20,6.715073304279317e+20,1.9836005136725065e+21
