t(s),Total solute volume 1,Total retention volume 1,Total 1 volume 1,Total 2 volume 1,Total 3 volume 1,Total 4 volume 1,Total 5 volume 1,Total 6 volume 1
0,6.5666411056726936e+16,1.374804298709573e+18,5203971956357368.0,5689972671683596.0,2201464040612759.8,4257334562394487.5,5.968481466675393e+16,1.2321003297550592e+18
