t(s),Total solute volume 1,Total retention volume 1,Total 1 volume 1,Total 2 volume 1,Total 3 volume 1,Total 4 volume 1,Total 5 volume 1,Total 6 volume 1
0,2.073332087427378e+19,3.1613923464530987e+22,1.9346913512456716e+21,1.1315073985465211e+22,8.305571485724931e+21,2.561760504125897e+21,1.9311683313149925e+21,5.544924485780267e+21
