t(s),Total solute volume 1,Total retention volume 1,Total 1 volume 1,Total 2 volume 1,Total 3 volume 1,Total 4 volume 1,Total 5 volume 1,Total 6 volume 1
0,3.41080351854199e+18,5.93806013590266e+22,3.4926673833597542e+19,1.42115214248461e+20,2.3835296478388394e+21,1.2909683917113256e+22,1.3336403564511023e+22,3.0570531537963325e+22
