t(s),Total solute volume 1,Total retention volume 1,Total 1 volume 1,Total 2 volume 1,Total 3 volume 1,Total 4 volume 1,Total 5 volume 1,Total 6 volume 1
0,7.412634750021373e+16,3.3645744370660567e+18,6819284532587502.0,7763492501330356.0,4463459961306500.5,9306138816643916.0,1.4334200446374531e+17,3.118753709290242e+18
