t(s),Total solute volume 1,Total retention volume 1,Total 1 volume 1,Total 2 volume 1,Total 3 volume 1,Total 4 volume 1,Total 5 volume 1,Total 6 volume 1
0,5.331000576703257e+17,4.653792432179938e+22,5.560848088934841e+17,1.2219752934206108e+18,1.4440960943585772e+19,1.3409511863537567e+20,6.847222396105964e+21,3.953985468595482e+22
