t(s),Total solute volume 1,Total retention volume 1,Total 1 volume 1,Total 2 volume 1,Total 3 volume 1,Total 4 volume 1,Total 5 volume 1,Total 6 volume 1
0,1.1886142573461043e+18,4.04283494489189e+19,3.3262845753212687e+18,9.547595689902217e+18,8.102082975086333e+16,6.246066129421004e+17,6.08570587567427e+18,1.957452160798221e+19
