t(s),Total solute volume 1,Total retention volume 1,Total 1 volume 1,Total 2 volume 1,Total 3 volume 1,Total 4 volume 1,Total 5 volume 1,Total 6 volume 1
0,7.412634750021373e+16,1.7643042185529133e+17,6819284532587502.0,7763492501330356.0,121563622684178.28,242902997046715.22,3730097446774849.5,8.362673325465152e+16
