t(s),Total solute volume 1,Total retention volume 1,Total 1 volume 1,Total 2 volume 1,Total 3 volume 1,Total 4 volume 1,Total 5 volume 1,Total 6 volume 1
0,2.838052749429945e+17,3.927474191132642e+19,1.3626480534992328e+17,2.426887464870655e+17,7144931736383611.0,2.8409940882355516e+16,1.1890660920080392e+18,3.738736211991974e+19
