t(s),Total solute volume 1,Total retention volume 1,Total 1 volume 1,Total 2 volume 1,Total 3 volume 1,Total 4 volume 1,Total 5 volume 1,Total 6 volume 1
0,1.0410857772626118e+17,4.084355923265265e+18,1.4548167332142294e+16,1.8548032395571572e+16,2996342487804365.0,7193835969314549.0,1.435039117247032e+17,3.793457055629459e+18
